sample_id,map_id,tx_id,ratio,sample_count,nmse,rmse_db,mae_db,time_sec,fig_path
s007_tx00,7,0,0.001,44,0.08860631538704508,10.48954633065782,7.3566613849859035,0.331881500000236,kriging_results_of_train\s007_tx00\map7_tx0_ratio0_0010.png
s007_tx06,7,6,0.001,44,0.14191576166607642,9.827212257911613,6.6617516096459175,0.33763230000022304,kriging_results_of_train\s007_tx06\map7_tx6_ratio0_0010.png
s007_tx07,7,7,0.001,44,0.08354277581188989,9.679905256143725,6.698986763924502,0.3640575000008539,kriging_results_of_train\s007_tx07\map7_tx7_ratio0_0010.png
s007_tx13,7,13,0.001,44,0.09657141456847629,9.774632587331228,6.71438496059609,0.33968890000051033,kriging_results_of_train\s007_tx13\map7_tx13_ratio0_0010.png
s007_tx20,7,20,0.001,44,0.10147294746117513,8.556071892045946,5.759644367561382,0.3454615999999078,kriging_results_of_train\s007_tx20\map7_tx20_ratio0_0010.png
s007_tx24,7,24,0.001,44,0.088092637796614,8.672056524553897,6.053196232003953,0.40851720000046043,kriging_results_of_train\s007_tx24\map7_tx24_ratio0_0010.png
s007_tx28,7,28,0.001,44,0.09261588255986779,9.120886007744568,6.329155737517127,0.3333446999995431,kriging_results_of_train\s007_tx28\map7_tx28_ratio0_0010.png
s007_tx36,7,36,0.001,44,0.0906815839782558,9.038252078143888,6.09423876977691,0.34024219999992056,kriging_results_of_train\s007_tx36\map7_tx36_ratio0_0010.png
s007_tx43,7,43,0.001,44,0.14188342848106233,11.681014612725765,7.526071030099969,0.33916470000076515,kriging_results_of_train\s007_tx43\map7_tx43_ratio0_0010.png
s007_tx44,7,44,0.001,44,0.0814872784490014,9.308428989552134,6.340359301519969,0.33744670000032784,kriging_results_of_train\s007_tx44\map7_tx44_ratio0_0010.png
s007_tx46,7,46,0.001,44,0.0977175132072415,10.483404472501736,6.972053491018039,0.3409438999997292,kriging_results_of_train\s007_tx46\map7_tx46_ratio0_0010.png
s007_tx49,7,49,0.001,44,0.08619698039912388,8.426207874857797,5.69638645487568,0.34700530000009167,kriging_results_of_train\s007_tx49\map7_tx49_ratio0_0010.png
s007_tx50,7,50,0.001,44,0.09093420814498974,9.712710962311931,6.667485867321295,0.3497151000001395,kriging_results_of_train\s007_tx50\map7_tx50_ratio0_0010.png
s007_tx52,7,52,0.001,44,0.07789430776413377,9.161507098132633,6.313977550160436,0.40716169999996055,kriging_results_of_train\s007_tx52\map7_tx52_ratio0_0010.png
s007_tx59,7,59,0.001,44,0.08408259787854626,9.56927637625391,6.738257438849495,0.47879530000045634,kriging_results_of_train\s007_tx59\map7_tx59_ratio0_0010.png
s007_tx67,7,67,0.001,44,0.08998435952286053,9.951534024253267,6.83591010969199,0.39522949999991397,kriging_results_of_train\s007_tx67\map7_tx67_ratio0_0010.png
s007_tx69,7,69,0.001,44,0.11928279429686629,9.04378585536685,6.423188050413498,0.3650899999993271,kriging_results_of_train\s007_tx69\map7_tx69_ratio0_0010.png
s007_tx73,7,73,0.001,44,0.09002793959149132,8.208720128903403,5.5583976669883794,0.3529543000004196,kriging_results_of_train\s007_tx73\map7_tx73_ratio0_0010.png
s007_tx76,7,76,0.001,44,0.09155867602443098,10.242468663539919,6.93316884237988,0.39285449999988487,kriging_results_of_train\s007_tx76\map7_tx76_ratio0_0010.png
s007_tx77,7,77,0.001,44,0.1111389678623918,9.03623807922191,6.366319371456198,0.36515439999948285,kriging_results_of_train\s007_tx77\map7_tx77_ratio0_0010.png
s014_tx01,14,1,0.001,46,0.07635688991844311,9.361459448451745,6.335185065654194,0.40484749999995984,kriging_results_of_train\s014_tx01\map14_tx1_ratio0_0010.png
s014_tx04,14,4,0.001,46,0.06177265912359948,9.070800050456842,6.139286560439448,0.3810888999996678,kriging_results_of_train\s014_tx04\map14_tx4_ratio0_0010.png
s014_tx05,14,5,0.001,46,0.08265168029737607,10.28806810671104,7.306670362393716,0.3588835000000472,kriging_results_of_train\s014_tx05\map14_tx5_ratio0_0010.png
s014_tx08,14,8,0.001,46,0.10374966460082166,9.535141327589765,6.5687337686354175,0.36442020000049524,kriging_results_of_train\s014_tx08\map14_tx8_ratio0_0010.png
s014_tx09,14,9,0.001,46,0.08301428561519326,10.377591223941286,7.288564843719905,0.38416119999965304,kriging_results_of_train\s014_tx09\map14_tx9_ratio0_0010.png
s014_tx20,14,20,0.001,46,0.08296430498136925,9.236243697069375,6.583089006109929,0.3667003000000477,kriging_results_of_train\s014_tx20\map14_tx20_ratio0_0010.png
s014_tx24,14,24,0.001,46,0.08946943219085157,9.02540822970798,6.158452428624742,0.36433320000014646,kriging_results_of_train\s014_tx24\map14_tx24_ratio0_0010.png
s014_tx25,14,25,0.001,46,0.09718869063654315,9.806022345775297,6.481958696978168,0.37251219999961904,kriging_results_of_train\s014_tx25\map14_tx25_ratio0_0010.png
s014_tx30,14,30,0.001,46,0.06518211326883738,9.876765507494655,6.7461416586825855,0.37897270000030403,kriging_results_of_train\s014_tx30\map14_tx30_ratio0_0010.png
s014_tx36,14,36,0.001,46,0.05914105515542992,8.995222701043064,5.989109627732474,0.36903459999939514,kriging_results_of_train\s014_tx36\map14_tx36_ratio0_0010.png
s014_tx41,14,41,0.001,46,0.10579017846887985,10.10288596548465,6.899510963667322,0.35696509999979753,kriging_results_of_train\s014_tx41\map14_tx41_ratio0_0010.png
s014_tx42,14,42,0.001,46,0.10658351297981772,10.130729569581003,6.844631218039439,0.3840878999999404,kriging_results_of_train\s014_tx42\map14_tx42_ratio0_0010.png
s014_tx44,14,44,0.001,46,0.06395340670935797,9.008707788655249,6.115731430702894,0.3698028999997405,kriging_results_of_train\s014_tx44\map14_tx44_ratio0_0010.png
s014_tx45,14,45,0.001,46,0.07244004424479512,9.919391562893138,7.067781651525143,0.34938360000069224,kriging_results_of_train\s014_tx45\map14_tx45_ratio0_0010.png
s014_tx48,14,48,0.001,46,0.05907160423734138,8.178885134855106,5.672160897719151,0.4178474999998798,kriging_results_of_train\s014_tx48\map14_tx48_ratio0_0010.png
s014_tx51,14,51,0.001,46,0.06134808836942568,8.731106633638742,6.1577506881216495,0.3712882999998328,kriging_results_of_train\s014_tx51\map14_tx51_ratio0_0010.png
s014_tx55,14,55,0.001,46,0.06364412204082524,8.442471687342719,5.6820335985764565,0.43113699999958044,kriging_results_of_train\s014_tx55\map14_tx55_ratio0_0010.png
s014_tx60,14,60,0.001,46,0.06314756244722906,9.323709200689137,6.377509792817431,0.34958069999993313,kriging_results_of_train\s014_tx60\map14_tx60_ratio0_0010.png
s014_tx76,14,76,0.001,46,0.09716609251367561,10.38098942887386,7.059667470677078,0.35025299999961135,kriging_results_of_train\s014_tx76\map14_tx76_ratio0_0010.png
s014_tx77,14,77,0.001,46,0.06714427482074967,9.57830471508478,6.606728166384697,0.37032079999971756,kriging_results_of_train\s014_tx77\map14_tx77_ratio0_0010.png
s030_tx01,30,1,0.001,44,0.06499858244902414,7.820971668300546,5.575318721284284,0.32909620000009454,kriging_results_of_train\s030_tx01\map30_tx1_ratio0_0010.png
s030_tx08,30,8,0.001,44,0.08382068347769722,8.922664638708847,5.952012756288653,0.31902979999995296,kriging_results_of_train\s030_tx08\map30_tx8_ratio0_0010.png
s030_tx11,30,11,0.001,44,0.09025210118795456,9.065531546028218,6.135159697644823,0.3303941999993185,kriging_results_of_train\s030_tx11\map30_tx11_ratio0_0010.png
s030_tx19,30,19,0.001,44,0.06345836725888522,8.779853814013158,5.711285833681792,0.3432377999997698,kriging_results_of_train\s030_tx19\map30_tx19_ratio0_0010.png
s030_tx23,30,23,0.001,44,0.09526778763487717,8.59964479086482,5.663948699167265,0.34819320000042353,kriging_results_of_train\s030_tx23\map30_tx23_ratio0_0010.png
s030_tx24,30,24,0.001,44,0.0803024261031802,8.89778050514772,5.753992995685489,0.35108239999954094,kriging_results_of_train\s030_tx24\map30_tx24_ratio0_0010.png
s030_tx25,30,25,0.001,44,0.0783565332891927,9.39441013616622,6.297819909977878,0.3391494999996212,kriging_results_of_train\s030_tx25\map30_tx25_ratio0_0010.png
s030_tx27,30,27,0.001,44,0.06839342221046793,7.676856952321222,4.946695063207787,0.3325684999999794,kriging_results_of_train\s030_tx27\map30_tx27_ratio0_0010.png
s030_tx28,30,28,0.001,44,0.0835109235554768,10.330640892285786,6.987231645433524,0.33454509999955917,kriging_results_of_train\s030_tx28\map30_tx28_ratio0_0010.png
s030_tx33,30,33,0.001,44,0.0538681378183919,8.21804281619622,5.169023872469965,0.33108379999976023,kriging_results_of_train\s030_tx33\map30_tx33_ratio0_0010.png
s030_tx34,30,34,0.001,44,0.06566582779172205,8.105270269691786,5.1862623199531726,0.3498749999998836,kriging_results_of_train\s030_tx34\map30_tx34_ratio0_0010.png
s030_tx37,30,37,0.001,44,0.09838581056475487,8.764481055479793,5.965570886298744,0.33102379999945697,kriging_results_of_train\s030_tx37\map30_tx37_ratio0_0010.png
s030_tx38,30,38,0.001,44,0.06916815035223989,7.4915402506303845,4.879359399263182,0.3408942999994906,kriging_results_of_train\s030_tx38\map30_tx38_ratio0_0010.png
s030_tx46,30,46,0.001,44,0.0753572966319129,9.088767238252487,5.760236200386114,0.32406970000010915,kriging_results_of_train\s030_tx46\map30_tx46_ratio0_0010.png
s030_tx51,30,51,0.001,44,0.07002552448947637,9.307182274727902,6.252374508299343,0.3297425000000658,kriging_results_of_train\s030_tx51\map30_tx51_ratio0_0010.png
s030_tx70,30,70,0.001,44,0.05950069497798559,8.559297478239886,5.549513270829377,0.325304199999664,kriging_results_of_train\s030_tx70\map30_tx70_ratio0_0010.png
s030_tx72,30,72,0.001,44,0.08109621510971464,8.839449409252435,5.87753973580996,0.3413741000003938,kriging_results_of_train\s030_tx72\map30_tx72_ratio0_0010.png
s030_tx73,30,73,0.001,44,0.0738417688946494,8.267547629418639,5.954175069220942,0.3341608000000633,kriging_results_of_train\s030_tx73\map30_tx73_ratio0_0010.png
s030_tx78,30,78,0.001,44,0.08124363566616331,7.955506696155882,5.008526256322279,0.3318258999997852,kriging_results_of_train\s030_tx78\map30_tx78_ratio0_0010.png
s030_tx79,30,79,0.001,44,0.07546992748773101,8.978937186297001,5.720899503852146,0.3233125000006112,kriging_results_of_train\s030_tx79\map30_tx79_ratio0_0010.png
s034_tx19,34,19,0.001,40,0.10107508604216896,9.082592683867146,6.001737750053646,0.35199740000007296,kriging_results_of_train\s034_tx19\map34_tx19_ratio0_0010.png
s034_tx20,34,20,0.001,40,0.09498628368916007,10.46806317353319,7.4042662446996355,0.32827550000001793,kriging_results_of_train\s034_tx20\map34_tx20_ratio0_0010.png
s034_tx21,34,21,0.001,40,0.09868762889623463,9.879997445817647,6.831586564412322,0.3228495000003022,kriging_results_of_train\s034_tx21\map34_tx21_ratio0_0010.png
s034_tx22,34,22,0.001,40,0.09548947720592449,10.675850160994592,7.746867087359636,0.5876316000003499,kriging_results_of_train\s034_tx22\map34_tx22_ratio0_0010.png
s034_tx29,34,29,0.001,40,0.08230496158333872,9.909647625050168,7.036393226798284,0.29271629999948345,kriging_results_of_train\s034_tx29\map34_tx29_ratio0_0010.png
s034_tx30,34,30,0.001,40,0.09947608787465463,9.048103318810831,5.9495047434133035,0.3120521999999255,kriging_results_of_train\s034_tx30\map34_tx30_ratio0_0010.png
s034_tx36,34,36,0.001,40,0.10586198268200152,9.583304492854303,6.323985729894439,0.3013375000000451,kriging_results_of_train\s034_tx36\map34_tx36_ratio0_0010.png
s034_tx37,34,37,0.001,40,0.10088127540215376,10.210820265082637,6.734867904590114,0.30736549999983254,kriging_results_of_train\s034_tx37\map34_tx37_ratio0_0010.png
s034_tx48,34,48,0.001,40,0.09842452268098885,10.176734297726348,7.482272701997947,0.31633570000030886,kriging_results_of_train\s034_tx48\map34_tx48_ratio0_0010.png
s034_tx49,34,49,0.001,40,0.09439113088059245,10.52787639520748,7.349227609929647,0.3129779000000781,kriging_results_of_train\s034_tx49\map34_tx49_ratio0_0010.png
s034_tx50,34,50,0.001,40,0.10671627002614555,9.906305746407167,6.6923865957041695,0.2790589000005639,kriging_results_of_train\s034_tx50\map34_tx50_ratio0_0010.png
s034_tx55,34,55,0.001,40,0.08931225982016877,9.327111966930946,6.2895437344777445,0.3098401000006561,kriging_results_of_train\s034_tx55\map34_tx55_ratio0_0010.png
s034_tx56,34,56,0.001,40,0.0918540626622499,8.684885240698494,5.7557633959493915,0.2854463999992731,kriging_results_of_train\s034_tx56\map34_tx56_ratio0_0010.png
s034_tx58,34,58,0.001,40,0.09007195318586632,9.006561148913294,6.244860452325045,0.31226689999948576,kriging_results_of_train\s034_tx58\map34_tx58_ratio0_0010.png
s034_tx66,34,66,0.001,40,0.11658720115395231,10.098895269429311,6.847223832125391,0.29328929999974207,kriging_results_of_train\s034_tx66\map34_tx66_ratio0_0010.png
s034_tx69,34,69,0.001,40,0.08011597499416061,9.56912386721142,6.751346927453672,0.3025127999999313,kriging_results_of_train\s034_tx69\map34_tx69_ratio0_0010.png
s034_tx73,34,73,0.001,40,0.09694671313929275,9.275177349120908,6.421122882265964,0.2939583000006678,kriging_results_of_train\s034_tx73\map34_tx73_ratio0_0010.png
s034_tx74,34,74,0.001,40,0.1186992393094097,9.81399842995619,6.714521154504022,0.3062802999993437,kriging_results_of_train\s034_tx74\map34_tx74_ratio0_0010.png
s034_tx76,34,76,0.001,40,0.10923925036652819,8.95845316838404,6.082251903112427,0.29950970000027155,kriging_results_of_train\s034_tx76\map34_tx76_ratio0_0010.png
s034_tx78,34,78,0.001,40,0.11279295899155103,10.156656430245809,6.737219330264134,0.3234814000006736,kriging_results_of_train\s034_tx78\map34_tx78_ratio0_0010.png
s048_tx04,48,4,0.001,43,0.10355757690165905,8.789150652674927,6.01212207633564,0.3348337999996147,kriging_results_of_train\s048_tx04\map48_tx4_ratio0_0010.png
s048_tx07,48,7,0.001,43,0.10046708929747651,9.79216826060456,6.439369619953792,0.33635790000062116,kriging_results_of_train\s048_tx07\map48_tx7_ratio0_0010.png
s048_tx11,48,11,0.001,43,0.06433245933734563,8.838465981350293,5.9427148086775485,0.34070470000006026,kriging_results_of_train\s048_tx11\map48_tx11_ratio0_0010.png
s048_tx13,48,13,0.001,43,0.06602062582545029,9.198189506060151,6.259903240359432,0.3315167000000656,kriging_results_of_train\s048_tx13\map48_tx13_ratio0_0010.png
s048_tx17,48,17,0.001,43,0.09303297507093969,8.27376849977154,5.682424285049559,0.33632570000008855,kriging_results_of_train\s048_tx17\map48_tx17_ratio0_0010.png
s048_tx19,48,19,0.001,43,0.07089240498422827,9.137557265979959,6.4541162855701755,0.3173640000004525,kriging_results_of_train\s048_tx19\map48_tx19_ratio0_0010.png
s048_tx27,48,27,0.001,43,0.07058148871239134,8.620043765822098,5.835866042856692,0.34003889999985404,kriging_results_of_train\s048_tx27\map48_tx27_ratio0_0010.png
s048_tx35,48,35,0.001,43,0.08798473547366457,9.31379171612148,6.213969556344588,0.34509609999986424,kriging_results_of_train\s048_tx35\map48_tx35_ratio0_0010.png
s048_tx36,48,36,0.001,43,0.08487615787402811,9.243952759058583,6.571418607984928,0.3310884000002261,kriging_results_of_train\s048_tx36\map48_tx36_ratio0_0010.png
s048_tx40,48,40,0.001,43,0.07884757004326853,9.532378153125451,6.39910509213349,0.3408703000004607,kriging_results_of_train\s048_tx40\map48_tx40_ratio0_0010.png
s048_tx46,48,46,0.001,43,0.07605957987382088,9.022073132350137,5.952324818163517,0.34737240000049496,kriging_results_of_train\s048_tx46\map48_tx46_ratio0_0010.png
s048_tx48,48,48,0.001,43,0.07407685243635505,9.661132358998543,6.852276416485181,0.36175399999956426,kriging_results_of_train\s048_tx48\map48_tx48_ratio0_0010.png
s048_tx60,48,60,0.001,43,0.0706326754763774,9.229287415839742,6.461997914951789,0.34292379999988043,kriging_results_of_train\s048_tx60\map48_tx60_ratio0_0010.png
s048_tx61,48,61,0.001,43,0.07048125198039606,9.431462321811763,6.599968900995525,0.33477799999946,kriging_results_of_train\s048_tx61\map48_tx61_ratio0_0010.png
s048_tx63,48,63,0.001,43,0.09807361747971646,9.759376586396721,6.596351897166655,0.33616340000025957,kriging_results_of_train\s048_tx63\map48_tx63_ratio0_0010.png
s048_tx67,48,67,0.001,43,0.06774590591685554,9.157865133490912,6.137373645235117,0.3502354000002015,kriging_results_of_train\s048_tx67\map48_tx67_ratio0_0010.png
s048_tx70,48,70,0.001,43,0.11176244613517906,10.754263552622996,7.294469223385018,0.35134580000067217,kriging_results_of_train\s048_tx70\map48_tx70_ratio0_0010.png
s048_tx71,48,71,0.001,43,0.10687878630017518,9.870170038412217,6.61461133303269,0.32625199999984034,kriging_results_of_train\s048_tx71\map48_tx71_ratio0_0010.png
s048_tx73,48,73,0.001,43,0.0701675597463231,7.425771437440766,4.786350029372835,0.32206200000018725,kriging_results_of_train\s048_tx73\map48_tx73_ratio0_0010.png
s048_tx78,48,78,0.001,43,0.0803134702837531,9.18233977580635,6.276852794484607,0.34057880000000296,kriging_results_of_train\s048_tx78\map48_tx78_ratio0_0010.png
s056_tx01,56,1,0.001,40,0.10455041255768716,9.365731223517631,6.6587788154271825,0.31173069999931613,kriging_results_of_train\s056_tx01\map56_tx1_ratio0_0010.png
s056_tx08,56,8,0.001,40,0.13061112451241821,11.290507229921324,7.899675676120744,0.30879860000004555,kriging_results_of_train\s056_tx08\map56_tx8_ratio0_0010.png
s056_tx09,56,9,0.001,40,0.1146220320809942,10.71500237830128,7.544946089137472,0.316379699999743,kriging_results_of_train\s056_tx09\map56_tx9_ratio0_0010.png
s056_tx16,56,16,0.001,40,0.10184132611275838,9.125122332838705,5.9506140629482935,0.7195025000000896,kriging_results_of_train\s056_tx16\map56_tx16_ratio0_0010.png
s056_tx18,56,18,0.001,40,0.12950257395748188,8.920031879857516,6.312212199471638,0.3177163999998811,kriging_results_of_train\s056_tx18\map56_tx18_ratio0_0010.png
s056_tx22,56,22,0.001,40,0.12520382987117176,11.08329703556173,8.002420263029498,0.3095359999997527,kriging_results_of_train\s056_tx22\map56_tx22_ratio0_0010.png
s056_tx24,56,24,0.001,40,0.10974619217333094,10.692667367171811,7.570789405500319,0.30643979999967996,kriging_results_of_train\s056_tx24\map56_tx24_ratio0_0010.png
s056_tx29,56,29,0.001,40,0.14192642762556645,11.284688646988325,8.03133176988171,0.3191102000000683,kriging_results_of_train\s056_tx29\map56_tx29_ratio0_0010.png
s056_tx33,56,33,0.001,40,0.11816089500318275,11.06596730824593,8.043518332375854,0.3073939000005339,kriging_results_of_train\s056_tx33\map56_tx33_ratio0_0010.png
s056_tx34,56,34,0.001,40,0.09682071790341852,10.140739308180622,7.375814370497629,0.2985242999993716,kriging_results_of_train\s056_tx34\map56_tx34_ratio0_0010.png
s056_tx35,56,35,0.001,40,0.09743025009545346,9.421931440607644,6.453841077400354,0.3113820999997188,kriging_results_of_train\s056_tx35\map56_tx35_ratio0_0010.png
s056_tx37,56,37,0.001,40,0.09957778910365103,10.29451261610602,7.665212695868271,0.3197991000006368,kriging_results_of_train\s056_tx37\map56_tx37_ratio0_0010.png
s056_tx45,56,45,0.001,40,0.10059958028696757,10.517817812351407,7.627927441556096,0.293029800000113,kriging_results_of_train\s056_tx45\map56_tx45_ratio0_0010.png
s056_tx46,56,46,0.001,40,0.13621092426334255,10.695479138080692,6.995646674762506,0.3128623000002335,kriging_results_of_train\s056_tx46\map56_tx46_ratio0_0010.png
s056_tx54,56,54,0.001,40,0.15397917019153864,9.363575980149994,6.8720769085850995,0.3147300999999061,kriging_results_of_train\s056_tx54\map56_tx54_ratio0_0010.png
s056_tx55,56,55,0.001,40,0.11265917934400206,9.100473060712503,6.579425705262913,0.29412690000026487,kriging_results_of_train\s056_tx55\map56_tx55_ratio0_0010.png
s056_tx60,56,60,0.001,40,0.09234324655100425,9.9834386752302,7.325006068702034,0.3175243000005139,kriging_results_of_train\s056_tx60\map56_tx60_ratio0_0010.png
s056_tx65,56,65,0.001,40,0.1061521257270737,10.309782223581895,7.191003654965969,0.30405939999945986,kriging_results_of_train\s056_tx65\map56_tx65_ratio0_0010.png
s056_tx73,56,73,0.001,40,0.09928354829919388,9.171345894815385,6.365855312970474,0.3176121000005878,kriging_results_of_train\s056_tx73\map56_tx73_ratio0_0010.png
s056_tx75,56,75,0.001,40,0.11544529612745,11.257155119905317,8.002313915687271,0.3083197999994809,kriging_results_of_train\s056_tx75\map56_tx75_ratio0_0010.png
s061_tx02,61,2,0.001,51,0.03140882608946039,7.267288335641853,3.9953659609826175,0.42781490000015765,kriging_results_of_train\s061_tx02\map61_tx2_ratio0_0010.png
s061_tx04,61,4,0.001,51,0.038778645047649815,8.390233284865657,4.747566681853808,0.42015039999932924,kriging_results_of_train\s061_tx04\map61_tx4_ratio0_0010.png
s061_tx08,61,8,0.001,51,0.02556944920442453,7.002506317750899,4.426283210848652,0.42017029999988154,kriging_results_of_train\s061_tx08\map61_tx8_ratio0_0010.png
s061_tx11,61,11,0.001,51,0.027836435231710317,7.356813787826533,4.607532517435402,0.43729760000042006,kriging_results_of_train\s061_tx11\map61_tx11_ratio0_0010.png
s061_tx17,61,17,0.001,51,0.031775579576924035,7.056223631904515,4.531091732115615,0.43898129999979574,kriging_results_of_train\s061_tx17\map61_tx17_ratio0_0010.png
s061_tx19,61,19,0.001,51,0.03762455179979058,8.286997275273887,4.72839819300053,0.3939972000007401,kriging_results_of_train\s061_tx19\map61_tx19_ratio0_0010.png
s061_tx20,61,20,0.001,51,0.02601996878678254,6.9914414759896015,4.103828731435788,0.4455400999995618,kriging_results_of_train\s061_tx20\map61_tx20_ratio0_0010.png
s061_tx23,61,23,0.001,51,0.021927128400441618,6.472519271729122,4.089193177498817,0.4294089000004533,kriging_results_of_train\s061_tx23\map61_tx23_ratio0_0010.png
s061_tx40,61,40,0.001,51,0.03153288978055656,6.9912775160182745,4.45078958423384,0.39444739999999,kriging_results_of_train\s061_tx40\map61_tx40_ratio0_0010.png
s061_tx41,61,41,0.001,51,0.033512111801628615,7.055314747837661,4.456775951389287,0.41401350000069215,kriging_results_of_train\s061_tx41\map61_tx41_ratio0_0010.png
s061_tx45,61,45,0.001,51,0.03767080760328956,7.888476060352088,4.405436866810868,0.3994996999999785,kriging_results_of_train\s061_tx45\map61_tx45_ratio0_0010.png
s061_tx46,61,46,0.001,51,0.024166787154121284,6.796791337219342,4.375540473030874,0.4161157999997158,kriging_results_of_train\s061_tx46\map61_tx46_ratio0_0010.png
s061_tx48,61,48,0.001,51,0.021103187873907803,6.338401261769008,3.839777539324117,0.3920395000004646,kriging_results_of_train\s061_tx48\map61_tx48_ratio0_0010.png
s061_tx50,61,50,0.001,51,0.03639085480262858,7.309403222853504,4.376078487186056,0.41179940000074566,kriging_results_of_train\s061_tx50\map61_tx50_ratio0_0010.png
s061_tx52,61,52,0.001,51,0.038516400282093785,7.754829139085078,4.6419288446739095,0.3842304999998305,kriging_results_of_train\s061_tx52\map61_tx52_ratio0_0010.png
s061_tx55,61,55,0.001,51,0.030930211223246507,7.103098603497074,4.20483523108832,0.4102707999991253,kriging_results_of_train\s061_tx55\map61_tx55_ratio0_0010.png
s061_tx58,61,58,0.001,51,0.049729137904836476,7.055523678355656,4.101256739731904,0.4011999000003925,kriging_results_of_train\s061_tx58\map61_tx58_ratio0_0010.png
s061_tx61,61,61,0.001,51,0.04974919904927641,6.981931576843231,4.116437892817591,0.4215913999996701,kriging_results_of_train\s061_tx61\map61_tx61_ratio0_0010.png
s061_tx68,61,68,0.001,51,0.05506914767319555,7.181378807777227,4.258996980397602,0.43451160000040545,kriging_results_of_train\s061_tx68\map61_tx68_ratio0_0010.png
s061_tx70,61,70,0.001,51,0.024957170629152026,6.7931003659186455,3.915056411772866,0.40064239999992424,kriging_results_of_train\s061_tx70\map61_tx70_ratio0_0010.png
s066_tx02,66,2,0.001,51,0.029826372311111172,7.171871426864985,4.181754386976015,0.43623399999978574,kriging_results_of_train\s066_tx02\map66_tx2_ratio0_0010.png
s066_tx10,66,10,0.001,51,0.024486145796388487,7.239340534675281,4.122946089956643,0.4330110999999306,kriging_results_of_train\s066_tx10\map66_tx10_ratio0_0010.png
s066_tx16,66,16,0.001,51,0.02751180454298729,7.474087251167735,4.351068164270753,0.41393129999960365,kriging_results_of_train\s066_tx16\map66_tx16_ratio0_0010.png
s066_tx19,66,19,0.001,51,0.024304860598136118,7.182212822760067,3.922627350168317,0.4143648999997822,kriging_results_of_train\s066_tx19\map66_tx19_ratio0_0010.png
s066_tx20,66,20,0.001,51,0.0308223609365727,7.701370732921161,4.404864226047824,0.4343889000001582,kriging_results_of_train\s066_tx20\map66_tx20_ratio0_0010.png
s066_tx22,66,22,0.001,51,0.024120632939373426,7.084050867196592,4.05253252825125,0.41667280000001483,kriging_results_of_train\s066_tx22\map66_tx22_ratio0_0010.png
s066_tx29,66,29,0.001,51,0.02869662972134388,7.001785651172663,4.404570588798803,0.391793100000541,kriging_results_of_train\s066_tx29\map66_tx29_ratio0_0010.png
s066_tx32,66,32,0.001,51,0.02518656004685937,7.039259814895561,4.189483874290147,0.419912899999872,kriging_results_of_train\s066_tx32\map66_tx32_ratio0_0010.png
s066_tx33,66,33,0.001,51,0.02515687742704011,7.28998189090929,4.270454251910457,0.41033299999980954,kriging_results_of_train\s066_tx33\map66_tx33_ratio0_0010.png
s066_tx45,66,45,0.001,51,0.022078096309933428,6.702854069137116,3.9766617152738655,0.39578529999926104,kriging_results_of_train\s066_tx45\map66_tx45_ratio0_0010.png
s066_tx52,66,52,0.001,51,0.025324768693436674,7.018254963671326,4.233987467318768,0.4162629000002198,kriging_results_of_train\s066_tx52\map66_tx52_ratio0_0010.png
s066_tx57,66,57,0.001,51,0.031720237955974825,7.668572158657907,4.587163174112173,0.3846022999996421,kriging_results_of_train\s066_tx57\map66_tx57_ratio0_0010.png
s066_tx58,66,58,0.001,51,0.023989862023451086,7.108993112394192,4.072381462395321,0.38967390000016167,kriging_results_of_train\s066_tx58\map66_tx58_ratio0_0010.png
s066_tx60,66,60,0.001,51,0.021384498812004875,6.624278741218035,3.789931017045723,0.4091557000001558,kriging_results_of_train\s066_tx60\map66_tx60_ratio0_0010.png
s066_tx61,66,61,0.001,51,0.026644665350801372,7.418817311280035,4.42741437131416,0.41997059999994235,kriging_results_of_train\s066_tx61\map66_tx61_ratio0_0010.png
s066_tx63,66,63,0.001,51,0.031474199445171096,7.759954247577851,4.6507903760634965,0.3929476999992403,kriging_results_of_train\s066_tx63\map66_tx63_ratio0_0010.png
s066_tx68,66,68,0.001,51,0.03318165908863889,7.837227862422639,4.446804320719998,0.4086957999998049,kriging_results_of_train\s066_tx68\map66_tx68_ratio0_0010.png
s066_tx70,66,70,0.001,51,0.019947850007532505,6.385960838070811,3.8166669004470957,0.4241630999995323,kriging_results_of_train\s066_tx70\map66_tx70_ratio0_0010.png
s066_tx74,66,74,0.001,51,0.027151100658367885,7.441925819219223,4.547808045892578,0.4249320999997508,kriging_results_of_train\s066_tx74\map66_tx74_ratio0_0010.png
s066_tx78,66,78,0.001,51,0.03925053267921884,8.27416122701163,4.676812241215054,0.4080533000005744,kriging_results_of_train\s066_tx78\map66_tx78_ratio0_0010.png
s080_tx03,80,3,0.001,46,0.03920754280113863,6.946414285250609,4.35764401761775,0.3753426000002946,kriging_results_of_train\s080_tx03\map80_tx3_ratio0_0010.png
s080_tx05,80,5,0.001,46,0.0433725132540063,8.010770374822524,5.151465168214874,0.37149479999970936,kriging_results_of_train\s080_tx05\map80_tx5_ratio0_0010.png
s080_tx08,80,8,0.001,46,0.04720410565466469,7.1541703617101176,4.582546231887555,0.3676628000002893,kriging_results_of_train\s080_tx08\map80_tx8_ratio0_0010.png
s080_tx11,80,11,0.001,46,0.04243491898314545,7.505753177428473,4.8835780536502975,0.36628139999993437,kriging_results_of_train\s080_tx11\map80_tx11_ratio0_0010.png
s080_tx16,80,16,0.001,46,0.04437890611051101,7.2633988751982015,4.394987106697126,0.3511340000004566,kriging_results_of_train\s080_tx16\map80_tx16_ratio0_0010.png
s080_tx18,80,18,0.001,46,0.04185138259740844,7.789175514000311,4.7689889438363195,0.3570174999995288,kriging_results_of_train\s080_tx18\map80_tx18_ratio0_0010.png
s080_tx19,80,19,0.001,46,0.043459391479550975,7.003546718651535,4.401286239944733,0.3739770000001954,kriging_results_of_train\s080_tx19\map80_tx19_ratio0_0010.png
s080_tx29,80,29,0.001,46,0.04520326282874497,8.383714943028394,5.43717242906357,0.3740415000002031,kriging_results_of_train\s080_tx29\map80_tx29_ratio0_0010.png
s080_tx38,80,38,0.001,46,0.05208368176212164,7.706780520573696,4.804487387128098,0.3431639999998879,kriging_results_of_train\s080_tx38\map80_tx38_ratio0_0010.png
s080_tx40,80,40,0.001,46,0.037677521715928225,7.038887443629153,4.155062087169545,0.3747902000004615,kriging_results_of_train\s080_tx40\map80_tx40_ratio0_0010.png
s080_tx51,80,51,0.001,46,0.051200447969724304,7.770878517656242,5.0395541855887656,0.3433891999993648,kriging_results_of_train\s080_tx51\map80_tx51_ratio0_0010.png
s080_tx58,80,58,0.001,46,0.04719701126654653,7.16259092600023,4.648869170055822,0.3781000999997559,kriging_results_of_train\s080_tx58\map80_tx58_ratio0_0010.png
s080_tx61,80,61,0.001,46,0.05312682883743395,7.408735322772305,4.754978789030276,0.3621400000001813,kriging_results_of_train\s080_tx61\map80_tx61_ratio0_0010.png
s080_tx63,80,63,0.001,46,0.053917792552021684,7.944130172957449,5.1984946600891755,0.3600178999995478,kriging_results_of_train\s080_tx63\map80_tx63_ratio0_0010.png
s080_tx72,80,72,0.001,46,0.058713617984476975,7.00569816866636,4.238704351630766,0.3530118999997285,kriging_results_of_train\s080_tx72\map80_tx72_ratio0_0010.png
s080_tx73,80,73,0.001,46,0.04508488623324294,7.962753649605707,4.9864206996840705,0.3742646999999124,kriging_results_of_train\s080_tx73\map80_tx73_ratio0_0010.png
s080_tx74,80,74,0.001,46,0.048379169137907456,8.308128635416114,5.4526158443889035,0.34315890000016225,kriging_results_of_train\s080_tx74\map80_tx74_ratio0_0010.png
s080_tx75,80,75,0.001,46,0.04276562087643372,7.89517172393498,5.015937152125001,0.3716714000001957,kriging_results_of_train\s080_tx75\map80_tx75_ratio0_0010.png
s080_tx76,80,76,0.001,46,0.047163788533711754,8.058200801845418,5.29803026162077,0.3510930999991615,kriging_results_of_train\s080_tx76\map80_tx76_ratio0_0010.png
s080_tx79,80,79,0.001,46,0.04271135584924081,7.984203051829666,5.164582684691615,0.33270030000039696,kriging_results_of_train\s080_tx79\map80_tx79_ratio0_0010.png
s094_tx04,94,4,0.001,61,0.005887116115084741,3.5271188255638752,1.7901716848013132,0.509391699999469,kriging_results_of_train\s094_tx04\map94_tx4_ratio0_0010.png
s094_tx09,94,9,0.001,61,0.006569949424031314,3.9146257113519893,2.11528153384801,0.5006895999995322,kriging_results_of_train\s094_tx09\map94_tx9_ratio0_0010.png
s094_tx12,94,12,0.001,61,0.0208226522278041,5.882544069243584,2.9181103338043943,0.5216816000001927,kriging_results_of_train\s094_tx12\map94_tx12_ratio0_0010.png
s094_tx15,94,15,0.001,61,0.005170490773302928,3.5238540206831526,1.8487849041861422,0.5157534999998461,kriging_results_of_train\s094_tx15\map94_tx15_ratio0_0010.png
s094_tx17,94,17,0.001,61,0.007328014545113888,4.0853424783755745,2.1372063401975447,0.537347100000261,kriging_results_of_train\s094_tx17\map94_tx17_ratio0_0010.png
s094_tx19,94,19,0.001,61,0.005098162160342871,3.4932466045587236,1.7815296917966297,0.5130027000004702,kriging_results_of_train\s094_tx19\map94_tx19_ratio0_0010.png
s094_tx23,94,23,0.001,61,0.006699187751500374,3.927818224147034,2.1152267400920857,0.5001151000005848,kriging_results_of_train\s094_tx23\map94_tx23_ratio0_0010.png
s094_tx24,94,24,0.001,61,0.00644604664135295,3.7795242931971766,1.9451303658891164,0.5338607000003321,kriging_results_of_train\s094_tx24\map94_tx24_ratio0_0010.png
s094_tx27,94,27,0.001,61,0.005768678425338228,3.6771788131596197,1.9157289996228526,0.5151135999994949,kriging_results_of_train\s094_tx27\map94_tx27_ratio0_0010.png
s094_tx30,94,30,0.001,61,0.005432328261312946,3.574368728668662,1.869625325057041,0.5160309000002599,kriging_results_of_train\s094_tx30\map94_tx30_ratio0_0010.png
s094_tx36,94,36,0.001,61,0.005518722295588243,3.6143197286159436,1.8427839084170201,0.5300342999998975,kriging_results_of_train\s094_tx36\map94_tx36_ratio0_0010.png
s094_tx41,94,41,0.001,61,0.006714765172180927,3.9697079438623546,2.0045837533161297,0.5527265999999145,kriging_results_of_train\s094_tx41\map94_tx41_ratio0_0010.png
s094_tx43,94,43,0.001,61,0.007671529012743073,4.124587153558454,2.155422553964112,0.5204158000005918,kriging_results_of_train\s094_tx43\map94_tx43_ratio0_0010.png
s094_tx46,94,46,0.001,61,0.005208306179953712,3.566787872151647,1.8837750325688574,0.49519920000057027,kriging_results_of_train\s094_tx46\map94_tx46_ratio0_0010.png
s094_tx48,94,48,0.001,61,0.00992901168715883,4.682799697642624,2.1743825607078016,0.5141537999998036,kriging_results_of_train\s094_tx48\map94_tx48_ratio0_0010.png
s094_tx50,94,50,0.001,61,0.007483803569651717,4.126260267761859,2.124793059173493,0.5235823000002711,kriging_results_of_train\s094_tx50\map94_tx50_ratio0_0010.png
s094_tx56,94,56,0.001,61,0.004700869888922141,3.380412607806718,1.6916532278871474,0.5154390999996394,kriging_results_of_train\s094_tx56\map94_tx56_ratio0_0010.png
s094_tx59,94,59,0.001,61,0.005890969997068305,3.759966915774989,1.8602609842560953,0.5314232000000629,kriging_results_of_train\s094_tx59\map94_tx59_ratio0_0010.png
s094_tx67,94,67,0.001,61,0.006385557058766533,3.7582564018101787,1.937578210347171,0.5302050999998755,kriging_results_of_train\s094_tx67\map94_tx67_ratio0_0010.png
s094_tx74,94,74,0.001,61,0.005539574864492401,3.6298445031123117,1.8646610722444776,0.5641130000003614,kriging_results_of_train\s094_tx74\map94_tx74_ratio0_0010.png
s099_tx01,99,1,0.001,57,0.006395779936052549,3.838009784444826,1.7815958210804854,0.48312410000016826,kriging_results_of_train\s099_tx01\map99_tx1_ratio0_0010.png
s099_tx04,99,4,0.001,57,0.019327362054935928,6.694322211343368,2.8953006562680894,0.479346600000099,kriging_results_of_train\s099_tx04\map99_tx4_ratio0_0010.png
s099_tx10,99,10,0.001,57,0.007316754496501842,4.155775318914571,1.9471339415907711,0.47900320000007923,kriging_results_of_train\s099_tx10\map99_tx10_ratio0_0010.png
s099_tx13,99,13,0.001,57,0.018621932325628143,6.572823770741708,2.8580432186303537,0.4655437000001257,kriging_results_of_train\s099_tx13\map99_tx13_ratio0_0010.png
s099_tx14,99,14,0.001,57,0.006962541505086312,4.093976457351699,1.947566290704225,0.49078319999989617,kriging_results_of_train\s099_tx14\map99_tx14_ratio0_0010.png
s099_tx16,99,16,0.001,57,0.007146668055325884,3.990752990507031,1.8459259326964488,0.4680804999998145,kriging_results_of_train\s099_tx16\map99_tx16_ratio0_0010.png
s099_tx25,99,25,0.001,57,0.007196732783006857,4.099628456993544,1.861172766972235,0.4615683000001809,kriging_results_of_train\s099_tx25\map99_tx25_ratio0_0010.png
s099_tx29,99,29,0.001,57,0.007992512396842138,4.3305281536497775,2.0200097746600587,0.47618340000008175,kriging_results_of_train\s099_tx29\map99_tx29_ratio0_0010.png
s099_tx30,99,30,0.001,57,0.012570397033505317,5.118551487535198,2.4887957541941663,0.48263279999991937,kriging_results_of_train\s099_tx30\map99_tx30_ratio0_0010.png
s099_tx36,99,36,0.001,57,0.013057746002066271,5.368636065195315,2.528257478190896,0.46937960000013845,kriging_results_of_train\s099_tx36\map99_tx36_ratio0_0010.png
s099_tx47,99,47,0.001,57,0.015084197757281398,6.0256525246423,2.4023758461389586,0.4717522999999346,kriging_results_of_train\s099_tx47\map99_tx47_ratio0_0010.png
s099_tx63,99,63,0.001,57,0.014747058588633963,5.424739381271964,2.629486677469049,0.4584369999993214,kriging_results_of_train\s099_tx63\map99_tx63_ratio0_0010.png
s099_tx65,99,65,0.001,57,0.007031648608317242,4.166476995246279,1.8607287272946964,0.47145199999977194,kriging_results_of_train\s099_tx65\map99_tx65_ratio0_0010.png
s099_tx67,99,67,0.001,57,0.010682969747022885,5.124048009956334,2.1815184508954313,0.46752099999957863,kriging_results_of_train\s099_tx67\map99_tx67_ratio0_0010.png
s099_tx69,99,69,0.001,57,0.006924256938167396,4.080466848095448,1.9196518984153605,0.4823414000002231,kriging_results_of_train\s099_tx69\map99_tx69_ratio0_0010.png
s099_tx71,99,71,0.001,57,0.015943349069676795,6.154683369010056,2.6073422815237985,0.459458899999845,kriging_results_of_train\s099_tx71\map99_tx71_ratio0_0010.png
s099_tx72,99,72,0.001,57,0.007585515406119804,4.0325570214506214,1.8761077525581564,0.45947049999995215,kriging_results_of_train\s099_tx72\map99_tx72_ratio0_0010.png
s099_tx73,99,73,0.001,57,0.00718686232452508,4.179043576823376,1.9270059523716094,0.4853731000002881,kriging_results_of_train\s099_tx73\map99_tx73_ratio0_0010.png
s099_tx77,99,77,0.001,57,0.008215459703173746,4.459487923977979,2.081407789743142,0.4912696000001233,kriging_results_of_train\s099_tx77\map99_tx77_ratio0_0010.png
s099_tx78,99,78,0.001,57,0.018858991243069334,6.365997901268799,2.832945170463671,0.4925450999999157,kriging_results_of_train\s099_tx78\map99_tx78_ratio0_0010.png
s103_tx00,103,0,0.001,55,0.013813434893450431,5.404365149834322,2.7899207563575854,0.4719025000003967,kriging_results_of_train\s103_tx00\map103_tx0_ratio0_0010.png
s103_tx05,103,5,0.001,55,0.011774653808260737,4.7173014011484895,2.4258499573206764,0.46116470000015397,kriging_results_of_train\s103_tx05\map103_tx5_ratio0_0010.png
s103_tx21,103,21,0.001,55,0.043668445212129904,7.483542071365685,3.980252896628887,0.4537896000001638,kriging_results_of_train\s103_tx21\map103_tx21_ratio0_0010.png
s103_tx22,103,22,0.001,55,0.0184620425432629,5.924307204630484,3.151147087469657,0.45334290000027977,kriging_results_of_train\s103_tx22\map103_tx22_ratio0_0010.png
s103_tx28,103,28,0.001,55,0.047645284253969175,7.658777316309728,3.9763267480050555,0.43238469999960216,kriging_results_of_train\s103_tx28\map103_tx28_ratio0_0010.png
s103_tx29,103,29,0.001,55,0.01874261326340866,5.721572298785179,2.9303004972858506,0.4530115999996269,kriging_results_of_train\s103_tx29\map103_tx29_ratio0_0010.png
s103_tx32,103,32,0.001,55,0.010844010779063017,4.839720570292414,2.5274457220958246,0.4437880999994377,kriging_results_of_train\s103_tx32\map103_tx32_ratio0_0010.png
s103_tx37,103,37,0.001,55,0.026130119295394532,6.493977290352341,3.3600359452734985,0.45118100000036065,kriging_results_of_train\s103_tx37\map103_tx37_ratio0_0010.png
s103_tx38,103,38,0.001,55,0.015269564004762141,5.376815423584843,2.8880006778105893,0.4401713999995991,kriging_results_of_train\s103_tx38\map103_tx38_ratio0_0010.png
s103_tx41,103,41,0.001,55,0.01835175936824628,6.003296313483828,3.3060998288879926,0.4533967000006669,kriging_results_of_train\s103_tx41\map103_tx41_ratio0_0010.png
s103_tx42,103,42,0.001,55,0.016449491430335726,5.647228559173063,3.111915137338215,0.4602664999993067,kriging_results_of_train\s103_tx42\map103_tx42_ratio0_0010.png
s103_tx44,103,44,0.001,55,0.015311741550223744,5.665512225437323,2.870751324854808,0.4149163000001863,kriging_results_of_train\s103_tx44\map103_tx44_ratio0_0010.png
s103_tx45,103,45,0.001,55,0.01659999418076938,5.624825083893015,3.0336398896317545,0.4856556000004275,kriging_results_of_train\s103_tx45\map103_tx45_ratio0_0010.png
s103_tx50,103,50,0.001,55,0.04072793132926746,7.59351716648703,4.131604656077266,0.45530999999937194,kriging_results_of_train\s103_tx50\map103_tx50_ratio0_0010.png
s103_tx51,103,51,0.001,55,0.03867651990315976,7.3929998671020805,3.769687938908578,0.42738530000042374,kriging_results_of_train\s103_tx51\map103_tx51_ratio0_0010.png
s103_tx58,103,58,0.001,55,0.04933112279865191,7.870038736451925,4.171067279208719,0.4478460999998788,kriging_results_of_train\s103_tx58\map103_tx58_ratio0_0010.png
s103_tx65,103,65,0.001,55,0.045567230023215805,7.8032073247765155,4.283805464195705,0.48166159999982483,kriging_results_of_train\s103_tx65\map103_tx65_ratio0_0010.png
s103_tx68,103,68,0.001,55,0.01564897527574883,5.511308357870939,2.9770783897764006,0.4454193999999916,kriging_results_of_train\s103_tx68\map103_tx68_ratio0_0010.png
s103_tx73,103,73,0.001,55,0.018289530558365144,6.017416586199701,3.327190108795879,0.444547799999782,kriging_results_of_train\s103_tx73\map103_tx73_ratio0_0010.png
s103_tx76,103,76,0.001,55,0.011179832369808799,4.876873560860593,2.500023761332401,0.4291504000002533,kriging_results_of_train\s103_tx76\map103_tx76_ratio0_0010.png
s106_tx02,106,2,0.001,44,0.03566309640356695,7.74856549419095,4.768942704738662,0.3318727999994735,kriging_results_of_train\s106_tx02\map106_tx2_ratio0_0010.png
s106_tx06,106,6,0.001,44,0.035814737101454316,7.296465425851076,4.7064439911275056,0.33740099999977247,kriging_results_of_train\s106_tx06\map106_tx6_ratio0_0010.png
s106_tx09,106,9,0.001,44,0.03609167453738428,6.608666281410829,3.824809912769365,0.3151783000002979,kriging_results_of_train\s106_tx09\map106_tx9_ratio0_0010.png
s106_tx12,106,12,0.001,44,0.034435014816683096,6.864511979602196,4.282486944589128,0.3518887000000177,kriging_results_of_train\s106_tx12\map106_tx12_ratio0_0010.png
s106_tx13,106,13,0.001,44,0.04458054429200638,7.09705025747001,4.168221231527798,0.36143779999929393,kriging_results_of_train\s106_tx13\map106_tx13_ratio0_0010.png
s106_tx16,106,16,0.001,44,0.03789981889877825,7.535328497189897,4.790423637591162,0.3327224999993632,kriging_results_of_train\s106_tx16\map106_tx16_ratio0_0010.png
s106_tx24,106,24,0.001,44,0.05457257985524008,6.916711942429028,4.075155970861801,0.3101292999999714,kriging_results_of_train\s106_tx24\map106_tx24_ratio0_0010.png
s106_tx25,106,25,0.001,44,0.03434096959343004,7.574808673973875,4.700005739755284,0.3289966000002096,kriging_results_of_train\s106_tx25\map106_tx25_ratio0_0010.png
s106_tx28,106,28,0.001,44,0.03497365312093285,7.395433697405318,4.743385637278322,0.3420191999994131,kriging_results_of_train\s106_tx28\map106_tx28_ratio0_0010.png
s106_tx30,106,30,0.001,44,0.03533998960168536,6.924793709796929,4.16517529579529,0.35088230000019394,kriging_results_of_train\s106_tx30\map106_tx30_ratio0_0010.png
s106_tx31,106,31,0.001,44,0.033547543268412236,7.371836639391454,4.743978264487645,0.33021350000035454,kriging_results_of_train\s106_tx31\map106_tx31_ratio0_0010.png
s106_tx41,106,41,0.001,44,0.03578745550616125,7.386777596881876,5.005981103656255,0.3168962999998257,kriging_results_of_train\s106_tx41\map106_tx41_ratio0_0010.png
s106_tx46,106,46,0.001,44,0.029749166400821578,7.110867566277304,4.352130433277623,0.32513529999960156,kriging_results_of_train\s106_tx46\map106_tx46_ratio0_0010.png
s106_tx53,106,53,0.001,44,0.04517376195104569,7.117955491897284,4.363761937013167,0.33444520000011835,kriging_results_of_train\s106_tx53\map106_tx53_ratio0_0010.png
s106_tx58,106,58,0.001,44,0.03128371181121006,7.270300528015554,4.531927664804529,0.31528570000045875,kriging_results_of_train\s106_tx58\map106_tx58_ratio0_0010.png
s106_tx60,106,60,0.001,44,0.04216264578243089,7.532278870377368,4.674126822192163,0.34294799999952374,kriging_results_of_train\s106_tx60\map106_tx60_ratio0_0010.png
s106_tx65,106,65,0.001,44,0.034524030994856306,7.2091225787558635,4.4014219435261825,0.3482974999997168,kriging_results_of_train\s106_tx65\map106_tx65_ratio0_0010.png
s106_tx67,106,67,0.001,44,0.033362631587111696,7.637302398769958,4.838899127224417,0.33677499999976135,kriging_results_of_train\s106_tx67\map106_tx67_ratio0_0010.png
s106_tx73,106,73,0.001,44,0.029171157212149405,7.1973975140764415,4.320213308994645,0.34835689999999886,kriging_results_of_train\s106_tx73\map106_tx73_ratio0_0010.png
s106_tx78,106,78,0.001,44,0.03450977964629636,7.031125095361009,4.4539836209544,0.3450038000000859,kriging_results_of_train\s106_tx78\map106_tx78_ratio0_0010.png
s109_tx00,109,0,0.001,52,0.028815408403537243,6.466467986073097,4.281606712169902,0.41945269999996526,kriging_results_of_train\s109_tx00\map109_tx0_ratio0_0010.png
s109_tx06,109,6,0.001,52,0.03137770671463253,6.495547672295464,4.286861928432099,0.4175420000001395,kriging_results_of_train\s109_tx06\map109_tx6_ratio0_0010.png
s109_tx07,109,7,0.001,52,0.02994619481454275,6.453712867961384,4.1659894759417835,0.40421169999990525,kriging_results_of_train\s109_tx07\map109_tx7_ratio0_0010.png
s109_tx12,109,12,0.001,52,0.03160116676677302,6.679155627895253,4.412558877287097,0.40873759999976755,kriging_results_of_train\s109_tx12\map109_tx12_ratio0_0010.png
s109_tx17,109,17,0.001,52,0.0308755198268613,5.858955396988296,3.7853238165175394,0.41586180000012973,kriging_results_of_train\s109_tx17\map109_tx17_ratio0_0010.png
s109_tx21,109,21,0.001,52,0.03041558468999729,6.255484115846749,4.120572759375913,0.4257536999994045,kriging_results_of_train\s109_tx21\map109_tx21_ratio0_0010.png
s109_tx22,109,22,0.001,52,0.03085214496274805,6.749700637015351,4.452503045055199,0.4254543000006379,kriging_results_of_train\s109_tx22\map109_tx22_ratio0_0010.png
s109_tx29,109,29,0.001,52,0.0499062256253735,7.079752385883984,4.4299041250374875,0.4514595000000554,kriging_results_of_train\s109_tx29\map109_tx29_ratio0_0010.png
s109_tx34,109,34,0.001,52,0.0444359008906763,7.131694737979169,4.527010268532606,0.4143752999998469,kriging_results_of_train\s109_tx34\map109_tx34_ratio0_0010.png
s109_tx37,109,37,0.001,52,0.0268415096730137,5.861442922861624,3.583553430499918,0.4471456000001126,kriging_results_of_train\s109_tx37\map109_tx37_ratio0_0010.png
s109_tx38,109,38,0.001,52,0.02577360233651409,5.433044885163345,3.550536387839257,0.4311242999992828,kriging_results_of_train\s109_tx38\map109_tx38_ratio0_0010.png
s109_tx47,109,47,0.001,52,0.03170015131864858,6.976379581381505,4.6973640783526855,0.4299678999996104,kriging_results_of_train\s109_tx47\map109_tx47_ratio0_0010.png
s109_tx52,109,52,0.001,52,0.04273392518116486,6.968960778025602,4.522758974761538,0.43727510000007896,kriging_results_of_train\s109_tx52\map109_tx52_ratio0_0010.png
s109_tx56,109,56,0.001,52,0.045301909421597855,7.166780339322298,4.872960231161576,0.4068287000000055,kriging_results_of_train\s109_tx56\map109_tx56_ratio0_0010.png
s109_tx57,109,57,0.001,52,0.05013992026074184,7.128364033141529,4.4437863857043505,0.42497259999981907,kriging_results_of_train\s109_tx57\map109_tx57_ratio0_0010.png
s109_tx65,109,65,0.001,52,0.030482652263502923,6.9100084924386005,4.566407735479998,0.42888789999960863,kriging_results_of_train\s109_tx65\map109_tx65_ratio0_0010.png
s109_tx67,109,67,0.001,52,0.0340147497273618,6.517520960814971,4.179322538118743,0.4142885999999635,kriging_results_of_train\s109_tx67\map109_tx67_ratio0_0010.png
s109_tx70,109,70,0.001,52,0.026033750515044057,6.363689165009206,4.0686598146224044,0.41680989999986195,kriging_results_of_train\s109_tx70\map109_tx70_ratio0_0010.png
s109_tx71,109,71,0.001,52,0.02957027225032655,6.138316225450919,3.825099426265985,0.42111860000022716,kriging_results_of_train\s109_tx71\map109_tx71_ratio0_0010.png
s109_tx75,109,75,0.001,52,0.029205397533866518,6.809829368059804,4.350144754964795,0.4031877000006716,kriging_results_of_train\s109_tx75\map109_tx75_ratio0_0010.png
s115_tx00,115,0,0.001,54,0.021880606871188247,6.293780173133965,3.8039628751782515,0.43073550000008254,kriging_results_of_train\s115_tx00\map115_tx0_ratio0_0010.png
s115_tx06,115,6,0.001,54,0.024480818280930877,5.9176752343776,3.928496717355261,0.4552027999998245,kriging_results_of_train\s115_tx06\map115_tx6_ratio0_0010.png
s115_tx07,115,7,0.001,54,0.026601357436093053,6.545928385981526,4.31722797974287,0.4552647000000434,kriging_results_of_train\s115_tx07\map115_tx7_ratio0_0010.png
s115_tx09,115,9,0.001,54,0.039663179092041284,7.771377539567402,4.462839375945544,0.44938530000035826,kriging_results_of_train\s115_tx09\map115_tx9_ratio0_0010.png
s115_tx13,115,13,0.001,54,0.025793762787052456,6.542533081200708,4.243327273650313,0.4238941999992676,kriging_results_of_train\s115_tx13\map115_tx13_ratio0_0010.png
s115_tx16,115,16,0.001,54,0.040098279805789575,7.144362709830245,4.522482450768518,0.4461762999999337,kriging_results_of_train\s115_tx16\map115_tx16_ratio0_0010.png
s115_tx22,115,22,0.001,54,0.03411949580103734,7.314811230430056,4.476682673398174,0.4414074999995137,kriging_results_of_train\s115_tx22\map115_tx22_ratio0_0010.png
s115_tx24,115,24,0.001,54,0.03334450444919808,6.621954540983576,4.321476651881263,0.4445905999991737,kriging_results_of_train\s115_tx24\map115_tx24_ratio0_0010.png
s115_tx25,115,25,0.001,54,0.028212358864752398,6.4854688888953875,4.213022759520503,0.45087340000009135,kriging_results_of_train\s115_tx25\map115_tx25_ratio0_0010.png
s115_tx29,115,29,0.001,54,0.022410314800858134,6.152704447592645,3.9072376506896704,0.4503396000000066,kriging_results_of_train\s115_tx29\map115_tx29_ratio0_0010.png
s115_tx30,115,30,0.001,54,0.03101045322407545,6.526772091426011,4.088711461651414,0.4249416000002384,kriging_results_of_train\s115_tx30\map115_tx30_ratio0_0010.png
s115_tx32,115,32,0.001,54,0.0284641159227652,6.575938401774481,4.317161539189981,0.456481199999871,kriging_results_of_train\s115_tx32\map115_tx32_ratio0_0010.png
s115_tx36,115,36,0.001,54,0.041155463697938266,7.8599396656055465,5.1731651185199565,0.4650919999994585,kriging_results_of_train\s115_tx36\map115_tx36_ratio0_0010.png
s115_tx39,115,39,0.001,54,0.027944302366115763,6.021891443111423,3.818886558609659,0.44995510000080685,kriging_results_of_train\s115_tx39\map115_tx39_ratio0_0010.png
s115_tx45,115,45,0.001,54,0.030827314450689952,6.501522808752633,4.187826971556841,0.458647700000256,kriging_results_of_train\s115_tx45\map115_tx45_ratio0_0010.png
s115_tx48,115,48,0.001,54,0.038362723596014336,7.473995753471561,4.796519689008764,0.4654178000000684,kriging_results_of_train\s115_tx48\map115_tx48_ratio0_0010.png
s115_tx66,115,66,0.001,54,0.039485308092372516,6.956050764850278,4.351304866752016,0.4638131000001522,kriging_results_of_train\s115_tx66\map115_tx66_ratio0_0010.png
s115_tx69,115,69,0.001,54,0.030639344101108534,6.491506871483998,4.142377741739377,0.4639674999998533,kriging_results_of_train\s115_tx69\map115_tx69_ratio0_0010.png
s115_tx74,115,74,0.001,54,0.025744082390366893,5.522216220937924,3.431414140499209,0.44910129999971105,kriging_results_of_train\s115_tx74\map115_tx74_ratio0_0010.png
s115_tx78,115,78,0.001,54,0.031384315974048095,6.992898738654176,4.743011816741056,0.4800709999999526,kriging_results_of_train\s115_tx78\map115_tx78_ratio0_0010.png
s123_tx01,123,1,0.001,49,0.055590110629986846,8.087474649060322,5.076277889244244,0.3775039000001925,kriging_results_of_train\s123_tx01\map123_tx1_ratio0_0010.png
s123_tx04,123,4,0.001,49,0.03619468492529232,7.295611367554316,4.756121384548667,0.3891656999994666,kriging_results_of_train\s123_tx04\map123_tx4_ratio0_0010.png
s123_tx09,123,9,0.001,49,0.047911600974119437,6.334528026668032,3.6293074087350594,0.38259019999986776,kriging_results_of_train\s123_tx09\map123_tx9_ratio0_0010.png
s123_tx10,123,10,0.001,49,0.034863351263000636,6.971919425326622,4.477705431392134,0.4076716999998098,kriging_results_of_train\s123_tx10\map123_tx10_ratio0_0010.png
s123_tx15,123,15,0.001,49,0.03950456975545139,6.440494003270393,3.842581087961687,0.396969800000079,kriging_results_of_train\s123_tx15\map123_tx15_ratio0_0010.png
s123_tx18,123,18,0.001,49,0.03677022572147753,7.335899708587572,4.727018051941125,0.40667409999969095,kriging_results_of_train\s123_tx18\map123_tx18_ratio0_0010.png
s123_tx20,123,20,0.001,49,0.049238227847175416,7.67945931845819,4.830209555681413,0.38140739999926154,kriging_results_of_train\s123_tx20\map123_tx20_ratio0_0010.png
s123_tx28,123,28,0.001,49,0.041150984560625964,6.51746583538308,3.9062654494257,0.3846765999996933,kriging_results_of_train\s123_tx28\map123_tx28_ratio0_0010.png
s123_tx33,123,33,0.001,49,0.03168735576407118,6.784111969040267,4.319469791451251,0.3921347000004971,kriging_results_of_train\s123_tx33\map123_tx33_ratio0_0010.png
s123_tx34,123,34,0.001,49,0.02934679790270776,6.496506927639385,4.105829759056161,0.3973552999996173,kriging_results_of_train\s123_tx34\map123_tx34_ratio0_0010.png
s123_tx36,123,36,0.001,49,0.04582992676165052,7.627286244574142,4.780048733010991,0.3807979000002888,kriging_results_of_train\s123_tx36\map123_tx36_ratio0_0010.png
s123_tx42,123,42,0.001,49,0.03955522271923599,7.6988273729272745,5.157710916760997,0.36864519999926415,kriging_results_of_train\s123_tx42\map123_tx42_ratio0_0010.png
s123_tx43,123,43,0.001,49,0.038068128845575706,6.289912737386398,3.9929406820948086,0.4068521999997756,kriging_results_of_train\s123_tx43\map123_tx43_ratio0_0010.png
s123_tx52,123,52,0.001,49,0.04074276136123009,7.412257939706628,4.739919799088032,0.39693160000024363,kriging_results_of_train\s123_tx52\map123_tx52_ratio0_0010.png
s123_tx65,123,65,0.001,49,0.0327643877579453,6.81909677291046,4.178043107183945,0.3934607999999571,kriging_results_of_train\s123_tx65\map123_tx65_ratio0_0010.png
s123_tx66,123,66,0.001,49,0.03631405566225892,6.953929675527753,4.167339639823805,0.3821360999991157,kriging_results_of_train\s123_tx66\map123_tx66_ratio0_0010.png
s123_tx69,123,69,0.001,49,0.03469461904062533,5.863192801735127,3.690913932848227,0.39565330000004906,kriging_results_of_train\s123_tx69\map123_tx69_ratio0_0010.png
s123_tx71,123,71,0.001,49,0.038667865309596886,7.1180300107997905,4.464158066633568,0.3846166000002995,kriging_results_of_train\s123_tx71\map123_tx71_ratio0_0010.png
s123_tx73,123,73,0.001,49,0.03312217613360842,6.780924771128569,4.332788313349878,0.40973920000033104,kriging_results_of_train\s123_tx73\map123_tx73_ratio0_0010.png
s123_tx75,123,75,0.001,49,0.04037851323945899,7.091554123869671,4.2689948153183925,0.3849329000004218,kriging_results_of_train\s123_tx75\map123_tx75_ratio0_0010.png
s140_tx03,140,3,0.001,47,0.06071037475655935,8.987932242470672,6.128118212666895,0.37175790000037523,kriging_results_of_train\s140_tx03\map140_tx3_ratio0_0010.png
s140_tx04,140,4,0.001,47,0.05467969797934072,7.427380474850815,4.772821032393265,0.38485359999958746,kriging_results_of_train\s140_tx04\map140_tx4_ratio0_0010.png
s140_tx05,140,5,0.001,47,0.06135655109085528,7.5489444898043745,4.8758529001615,0.3698131999999532,kriging_results_of_train\s140_tx05\map140_tx5_ratio0_0010.png
s140_tx13,140,13,0.001,47,0.05065548882473726,8.148419329162714,5.39633280047227,0.36699659999976575,kriging_results_of_train\s140_tx13\map140_tx13_ratio0_0010.png
s140_tx18,140,18,0.001,47,0.045922243853002954,7.198683453079456,4.425712654207817,0.38359889999992447,kriging_results_of_train\s140_tx18\map140_tx18_ratio0_0010.png
s140_tx31,140,31,0.001,47,0.06326134835957457,7.616870163064178,4.7723338532642545,0.3775347000000693,kriging_results_of_train\s140_tx31\map140_tx31_ratio0_0010.png
s140_tx32,140,32,0.001,47,0.044205247031988894,7.42036544502133,4.748992754802069,0.3778361999993649,kriging_results_of_train\s140_tx32\map140_tx32_ratio0_0010.png
s140_tx33,140,33,0.001,47,0.04591778724403495,7.8620683002900185,5.100642414754571,0.3552910999997039,kriging_results_of_train\s140_tx33\map140_tx33_ratio0_0010.png
s140_tx36,140,36,0.001,47,0.053317600562795206,8.842454371044484,6.229931632294631,0.37878860000000714,kriging_results_of_train\s140_tx36\map140_tx36_ratio0_0010.png
s140_tx37,140,37,0.001,47,0.061341917981958226,7.425383001197074,4.850927328401759,0.39107700000022305,kriging_results_of_train\s140_tx37\map140_tx37_ratio0_0010.png
s140_tx39,140,39,0.001,47,0.055125218241582945,7.566304464324745,4.903275107192803,0.3763905000005252,kriging_results_of_train\s140_tx39\map140_tx39_ratio0_0010.png
s140_tx51,140,51,0.001,47,0.05942218669661742,7.907486760575148,5.0450562306227695,0.3775646999993114,kriging_results_of_train\s140_tx51\map140_tx51_ratio0_0010.png
s140_tx52,140,52,0.001,47,0.06280484087139541,8.238076329692639,5.467635504446713,0.3600477999998475,kriging_results_of_train\s140_tx52\map140_tx52_ratio0_0010.png
s140_tx57,140,57,0.001,47,0.058580511688404814,7.392461154058718,4.899042915984388,0.36402409999936935,kriging_results_of_train\s140_tx57\map140_tx57_ratio0_0010.png
s140_tx62,140,62,0.001,47,0.046897945240073166,7.1565003377221075,4.482454460129333,0.38127110000004905,kriging_results_of_train\s140_tx62\map140_tx62_ratio0_0010.png
s140_tx66,140,66,0.001,47,0.04666236257225843,7.270454345092289,4.568394671135401,0.38341599999967,kriging_results_of_train\s140_tx66\map140_tx66_ratio0_0010.png
s140_tx69,140,69,0.001,47,0.05092094919145162,6.742219690459482,4.043434935773704,0.36431660000016564,kriging_results_of_train\s140_tx69\map140_tx69_ratio0_0010.png
s140_tx73,140,73,0.001,47,0.05286098995258211,8.019972213667428,5.180998601177727,0.3904621000001498,kriging_results_of_train\s140_tx73\map140_tx73_ratio0_0010.png
s140_tx75,140,75,0.001,47,0.05647494196755917,7.838654293153541,5.187252196161521,0.3897266000003583,kriging_results_of_train\s140_tx75\map140_tx75_ratio0_0010.png
s140_tx76,140,76,0.001,47,0.06198065057156539,8.521180569397982,5.687153152045665,0.368799100000615,kriging_results_of_train\s140_tx76\map140_tx76_ratio0_0010.png
s163_tx01,163,1,0.001,47,0.06850223024639919,8.154948758786755,5.239158535235008,0.36881699999958073,kriging_results_of_train\s163_tx01\map163_tx1_ratio0_0010.png
s163_tx04,163,4,0.001,47,0.060362772740689755,7.6454893006757665,4.733962091693585,0.383358699999917,kriging_results_of_train\s163_tx04\map163_tx4_ratio0_0010.png
s163_tx07,163,7,0.001,47,0.052973268570333354,8.626645228303612,5.74863943871211,0.38169900000048074,kriging_results_of_train\s163_tx07\map163_tx7_ratio0_0010.png
s163_tx08,163,8,0.001,47,0.05317579171427511,8.159722980951015,5.160201547277447,0.40772090000064054,kriging_results_of_train\s163_tx08\map163_tx8_ratio0_0010.png
s163_tx10,163,10,0.001,47,0.06119898766035415,8.261726866091829,5.330142362638195,0.3639478000004601,kriging_results_of_train\s163_tx10\map163_tx10_ratio0_0010.png
s163_tx15,163,15,0.001,47,0.055864364990455335,8.463124918490665,5.47720385342551,0.3697438000008333,kriging_results_of_train\s163_tx15\map163_tx15_ratio0_0010.png
s163_tx18,163,18,0.001,47,0.03734508796927234,7.152314237979113,4.725974067888975,0.3582015000001775,kriging_results_of_train\s163_tx18\map163_tx18_ratio0_0010.png
s163_tx21,163,21,0.001,47,0.051108869944804756,8.420239113193386,5.493478771371578,0.36838149999948655,kriging_results_of_train\s163_tx21\map163_tx21_ratio0_0010.png
s163_tx25,163,25,0.001,47,0.04778882326919433,7.766212588330558,4.923793500984771,0.3781933999998728,kriging_results_of_train\s163_tx25\map163_tx25_ratio0_0010.png
s163_tx26,163,26,0.001,47,0.0618878394542379,8.633861949196769,5.658878106109415,0.3590986999997767,kriging_results_of_train\s163_tx26\map163_tx26_ratio0_0010.png
s163_tx30,163,30,0.001,47,0.06303292041920268,8.260156836006052,5.410405706556705,0.37159990000054677,kriging_results_of_train\s163_tx30\map163_tx30_ratio0_0010.png
s163_tx38,163,38,0.001,47,0.07070580141870285,9.459366614395725,6.284247684312353,0.3664918000004036,kriging_results_of_train\s163_tx38\map163_tx38_ratio0_0010.png
s163_tx39,163,39,0.001,47,0.048052244478363794,8.21872203612653,5.308386880478747,0.37700200000017503,kriging_results_of_train\s163_tx39\map163_tx39_ratio0_0010.png
s163_tx54,163,54,0.001,47,0.05739212363040939,7.8460587338115335,4.9328249275326685,0.37448659999972733,kriging_results_of_train\s163_tx54\map163_tx54_ratio0_0010.png
s163_tx55,163,55,0.001,47,0.06370896277766412,8.673101502671592,5.518648155132202,0.3848391999999876,kriging_results_of_train\s163_tx55\map163_tx55_ratio0_0010.png
s163_tx61,163,61,0.001,47,0.04940241103676506,7.82711454103765,4.832068499836124,0.36928249999982654,kriging_results_of_train\s163_tx61\map163_tx61_ratio0_0010.png
s163_tx65,163,65,0.001,47,0.05694820558646471,8.442121057499103,5.46563452731073,0.38542469999993045,kriging_results_of_train\s163_tx65\map163_tx65_ratio0_0010.png
s163_tx68,163,68,0.001,47,0.05150925327344618,8.163729278375442,5.510151597293442,0.3800013999998555,kriging_results_of_train\s163_tx68\map163_tx68_ratio0_0010.png
s163_tx72,163,72,0.001,47,0.05550369536472487,7.973576093939808,5.050090469481788,0.3767265000005864,kriging_results_of_train\s163_tx72\map163_tx72_ratio0_0010.png
s163_tx77,163,77,0.001,47,0.07691307697339576,9.766541224435656,6.330369771812989,0.3563621000002968,kriging_results_of_train\s163_tx77\map163_tx77_ratio0_0010.png
s211_tx00,211,0,0.001,50,0.05186451484626048,8.450685943072715,5.55039758475416,0.40843300000051386,kriging_results_of_train\s211_tx00\map211_tx0_ratio0_0010.png
s211_tx02,211,2,0.001,50,0.04457932430205517,8.048600727035728,5.251588576821492,0.40093090000027587,kriging_results_of_train\s211_tx02\map211_tx2_ratio0_0010.png
s211_tx05,211,5,0.001,50,0.046379184796514324,7.366909179740167,4.432539767750945,0.39735920000020997,kriging_results_of_train\s211_tx05\map211_tx5_ratio0_0010.png
s211_tx06,211,6,0.001,50,0.04912708121624473,8.064111090355803,5.335843898880786,0.38270959999954357,kriging_results_of_train\s211_tx06\map211_tx6_ratio0_0010.png
s211_tx09,211,9,0.001,50,0.044231552014462695,7.537606247282189,4.998322385246697,0.4063812999993388,kriging_results_of_train\s211_tx09\map211_tx9_ratio0_0010.png
s211_tx13,211,13,0.001,50,0.04640750014403849,6.789553541271387,4.141069895234811,0.4167225999999573,kriging_results_of_train\s211_tx13\map211_tx13_ratio0_0010.png
s211_tx17,211,17,0.001,50,0.04654953420759988,7.357040073772027,4.380125365719971,0.4093927000003532,kriging_results_of_train\s211_tx17\map211_tx17_ratio0_0010.png
s211_tx21,211,21,0.001,50,0.04772417862075529,8.031842275855913,5.468384971109819,0.42489039999964007,kriging_results_of_train\s211_tx21\map211_tx21_ratio0_0010.png
s211_tx22,211,22,0.001,50,0.05061928229423891,7.804590690532885,5.279504541199582,0.3948770999995759,kriging_results_of_train\s211_tx22\map211_tx22_ratio0_0010.png
s211_tx26,211,26,0.001,50,0.04963879250610552,7.206028773234914,4.365754441483761,0.3801298999997016,kriging_results_of_train\s211_tx26\map211_tx26_ratio0_0010.png
s211_tx27,211,27,0.001,50,0.05380259932311951,8.693603272742152,5.851797615861519,0.3861674999998286,kriging_results_of_train\s211_tx27\map211_tx27_ratio0_0010.png
s211_tx28,211,28,0.001,50,0.05077139686539238,8.092719082710328,5.545431770563199,0.4039582999994309,kriging_results_of_train\s211_tx28\map211_tx28_ratio0_0010.png
s211_tx29,211,29,0.001,50,0.05291939398233446,8.41267869162168,5.5402359004127995,0.4294574999994438,kriging_results_of_train\s211_tx29\map211_tx29_ratio0_0010.png
s211_tx40,211,40,0.001,50,0.05116644001371285,6.990613046433627,4.4734900487463385,0.4103043000004618,kriging_results_of_train\s211_tx40\map211_tx40_ratio0_0010.png
s211_tx43,211,43,0.001,50,0.054626221950029724,8.798990229971972,5.735423738545452,0.39943720000064786,kriging_results_of_train\s211_tx43\map211_tx43_ratio0_0010.png
s211_tx47,211,47,0.001,50,0.039141116411515,7.248276871455934,4.67502478850178,0.39197369999965304,kriging_results_of_train\s211_tx47\map211_tx47_ratio0_0010.png
s211_tx48,211,48,0.001,50,0.05474272559654186,8.61184260724365,5.708050593352952,0.4358924999996816,kriging_results_of_train\s211_tx48\map211_tx48_ratio0_0010.png
s211_tx54,211,54,0.001,50,0.04528319236489525,7.958959038094616,5.055881991753958,0.4141962000003332,kriging_results_of_train\s211_tx54\map211_tx54_ratio0_0010.png
s211_tx63,211,63,0.001,50,0.05308782316986931,7.595373302738026,4.65821215147254,0.3967461000002004,kriging_results_of_train\s211_tx63\map211_tx63_ratio0_0010.png
s211_tx67,211,67,0.001,50,0.05420617243273597,8.735273292213167,5.7005322624838115,0.3874691000000894,kriging_results_of_train\s211_tx67\map211_tx67_ratio0_0010.png
s213_tx10,213,10,0.001,46,0.08098545171488812,8.504135477189449,5.685610588585714,0.3778340999997454,kriging_results_of_train\s213_tx10\map213_tx10_ratio0_0010.png
s213_tx13,213,13,0.001,46,0.08112818430845192,11.832130200556081,8.277408228371666,0.38693289999991975,kriging_results_of_train\s213_tx13\map213_tx13_ratio0_0010.png
s213_tx16,213,16,0.001,46,0.07164350342148902,10.862254965221913,7.656970649610127,0.36223840000002383,kriging_results_of_train\s213_tx16\map213_tx16_ratio0_0010.png
s213_tx17,213,17,0.001,46,0.07749645647540747,11.129595450161629,8.012324400042543,0.3749643000001015,kriging_results_of_train\s213_tx17\map213_tx17_ratio0_0010.png
s213_tx27,213,27,0.001,46,0.08967888024425412,12.085703096390741,8.39196165951434,0.35906559999966703,kriging_results_of_train\s213_tx27\map213_tx27_ratio0_0010.png
s213_tx37,213,37,0.001,46,0.0948171036221317,9.891836617985946,6.484617726375299,0.354983600000196,kriging_results_of_train\s213_tx37\map213_tx37_ratio0_0010.png
s213_tx39,213,39,0.001,46,0.09459775389620355,11.393862961049457,7.874130955225039,0.3651385000002847,kriging_results_of_train\s213_tx39\map213_tx39_ratio0_0010.png
s213_tx42,213,42,0.001,46,0.09950985644331263,10.66819467402249,7.384876258270968,0.3583676000007472,kriging_results_of_train\s213_tx42\map213_tx42_ratio0_0010.png
s213_tx47,213,47,0.001,46,0.10030689395176072,10.450512445985172,7.173781976647372,0.35901000000012573,kriging_results_of_train\s213_tx47\map213_tx47_ratio0_0010.png
s213_tx49,213,49,0.001,46,0.07109759343525206,8.862542864524276,6.247071583394301,0.3492956000000049,kriging_results_of_train\s213_tx49\map213_tx49_ratio0_0010.png
s213_tx53,213,53,0.001,46,0.06673932700329098,10.570027439514273,7.321474286069964,0.3641213000000789,kriging_results_of_train\s213_tx53\map213_tx53_ratio0_0010.png
s213_tx54,213,54,0.001,46,0.07440175209648742,11.242793368633325,7.797308389896607,0.38453430000026856,kriging_results_of_train\s213_tx54\map213_tx54_ratio0_0010.png
s213_tx56,213,56,0.001,46,0.0759515529441563,11.10787862291271,7.993754566389867,0.36634980000053474,kriging_results_of_train\s213_tx56\map213_tx56_ratio0_0010.png
s213_tx59,213,59,0.001,46,0.0871725561939858,12.018872419435313,8.339688008626302,0.3658949999999095,kriging_results_of_train\s213_tx59\map213_tx59_ratio0_0010.png
s213_tx63,213,63,0.001,46,0.09417098865813855,12.444516240667127,8.560058694635943,0.37926789999983157,kriging_results_of_train\s213_tx63\map213_tx63_ratio0_0010.png
s213_tx66,213,66,0.001,46,0.1177558056037037,11.73664911029153,7.58099340340223,0.34052259999953094,kriging_results_of_train\s213_tx66\map213_tx66_ratio0_0010.png
s213_tx73,213,73,0.001,46,0.09143352763257363,12.367717100712849,8.473748959078646,0.36084779999964667,kriging_results_of_train\s213_tx73\map213_tx73_ratio0_0010.png
s213_tx74,213,74,0.001,46,0.09614838913814971,11.560136621515493,8.08196922780657,0.3766934000004767,kriging_results_of_train\s213_tx74\map213_tx74_ratio0_0010.png
s213_tx75,213,75,0.001,46,0.12246613573172539,11.302914433568905,7.4391742081007415,0.34858510000049137,kriging_results_of_train\s213_tx75\map213_tx75_ratio0_0010.png
s213_tx78,213,78,0.001,46,0.0987408134779526,9.74160870859968,6.446959485346728,0.41383350000069186,kriging_results_of_train\s213_tx78\map213_tx78_ratio0_0010.png
s219_tx04,219,4,0.001,51,0.04908163422945261,8.373262144934529,5.886769025722731,0.42777770000066084,kriging_results_of_train\s219_tx04\map219_tx4_ratio0_0010.png
s219_tx10,219,10,0.001,51,0.04350816709369647,7.483119972148716,4.840294260582687,0.4087798999998995,kriging_results_of_train\s219_tx10\map219_tx10_ratio0_0010.png
s219_tx13,219,13,0.001,51,0.0505661685281317,8.726084948633368,5.910994445538636,0.40664730000025884,kriging_results_of_train\s219_tx13\map219_tx13_ratio0_0010.png
s219_tx16,219,16,0.001,51,0.05557279538691961,8.938449117481657,5.970842324000867,0.4317578999998659,kriging_results_of_train\s219_tx16\map219_tx16_ratio0_0010.png
s219_tx28,219,28,0.001,51,0.053642979414209147,7.65221234207475,4.937827056155108,0.4244666000004145,kriging_results_of_train\s219_tx28\map219_tx28_ratio0_0010.png
s219_tx31,219,31,0.001,51,0.054385759535705694,7.82374591687117,5.250938031369722,0.5517153999999209,kriging_results_of_train\s219_tx31\map219_tx31_ratio0_0010.png
s219_tx37,219,37,0.001,51,0.04651103485512479,8.19099569233273,5.6179222660821235,0.4301459000007526,kriging_results_of_train\s219_tx37\map219_tx37_ratio0_0010.png
s219_tx41,219,41,0.001,51,0.03738804400468873,7.360072926791882,4.857063384664265,0.4317180999996708,kriging_results_of_train\s219_tx41\map219_tx41_ratio0_0010.png
s219_tx44,219,44,0.001,51,0.042774054120626306,7.8709339602728665,5.075654681509799,0.4746110999994926,kriging_results_of_train\s219_tx44\map219_tx44_ratio0_0010.png
s219_tx47,219,47,0.001,51,0.04862543759575698,7.49854213002922,5.042865488008426,0.4858640000002197,kriging_results_of_train\s219_tx47\map219_tx47_ratio0_0010.png
s219_tx50,219,50,0.001,51,0.051631785524371844,8.141222730645609,5.123199410189756,0.44117370000003575,kriging_results_of_train\s219_tx50\map219_tx50_ratio0_0010.png
s219_tx51,219,51,0.001,51,0.055573436220196344,6.621406908607987,4.411995396309422,0.5164137000001574,kriging_results_of_train\s219_tx51\map219_tx51_ratio0_0010.png
s219_tx52,219,52,0.001,51,0.05389375297083285,6.84824827070289,4.461571233080587,0.4702673000001596,kriging_results_of_train\s219_tx52\map219_tx52_ratio0_0010.png
s219_tx53,219,53,0.001,51,0.04367232233582268,7.250253658554259,4.469346468130206,0.41674369999964256,kriging_results_of_train\s219_tx53\map219_tx53_ratio0_0010.png
s219_tx56,219,56,0.001,51,0.06572265085138468,7.963820950788067,4.859994989177241,0.3901599000000715,kriging_results_of_train\s219_tx56\map219_tx56_ratio0_0010.png
s219_tx60,219,60,0.001,51,0.06082615344007975,8.092028171972796,5.350594468094487,0.44638660000055097,kriging_results_of_train\s219_tx60\map219_tx60_ratio0_0010.png
s219_tx64,219,64,0.001,51,0.04748251648500066,7.567633802375244,5.163076477467556,0.45872919999965234,kriging_results_of_train\s219_tx64\map219_tx64_ratio0_0010.png
s219_tx68,219,68,0.001,51,0.057954113679954025,8.705594850386019,5.479234401729156,0.42327620000014576,kriging_results_of_train\s219_tx68\map219_tx68_ratio0_0010.png
s219_tx71,219,71,0.001,51,0.04789974245423405,7.486573221402141,5.06310154900737,0.41356399999949645,kriging_results_of_train\s219_tx71\map219_tx71_ratio0_0010.png
s219_tx75,219,75,0.001,51,0.04560898257393212,7.653107974311773,5.147620606031698,0.4201262999995379,kriging_results_of_train\s219_tx75\map219_tx75_ratio0_0010.png
s225_tx03,225,3,0.001,46,0.07872875614828118,8.34526947448601,5.46076659176906,0.35235850000026403,kriging_results_of_train\s225_tx03\map225_tx3_ratio0_0010.png
s225_tx04,225,4,0.001,46,0.05093860984171407,7.253774041430917,4.864723166257098,0.36302619999969465,kriging_results_of_train\s225_tx04\map225_tx4_ratio0_0010.png
s225_tx09,225,9,0.001,46,0.12218115424420263,9.839232601735718,5.872940296621425,0.4130213999997068,kriging_results_of_train\s225_tx09\map225_tx9_ratio0_0010.png
s225_tx15,225,15,0.001,46,0.07039067463009745,8.324493171902237,5.500222834641063,0.38623719999941386,kriging_results_of_train\s225_tx15\map225_tx15_ratio0_0010.png
s225_tx18,225,18,0.001,46,0.0990084253916283,10.184465202640485,7.128931019947289,0.38018130000000383,kriging_results_of_train\s225_tx18\map225_tx18_ratio0_0010.png
s225_tx20,225,20,0.001,46,0.11665645605488505,10.586174614180267,6.092472305155525,0.3535788999997749,kriging_results_of_train\s225_tx20\map225_tx20_ratio0_0010.png
s225_tx25,225,25,0.001,46,0.0592124387164855,6.93870223516823,4.56744051602294,0.34772109999994427,kriging_results_of_train\s225_tx25\map225_tx25_ratio0_0010.png
s225_tx28,225,28,0.001,46,0.0812228333249178,9.697972560587571,6.715933537879273,0.3569274999999834,kriging_results_of_train\s225_tx28\map225_tx28_ratio0_0010.png
s225_tx32,225,32,0.001,46,0.061622108463546085,8.102192468222663,5.42046500442612,0.3680595000005269,kriging_results_of_train\s225_tx32\map225_tx32_ratio0_0010.png
s225_tx33,225,33,0.001,46,0.056620538193306216,7.89241484231212,5.332580781421389,0.36720659999991767,kriging_results_of_train\s225_tx33\map225_tx33_ratio0_0010.png
s225_tx40,225,40,0.001,46,0.053999101109921184,7.945705851031138,5.331854929453401,0.3897560000004887,kriging_results_of_train\s225_tx40\map225_tx40_ratio0_0010.png
s225_tx42,225,42,0.001,46,0.09133329255525731,9.236190756311357,5.693012144358658,0.3612998999997217,kriging_results_of_train\s225_tx42\map225_tx42_ratio0_0010.png
s225_tx43,225,43,0.001,46,0.07362655299680014,7.976897747884024,5.4483602001430445,0.37146190000021306,kriging_results_of_train\s225_tx43\map225_tx43_ratio0_0010.png
s225_tx46,225,46,0.001,46,0.11619004185754382,8.133316417959406,4.703677270026342,0.356438399999206,kriging_results_of_train\s225_tx46\map225_tx46_ratio0_0010.png
s225_tx58,225,58,0.001,46,0.12071207263411392,8.305529138788595,4.846134513481542,0.3838341999999102,kriging_results_of_train\s225_tx58\map225_tx58_ratio0_0010.png
s225_tx62,225,62,0.001,46,0.05704052557229039,8.058110896178938,5.48479298773504,0.3612910000001648,kriging_results_of_train\s225_tx62\map225_tx62_ratio0_0010.png
s225_tx63,225,63,0.001,46,0.0845676114337817,9.449819450922156,6.273549302788964,0.3538855999995576,kriging_results_of_train\s225_tx63\map225_tx63_ratio0_0010.png
s225_tx76,225,76,0.001,46,0.11304534875159483,7.628639463364084,4.305591530218274,0.37643389999993815,kriging_results_of_train\s225_tx76\map225_tx76_ratio0_0010.png
s225_tx78,225,78,0.001,46,0.070233695642725,8.326766777559744,5.553355297885992,0.3471309000005931,kriging_results_of_train\s225_tx78\map225_tx78_ratio0_0010.png
s225_tx79,225,79,0.001,46,0.07130258376769015,8.437201168707732,5.594387595454657,0.3590608999993492,kriging_results_of_train\s225_tx79\map225_tx79_ratio0_0010.png
s227_tx01,227,1,0.001,60,0.008513421407752323,4.3687849590358105,2.257383981868416,0.5088686999997662,kriging_results_of_train\s227_tx01\map227_tx1_ratio0_0010.png
s227_tx03,227,3,0.001,60,0.03117109284481463,6.615933084917043,3.383173044060449,0.5181132999996407,kriging_results_of_train\s227_tx03\map227_tx3_ratio0_0010.png
s227_tx20,227,20,0.001,60,0.007205229461573597,4.062037876447239,2.1683357330438655,0.5177519999997457,kriging_results_of_train\s227_tx20\map227_tx20_ratio0_0010.png
s227_tx24,227,24,0.001,60,0.008635011036768976,4.443293941722865,2.273681968805611,0.5219598000003316,kriging_results_of_train\s227_tx24\map227_tx24_ratio0_0010.png
s227_tx25,227,25,0.001,60,0.02864909098726748,5.299418867774327,2.616827351069522,0.49636569999984204,kriging_results_of_train\s227_tx25\map227_tx25_ratio0_0010.png
s227_tx30,227,30,0.001,60,0.008832794693461977,4.499150921579222,2.211497790178795,0.5295963999997184,kriging_results_of_train\s227_tx30\map227_tx30_ratio0_0010.png
s227_tx32,227,32,0.001,60,0.009955716976722696,4.64145434263186,2.6295330857823425,0.5118947000000844,kriging_results_of_train\s227_tx32\map227_tx32_ratio0_0010.png
s227_tx33,227,33,0.001,60,0.009659379830883427,4.562422039869544,2.5606448107120774,0.495933100000002,kriging_results_of_train\s227_tx33\map227_tx33_ratio0_0010.png
s227_tx43,227,43,0.001,60,0.01038628131381343,4.786686832282181,2.4702755195684367,0.5053374999997686,kriging_results_of_train\s227_tx43\map227_tx43_ratio0_0010.png
s227_tx50,227,50,0.001,60,0.013463819093782163,5.4236778307153495,2.6910085400325117,0.5065922000003411,kriging_results_of_train\s227_tx50\map227_tx50_ratio0_0010.png
s227_tx53,227,53,0.001,60,0.010875699879983257,4.633146893744853,2.4284544799953007,0.527463199999147,kriging_results_of_train\s227_tx53\map227_tx53_ratio0_0010.png
s227_tx58,227,58,0.001,60,0.009978867292563441,4.820725479353229,2.534143581967819,0.5053754999999001,kriging_results_of_train\s227_tx58\map227_tx58_ratio0_0010.png
s227_tx60,227,60,0.001,60,0.00758558395310734,4.158872340606732,2.150333466082927,0.5012797999997929,kriging_results_of_train\s227_tx60\map227_tx60_ratio0_0010.png
s227_tx63,227,63,0.001,60,0.0092805114798431,4.454528152709465,2.473730438957535,0.5213421000007656,kriging_results_of_train\s227_tx63\map227_tx63_ratio0_0010.png
s227_tx64,227,64,0.001,60,0.0078913908669396,4.211698799354579,2.15356467792035,0.48956920000000537,kriging_results_of_train\s227_tx64\map227_tx64_ratio0_0010.png
s227_tx72,227,72,0.001,60,0.009427091886060735,4.656649933052443,2.3980905854129464,0.4837305999999444,kriging_results_of_train\s227_tx72\map227_tx72_ratio0_0010.png
s227_tx73,227,73,0.001,60,0.013175279984183292,5.35482621141,2.720185581601118,0.48835830000007263,kriging_results_of_train\s227_tx73\map227_tx73_ratio0_0010.png
s227_tx74,227,74,0.001,60,0.00942697889946554,4.612161194269003,2.398016022108582,0.5198867999997674,kriging_results_of_train\s227_tx74\map227_tx74_ratio0_0010.png
s227_tx76,227,76,0.001,60,0.010117927075139617,4.791401161986331,2.5046614179199533,0.5106992000000901,kriging_results_of_train\s227_tx76\map227_tx76_ratio0_0010.png
s227_tx79,227,79,0.001,60,0.009292156658378696,4.592441321679401,2.456996613105023,0.5049077000003308,kriging_results_of_train\s227_tx79\map227_tx79_ratio0_0010.png
s230_tx00,230,0,0.001,45,0.04849891664825324,8.11950785917577,4.858648315865692,0.34918199999992794,kriging_results_of_train\s230_tx00\map230_tx0_ratio0_0010.png
s230_tx04,230,4,0.001,45,0.08452098552020579,9.130574977491085,6.209509652328594,0.3647071000004871,kriging_results_of_train\s230_tx04\map230_tx4_ratio0_0010.png
s230_tx12,230,12,0.001,45,0.07580909144299239,8.575842179239471,5.56819270232539,0.360936799999763,kriging_results_of_train\s230_tx12\map230_tx12_ratio0_0010.png
s230_tx16,230,16,0.001,45,0.05964587408609296,7.896833878742525,5.243693273702812,0.35639330000049085,kriging_results_of_train\s230_tx16\map230_tx16_ratio0_0010.png
s230_tx25,230,25,0.001,45,0.06358624121744172,7.903293519895058,5.25978109903195,0.3612719000002471,kriging_results_of_train\s230_tx25\map230_tx25_ratio0_0010.png
s230_tx27,230,27,0.001,45,0.05851017934693691,8.481907342656598,5.472053716342028,0.3427184000001944,kriging_results_of_train\s230_tx27\map230_tx27_ratio0_0010.png
s230_tx32,230,32,0.001,45,0.08163714803822675,7.310837594743936,4.953439148374185,0.3848714999994627,kriging_results_of_train\s230_tx32\map230_tx32_ratio0_0010.png
s230_tx40,230,40,0.001,45,0.07054284691857839,9.072543272042372,6.163170997763814,0.36225389999981417,kriging_results_of_train\s230_tx40\map230_tx40_ratio0_0010.png
s230_tx41,230,41,0.001,45,0.047359468671520896,8.04380298854488,4.8871774519101026,0.3476330000003145,kriging_results_of_train\s230_tx41\map230_tx41_ratio0_0010.png
s230_tx43,230,43,0.001,45,0.05134522310576115,8.300863427811283,4.909064649662453,0.3684568999997282,kriging_results_of_train\s230_tx43\map230_tx43_ratio0_0010.png
s230_tx48,230,48,0.001,45,0.06442110726122657,7.9626297899379175,4.817245509786388,0.3423711000004914,kriging_results_of_train\s230_tx48\map230_tx48_ratio0_0010.png
s230_tx50,230,50,0.001,45,0.07099949847209941,7.9678477956833955,5.195464905589557,0.3751874999998108,kriging_results_of_train\s230_tx50\map230_tx50_ratio0_0010.png
s230_tx51,230,51,0.001,45,0.07790810508993495,9.388126216384746,6.1786581904022135,0.34766510000008566,kriging_results_of_train\s230_tx51\map230_tx51_ratio0_0010.png
s230_tx54,230,54,0.001,45,0.0749510807680793,7.615246469194212,5.189564947646914,0.3742865999993228,kriging_results_of_train\s230_tx54\map230_tx54_ratio0_0010.png
s230_tx60,230,60,0.001,45,0.07471741211459304,9.820256448323969,6.504886213268636,0.3662967000000208,kriging_results_of_train\s230_tx60\map230_tx60_ratio0_0010.png
s230_tx64,230,64,0.001,45,0.07044856617995508,8.325760065560795,5.067139786377836,0.360429600000316,kriging_results_of_train\s230_tx64\map230_tx64_ratio0_0010.png
s230_tx65,230,65,0.001,45,0.08211454191588902,9.373324905318752,6.442658866677429,0.36854089999997086,kriging_results_of_train\s230_tx65\map230_tx65_ratio0_0010.png
s230_tx68,230,68,0.001,45,0.050650289473793866,8.279303721393273,4.998128549672561,0.35926670000026206,kriging_results_of_train\s230_tx68\map230_tx68_ratio0_0010.png
s230_tx71,230,71,0.001,45,0.06953087801867916,8.990954589088812,6.125575942710313,0.3552466999999524,kriging_results_of_train\s230_tx71\map230_tx71_ratio0_0010.png
s230_tx73,230,73,0.001,45,0.0710746262685909,7.440997937548966,4.789087219817781,0.37848480000047857,kriging_results_of_train\s230_tx73\map230_tx73_ratio0_0010.png
s239_tx00,239,0,0.001,58,0.026884761335464247,6.214472134987559,3.704673965118934,0.5048666000002413,kriging_results_of_train\s239_tx00\map239_tx0_ratio0_0010.png
s239_tx03,239,3,0.001,58,0.012904477128296279,4.885324077253101,2.7712082735747505,0.4803246000001309,kriging_results_of_train\s239_tx03\map239_tx3_ratio0_0010.png
s239_tx06,239,6,0.001,58,0.02464246903663146,6.112715887937284,3.4387476607196086,0.47579939999923226,kriging_results_of_train\s239_tx06\map239_tx6_ratio0_0010.png
s239_tx08,239,8,0.001,58,0.03013691900108853,5.403151289519199,3.0972263277761054,0.4866796999995131,kriging_results_of_train\s239_tx08\map239_tx8_ratio0_0010.png
s239_tx22,239,22,0.001,58,0.011915411367197848,4.92434542479756,2.9815399726753506,0.4900440000001254,kriging_results_of_train\s239_tx22\map239_tx22_ratio0_0010.png
s239_tx29,239,29,0.001,58,0.012658167193791352,5.137093718264003,3.1346061238510625,0.4958488000002035,kriging_results_of_train\s239_tx29\map239_tx29_ratio0_0010.png
s239_tx30,239,30,0.001,58,0.030590213829354267,5.405946973631235,3.0621342764570922,0.48866180000004533,kriging_results_of_train\s239_tx30\map239_tx30_ratio0_0010.png
s239_tx31,239,31,0.001,58,0.013324233077830247,5.181653477109074,3.079659637720908,0.5029076000000714,kriging_results_of_train\s239_tx31\map239_tx31_ratio0_0010.png
s239_tx32,239,32,0.001,58,0.028730206529843084,5.492816300431767,3.0882617827923142,0.47941010000067763,kriging_results_of_train\s239_tx32\map239_tx32_ratio0_0010.png
s239_tx37,239,37,0.001,58,0.01709515810514667,5.697030442638817,3.3201907426883013,0.4988349000004746,kriging_results_of_train\s239_tx37\map239_tx37_ratio0_0010.png
s239_tx41,239,41,0.001,58,0.043547927154842035,6.654835518258568,3.6099275547093352,0.4697094000002835,kriging_results_of_train\s239_tx41\map239_tx41_ratio0_0010.png
s239_tx43,239,43,0.001,58,0.012189350985729184,5.055143736104886,3.053235921528413,0.5157264999998006,kriging_results_of_train\s239_tx43\map239_tx43_ratio0_0010.png
s239_tx47,239,47,0.001,58,0.018064972126348087,5.542286495775561,3.2025352036701555,0.5066023999997924,kriging_results_of_train\s239_tx47\map239_tx47_ratio0_0010.png
s239_tx51,239,51,0.001,58,0.015016566586684068,5.258387124485512,2.999264059403108,0.4946335000004183,kriging_results_of_train\s239_tx51\map239_tx51_ratio0_0010.png
s239_tx58,239,58,0.001,58,0.01406739145120644,5.449405283273825,3.1600008332177474,0.4810151000001497,kriging_results_of_train\s239_tx58\map239_tx58_ratio0_0010.png
s239_tx61,239,61,0.001,58,0.014691044334027181,5.388457956221774,3.1036841850117183,0.49351560000013706,kriging_results_of_train\s239_tx61\map239_tx61_ratio0_0010.png
s239_tx64,239,64,0.001,58,0.040377749490768125,6.562970037796323,3.604809084520301,0.5115093000003981,kriging_results_of_train\s239_tx64\map239_tx64_ratio0_0010.png
s239_tx66,239,66,0.001,58,0.013743472276950604,5.368034926111835,3.263307614575599,0.4799647999998342,kriging_results_of_train\s239_tx66\map239_tx66_ratio0_0010.png
s239_tx67,239,67,0.001,58,0.015631060473733565,5.123252370807129,2.829625288553623,0.506507999999485,kriging_results_of_train\s239_tx67\map239_tx67_ratio0_0010.png
s239_tx74,239,74,0.001,58,0.014037176515572162,5.248696839064522,3.1608860765321785,0.4911763999998584,kriging_results_of_train\s239_tx74\map239_tx74_ratio0_0010.png
s244_tx00,244,0,0.001,61,0.027526804066575275,6.704403411552698,3.7371550640168105,0.5373185999997077,kriging_results_of_train\s244_tx00\map244_tx0_ratio0_0010.png
s244_tx03,244,3,0.001,61,0.019161506742144195,6.128177406849904,3.591252582826079,0.5340415999999095,kriging_results_of_train\s244_tx03\map244_tx3_ratio0_0010.png
s244_tx05,244,5,0.001,61,0.022002985390121733,5.8451045978569,3.2896659988835633,0.5444237000001522,kriging_results_of_train\s244_tx05\map244_tx5_ratio0_0010.png
s244_tx10,244,10,0.001,61,0.018292364111488386,6.077271316531268,3.594684846669507,0.5127763000000414,kriging_results_of_train\s244_tx10\map244_tx10_ratio0_0010.png
s244_tx11,244,11,0.001,61,0.01988011363673693,5.3080869456048685,3.1933452788107126,0.5294724999994287,kriging_results_of_train\s244_tx11\map244_tx11_ratio0_0010.png
s244_tx14,244,14,0.001,61,0.021842749538732203,6.005091790544392,3.4234045780412248,0.516108400000121,kriging_results_of_train\s244_tx14\map244_tx14_ratio0_0010.png
s244_tx21,244,21,0.001,61,0.018296853810977703,5.523019164980864,3.1610384143454877,0.5104565999999977,kriging_results_of_train\s244_tx21\map244_tx21_ratio0_0010.png
s244_tx23,244,23,0.001,61,0.01617277132039142,5.725414985056657,3.6185944092403735,0.5111570999997639,kriging_results_of_train\s244_tx23\map244_tx23_ratio0_0010.png
s244_tx24,244,24,0.001,61,0.0212934765844568,6.402047912901804,3.9891098960659295,0.5510524999999689,kriging_results_of_train\s244_tx24\map244_tx24_ratio0_0010.png
s244_tx26,244,26,0.001,61,0.017271813761001096,5.801714189085925,3.4549266685035263,0.5123659000000771,kriging_results_of_train\s244_tx26\map244_tx26_ratio0_0010.png
s244_tx31,244,31,0.001,61,0.018020560974969693,6.080681140004383,3.85264871081763,0.49541580000004615,kriging_results_of_train\s244_tx31\map244_tx31_ratio0_0010.png
s244_tx34,244,34,0.001,61,0.022513732815870373,6.613451982850337,3.748153709229969,0.5166286000003311,kriging_results_of_train\s244_tx34\map244_tx34_ratio0_0010.png
s244_tx38,244,38,0.001,61,0.02179542353846068,6.312559731418002,3.5561671991492876,0.555463100000452,kriging_results_of_train\s244_tx38\map244_tx38_ratio0_0010.png
s244_tx41,244,41,0.001,61,0.025335328429660804,6.774312199222871,3.9749766677324683,0.506257099999857,kriging_results_of_train\s244_tx41\map244_tx41_ratio0_0010.png
s244_tx51,244,51,0.001,61,0.02111112437258245,6.307504335845392,3.472422284945493,0.5062560999995185,kriging_results_of_train\s244_tx51\map244_tx51_ratio0_0010.png
s244_tx58,244,58,0.001,61,0.020442359737516708,6.034389690490525,3.2053896626692944,0.5600696999999855,kriging_results_of_train\s244_tx58\map244_tx58_ratio0_0010.png
s244_tx63,244,63,0.001,61,0.021134115762889507,4.586282994095309,2.5908750980323414,0.5580657000000429,kriging_results_of_train\s244_tx63\map244_tx63_ratio0_0010.png
s244_tx65,244,65,0.001,61,0.016940202689652285,5.773867017516502,3.618079476611479,0.5191205999999511,kriging_results_of_train\s244_tx65\map244_tx65_ratio0_0010.png
s244_tx66,244,66,0.001,61,0.02151927803845896,6.540908347172832,4.067954259402069,0.5332383000004484,kriging_results_of_train\s244_tx66\map244_tx66_ratio0_0010.png
s244_tx67,244,67,0.001,61,0.017174764174201454,5.759440110834295,3.4388147638528452,0.5538690000003044,kriging_results_of_train\s244_tx67\map244_tx67_ratio0_0010.png
s253_tx02,253,2,0.001,53,0.04102474899818197,7.3940800391630095,4.816884805538408,0.4084040999996432,kriging_results_of_train\s253_tx02\map253_tx2_ratio0_0010.png
s253_tx05,253,5,0.001,53,0.04758479693603122,6.72579111077748,4.227863746903314,0.4613490000001548,kriging_results_of_train\s253_tx05\map253_tx5_ratio0_0010.png
s253_tx06,253,6,0.001,53,0.037350245046815125,7.801118298466754,4.821604949539808,0.43914289999975153,kriging_results_of_train\s253_tx06\map253_tx6_ratio0_0010.png
s253_tx12,253,12,0.001,53,0.05350068707031644,8.16590528699943,5.536421636276738,0.44450229999984003,kriging_results_of_train\s253_tx12\map253_tx12_ratio0_0010.png
s253_tx15,253,15,0.001,53,0.03998534684123894,8.030871824202476,5.2003938327015655,0.4487891999997373,kriging_results_of_train\s253_tx15\map253_tx15_ratio0_0010.png
s253_tx16,253,16,0.001,53,0.03989516422778788,8.18452017832909,5.413769389818086,0.4143904000002294,kriging_results_of_train\s253_tx16\map253_tx16_ratio0_0010.png
s253_tx26,253,26,0.001,53,0.042747296090980214,8.299631220584441,5.489304209570139,0.41981810000015685,kriging_results_of_train\s253_tx26\map253_tx26_ratio0_0010.png
s253_tx28,253,28,0.001,53,0.05322691209822224,8.253162150534669,5.242291184309914,0.43566959999952815,kriging_results_of_train\s253_tx28\map253_tx28_ratio0_0010.png
s253_tx31,253,31,0.001,53,0.05513795558107025,7.531386958356498,5.06517953455575,0.44539759999952366,kriging_results_of_train\s253_tx31\map253_tx31_ratio0_0010.png
s253_tx32,253,32,0.001,53,0.039744011423810136,7.492843632836743,4.920928534498115,0.4297150000002148,kriging_results_of_train\s253_tx32\map253_tx32_ratio0_0010.png
s253_tx33,253,33,0.001,53,0.03952190995941491,7.583201684591989,4.908210088634661,0.45017209999969054,kriging_results_of_train\s253_tx33\map253_tx33_ratio0_0010.png
s253_tx38,253,38,0.001,53,0.0663541124651171,7.595787681300749,4.7519612157890885,0.45276860000012675,kriging_results_of_train\s253_tx38\map253_tx38_ratio0_0010.png
s253_tx39,253,39,0.001,53,0.03630400075542351,7.648135561235407,4.93386107050826,0.4377820999998221,kriging_results_of_train\s253_tx39\map253_tx39_ratio0_0010.png
s253_tx41,253,41,0.001,53,0.07022122833810349,7.074815108176125,4.2998424908405015,0.45048659999974916,kriging_results_of_train\s253_tx41\map253_tx41_ratio0_0010.png
s253_tx45,253,45,0.001,53,0.04477022179735799,7.8721524538792025,5.225868752322128,0.4386229000001549,kriging_results_of_train\s253_tx45\map253_tx45_ratio0_0010.png
s253_tx48,253,48,0.001,53,0.05638388584033574,6.416331773929472,4.158612207303698,0.4719073999995089,kriging_results_of_train\s253_tx48\map253_tx48_ratio0_0010.png
s253_tx49,253,49,0.001,53,0.03837958607183672,7.908876028105636,4.922785568156846,0.4467208000005485,kriging_results_of_train\s253_tx49\map253_tx49_ratio0_0010.png
s253_tx58,253,58,0.001,53,0.0632161114128999,6.714422907687127,4.407600952292386,0.4411010999992868,kriging_results_of_train\s253_tx58\map253_tx58_ratio0_0010.png
s253_tx70,253,70,0.001,53,0.04963793980298571,7.3253899569335275,4.827228520907777,0.4321098999998867,kriging_results_of_train\s253_tx70\map253_tx70_ratio0_0010.png
s253_tx71,253,71,0.001,53,0.05313489032638555,8.21554929881179,5.256859757103742,0.4105221999998321,kriging_results_of_train\s253_tx71\map253_tx71_ratio0_0010.png
s263_tx00,263,0,0.001,56,0.02767700048582978,6.039908682690206,3.703114808652609,0.47410000000036234,kriging_results_of_train\s263_tx00\map263_tx0_ratio0_0010.png
s263_tx02,263,2,0.001,56,0.03187054364254263,6.775362902985154,4.31770952903987,0.470553000000109,kriging_results_of_train\s263_tx02\map263_tx2_ratio0_0010.png
s263_tx08,263,8,0.001,56,0.03458371569109695,6.124546841910094,3.8912375295598376,0.4494905999999901,kriging_results_of_train\s263_tx08\map263_tx8_ratio0_0010.png
s263_tx11,263,11,0.001,56,0.03611803710607307,7.400026976203751,4.6055271084849725,0.47116970000024594,kriging_results_of_train\s263_tx11\map263_tx11_ratio0_0010.png
s263_tx27,263,27,0.001,56,0.03301784743114186,6.931613232448696,4.324910681231228,0.4740117999999711,kriging_results_of_train\s263_tx27\map263_tx27_ratio0_0010.png
s263_tx28,263,28,0.001,56,0.030149450634690052,6.069622596227893,3.5030341228510653,0.47155970000039815,kriging_results_of_train\s263_tx28\map263_tx28_ratio0_0010.png
s263_tx30,263,30,0.001,56,0.035252951553124925,7.354538701092049,4.648357697296157,0.4661035000008269,kriging_results_of_train\s263_tx30\map263_tx30_ratio0_0010.png
s263_tx37,263,37,0.001,56,0.03681555379003971,6.970192660855786,4.490222390437096,0.49373130000003584,kriging_results_of_train\s263_tx37\map263_tx37_ratio0_0010.png
s263_tx39,263,39,0.001,56,0.023388913733321325,5.84285007508483,3.539900985869538,0.47749800000019604,kriging_results_of_train\s263_tx39\map263_tx39_ratio0_0010.png
s263_tx50,263,50,0.001,56,0.033024164128356306,5.963349427464068,3.5313609988145567,0.5034734999999273,kriging_results_of_train\s263_tx50\map263_tx50_ratio0_0010.png
s263_tx51,263,51,0.001,56,0.04338260334232359,7.7848080067037655,4.640429292444473,0.4580553999994663,kriging_results_of_train\s263_tx51\map263_tx51_ratio0_0010.png
s263_tx52,263,52,0.001,56,0.047292936967399765,8.147626124225576,4.79343571235377,0.47010409999984404,kriging_results_of_train\s263_tx52\map263_tx52_ratio0_0010.png
s263_tx61,263,61,0.001,56,0.030261953186584867,6.64009358138042,4.036830456515646,0.4533942999996725,kriging_results_of_train\s263_tx61\map263_tx61_ratio0_0010.png
s263_tx63,263,63,0.001,56,0.03836019040723804,7.078217120089464,4.459334392737313,0.4941756999996869,kriging_results_of_train\s263_tx63\map263_tx63_ratio0_0010.png
s263_tx64,263,64,0.001,56,0.0349303511320294,7.384715856833073,4.6712132839199505,0.48815560000002733,kriging_results_of_train\s263_tx64\map263_tx64_ratio0_0010.png
s263_tx69,263,69,0.001,56,0.02934795422633524,6.503983622073925,3.9338458039923743,0.49863749999985885,kriging_results_of_train\s263_tx69\map263_tx69_ratio0_0010.png
s263_tx72,263,72,0.001,56,0.03453561509745949,6.474548534963824,4.0928965362844645,0.4625155999992785,kriging_results_of_train\s263_tx72\map263_tx72_ratio0_0010.png
s263_tx76,263,76,0.001,56,0.03471915957037903,6.864327419202053,4.043511475537038,0.47502910000002885,kriging_results_of_train\s263_tx76\map263_tx76_ratio0_0010.png
s263_tx78,263,78,0.001,56,0.038465729291207215,7.727096512471612,4.54642771109749,0.47318819999964035,kriging_results_of_train\s263_tx78\map263_tx78_ratio0_0010.png
s263_tx79,263,79,0.001,56,0.03006313668214129,6.534940289224598,4.160062607545005,0.47272679999969114,kriging_results_of_train\s263_tx79\map263_tx79_ratio0_0010.png
s275_tx02,275,2,0.001,57,0.047939195331691546,8.731180620146324,4.541010022254814,0.47792479999952775,kriging_results_of_train\s275_tx02\map275_tx2_ratio0_0010.png
s275_tx03,275,3,0.001,57,0.034621468941643516,6.178996429454921,3.938157613150421,0.4858653000001141,kriging_results_of_train\s275_tx03\map275_tx3_ratio0_0010.png
s275_tx05,275,5,0.001,57,0.050153016569292594,8.82677946548372,4.509139350891521,0.493416199999956,kriging_results_of_train\s275_tx05\map275_tx5_ratio0_0010.png
s275_tx13,275,13,0.001,57,0.03741951506873067,6.92579114925321,4.408345807155493,0.5147005999997418,kriging_results_of_train\s275_tx13\map275_tx13_ratio0_0010.png
s275_tx15,275,15,0.001,57,0.03362167053590057,6.443292946472429,4.003211651927776,0.47155170000041835,kriging_results_of_train\s275_tx15\map275_tx15_ratio0_0010.png
s275_tx16,275,16,0.001,57,0.04442371874443839,8.002773072051074,4.409545022272928,0.48321060000034777,kriging_results_of_train\s275_tx16\map275_tx16_ratio0_0010.png
s275_tx17,275,17,0.001,57,0.03509274497193022,6.093818711478422,3.8615999418935383,0.4702183999997942,kriging_results_of_train\s275_tx17\map275_tx17_ratio0_0010.png
s275_tx18,275,18,0.001,57,0.055772640403112285,7.971664554361302,4.498217469508134,0.468923000000359,kriging_results_of_train\s275_tx18\map275_tx18_ratio0_0010.png
s275_tx19,275,19,0.001,57,0.021351612427026163,6.16386927129399,3.6954699817031473,0.4754358999998658,kriging_results_of_train\s275_tx19\map275_tx19_ratio0_0010.png
s275_tx29,275,29,0.001,57,0.0383617938400082,7.661998128780013,4.292661482663285,0.4789350999999442,kriging_results_of_train\s275_tx29\map275_tx29_ratio0_0010.png
s275_tx38,275,38,0.001,57,0.03451278097018717,6.290486016542521,3.8214160683989817,0.4808498000002146,kriging_results_of_train\s275_tx38\map275_tx38_ratio0_0010.png
s275_tx43,275,43,0.001,57,0.019485707874941284,5.352850248490606,3.1718435167222374,0.49432880000040313,kriging_results_of_train\s275_tx43\map275_tx43_ratio0_0010.png
s275_tx47,275,47,0.001,57,0.02345702050384907,5.849286652511601,3.6445281354587844,0.46688240000003134,kriging_results_of_train\s275_tx47\map275_tx47_ratio0_0010.png
s275_tx49,275,49,0.001,57,0.03839905694417022,7.248274450908361,4.825163321267222,0.461401499999738,kriging_results_of_train\s275_tx49\map275_tx49_ratio0_0010.png
s275_tx56,275,56,0.001,57,0.03555476608263309,7.751653323109906,4.325652222186962,0.4671922000006816,kriging_results_of_train\s275_tx56\map275_tx56_ratio0_0010.png
s275_tx57,275,57,0.001,57,0.03526291196933333,6.245183969631818,3.982974271793512,0.48179500000060216,kriging_results_of_train\s275_tx57\map275_tx57_ratio0_0010.png
s275_tx61,275,61,0.001,57,0.0367981232834825,6.392430910629616,3.938805844305024,0.4739910999996937,kriging_results_of_train\s275_tx61\map275_tx61_ratio0_0010.png
s275_tx68,275,68,0.001,57,0.03978048807277828,6.378074845023291,4.1569449939043,0.4858985999999277,kriging_results_of_train\s275_tx68\map275_tx68_ratio0_0010.png
s275_tx69,275,69,0.001,57,0.04154392056226296,7.130604099299424,4.4521180493258985,0.474923800000397,kriging_results_of_train\s275_tx69\map275_tx69_ratio0_0010.png
s275_tx74,275,74,0.001,57,0.0314729349534718,6.896307916436386,4.571466142993612,0.46372619999965536,kriging_results_of_train\s275_tx74\map275_tx74_ratio0_0010.png
s276_tx09,276,9,0.001,49,0.07556490637984334,9.156635321153836,6.187543124337026,0.3982442999995328,kriging_results_of_train\s276_tx09\map276_tx9_ratio0_0010.png
s276_tx12,276,12,0.001,49,0.062125438790146016,8.706557016456232,5.862826702265961,0.3928243000000293,kriging_results_of_train\s276_tx12\map276_tx12_ratio0_0010.png
s276_tx14,276,14,0.001,49,0.06534180112670962,8.758955234286935,5.8004256485960575,0.40986179999981687,kriging_results_of_train\s276_tx14\map276_tx14_ratio0_0010.png
s276_tx20,276,20,0.001,49,0.0488159834287053,7.841632541490226,5.080176172719982,0.441420900000594,kriging_results_of_train\s276_tx20\map276_tx20_ratio0_0010.png
s276_tx24,276,24,0.001,49,0.07395979458668807,8.056588635137114,5.4352821536287665,0.4385856999997486,kriging_results_of_train\s276_tx24\map276_tx24_ratio0_0010.png
s276_tx27,276,27,0.001,49,0.06598460811944021,8.814946239818122,5.8585909640888625,0.40180529999997816,kriging_results_of_train\s276_tx27\map276_tx27_ratio0_0010.png
s276_tx30,276,30,0.001,49,0.0586352252337299,7.702493907161683,5.095584931552761,0.403853099999651,kriging_results_of_train\s276_tx30\map276_tx30_ratio0_0010.png
s276_tx37,276,37,0.001,49,0.08005886098330305,8.901803566620767,5.923973023839936,0.4017161000001579,kriging_results_of_train\s276_tx37\map276_tx37_ratio0_0010.png
s276_tx38,276,38,0.001,49,0.04934653162160005,7.79938444409431,5.017456167092259,0.4124274999994668,kriging_results_of_train\s276_tx38\map276_tx38_ratio0_0010.png
s276_tx39,276,39,0.001,49,0.05940495819438677,8.85747180482825,5.803735124617919,0.39386999999987893,kriging_results_of_train\s276_tx39\map276_tx39_ratio0_0010.png
s276_tx51,276,51,0.001,49,0.05618335547537271,8.224477698837875,5.326526910612389,0.3860110000005079,kriging_results_of_train\s276_tx51\map276_tx51_ratio0_0010.png
s276_tx56,276,56,0.001,49,0.07017958146371427,9.001245883047774,6.017774730657098,0.3863436999999976,kriging_results_of_train\s276_tx56\map276_tx56_ratio0_0010.png
s276_tx58,276,58,0.001,49,0.06098685780947701,8.459671602633557,5.777198350676303,0.39658049999979994,kriging_results_of_train\s276_tx58\map276_tx58_ratio0_0010.png
s276_tx60,276,60,0.001,49,0.07480826069476514,7.904197454570476,5.503598306487041,0.412580700000035,kriging_results_of_train\s276_tx60\map276_tx60_ratio0_0010.png
s276_tx62,276,62,0.001,49,0.051439304952193864,8.087111705144,5.380237040242431,0.40541510000002745,kriging_results_of_train\s276_tx62\map276_tx62_ratio0_0010.png
s276_tx64,276,64,0.001,49,0.07301763027561922,7.87623129664635,5.451747953629287,0.39522999999917374,kriging_results_of_train\s276_tx64\map276_tx64_ratio0_0010.png
s276_tx65,276,65,0.001,49,0.06327625873482769,8.033471965216016,5.214574304646074,0.38272649999998976,kriging_results_of_train\s276_tx65\map276_tx65_ratio0_0010.png
s276_tx74,276,74,0.001,49,0.06654186724765113,7.548824522394047,5.062691692501592,0.4035812000001897,kriging_results_of_train\s276_tx74\map276_tx74_ratio0_0010.png
s276_tx75,276,75,0.001,49,0.0620251299222317,7.896784251470202,5.276971171552681,0.3977429000005941,kriging_results_of_train\s276_tx75\map276_tx75_ratio0_0010.png
s276_tx76,276,76,0.001,49,0.04419846703899522,7.554915975276365,4.868014953034303,0.4120532999995703,kriging_results_of_train\s276_tx76\map276_tx76_ratio0_0010.png
s293_tx01,293,1,0.001,53,0.03606215235296608,7.136193774267013,4.141765651569388,0.4313187999996444,kriging_results_of_train\s293_tx01\map293_tx1_ratio0_0010.png
s293_tx02,293,2,0.001,53,0.041965055532126684,6.714184036716036,3.918473042226775,0.4548841999994693,kriging_results_of_train\s293_tx02\map293_tx2_ratio0_0010.png
s293_tx05,293,5,0.001,53,0.048549812739006847,6.849708070168281,3.736175221213689,0.4463042999996105,kriging_results_of_train\s293_tx05\map293_tx5_ratio0_0010.png
s293_tx08,293,8,0.001,53,0.014816446811512627,5.635751973891892,3.112567076997692,0.4423227000006591,kriging_results_of_train\s293_tx08\map293_tx8_ratio0_0010.png
s293_tx14,293,14,0.001,53,0.05431167154632507,8.225998338692909,4.903547876343309,0.44929080000019894,kriging_results_of_train\s293_tx14\map293_tx14_ratio0_0010.png
s293_tx16,293,16,0.001,53,0.02152327431513094,6.639782197576015,3.553501272916934,0.4633045000000493,kriging_results_of_train\s293_tx16\map293_tx16_ratio0_0010.png
s293_tx17,293,17,0.001,53,0.017603719868637686,6.179599170223593,3.24598092054074,0.45109839999986434,kriging_results_of_train\s293_tx17\map293_tx17_ratio0_0010.png
s293_tx19,293,19,0.001,53,0.04990686976161514,6.976639487019022,3.7802412352413537,0.45156150000002526,kriging_results_of_train\s293_tx19\map293_tx19_ratio0_0010.png
s293_tx21,293,21,0.001,53,0.04288481813475784,7.203661588142272,3.7683265922920746,0.4324043000005986,kriging_results_of_train\s293_tx21\map293_tx21_ratio0_0010.png
s293_tx24,293,24,0.001,53,0.016854405310081307,6.011067515572791,3.3027564046361335,0.4393954000006488,kriging_results_of_train\s293_tx24\map293_tx24_ratio0_0010.png
s293_tx33,293,33,0.001,53,0.041766264074656466,7.470437867852026,4.70442844883814,0.4526065000000017,kriging_results_of_train\s293_tx33\map293_tx33_ratio0_0010.png
s293_tx35,293,35,0.001,53,0.037946401160611175,6.696250257640883,3.690273503347537,0.44060909999916475,kriging_results_of_train\s293_tx35\map293_tx35_ratio0_0010.png
s293_tx36,293,36,0.001,53,0.05528414508548842,8.481601740597991,5.075046757163239,0.4045700999995461,kriging_results_of_train\s293_tx36\map293_tx36_ratio0_0010.png
s293_tx40,293,40,0.001,53,0.014377627008236624,5.561083439640231,2.9684957268363648,0.4423031999995146,kriging_results_of_train\s293_tx40\map293_tx40_ratio0_0010.png
s293_tx42,293,42,0.001,53,0.04558039539877503,7.747697260032644,4.424269769598866,0.4102052999996886,kriging_results_of_train\s293_tx42\map293_tx42_ratio0_0010.png
s293_tx48,293,48,0.001,53,0.02127210874818054,6.720617938376437,3.479865246992305,0.44609740000032616,kriging_results_of_train\s293_tx48\map293_tx48_ratio0_0010.png
s293_tx49,293,49,0.001,53,0.04099777015038135,7.014740495095382,4.089118590686932,0.5051166000002922,kriging_results_of_train\s293_tx49\map293_tx49_ratio0_0010.png
s293_tx53,293,53,0.001,53,0.0555552619177266,8.274570593808095,4.959824276945423,0.4335928000000422,kriging_results_of_train\s293_tx53\map293_tx53_ratio0_0010.png
s293_tx54,293,54,0.001,53,0.018493996564360803,6.102436218339066,3.0672662986522536,0.44352339999932155,kriging_results_of_train\s293_tx54\map293_tx54_ratio0_0010.png
s293_tx66,293,66,0.001,53,0.04778798200902402,7.669195486270307,4.442947829630917,0.4323592999999164,kriging_results_of_train\s293_tx66\map293_tx66_ratio0_0010.png
s307_tx03,307,3,0.001,49,0.05133244496385016,8.423020420797911,5.2754362322269355,0.4162381000005553,kriging_results_of_train\s307_tx03\map307_tx3_ratio0_0010.png
s307_tx04,307,4,0.001,49,0.03610108134185376,7.959810124181141,4.874868016977514,0.414998100000048,kriging_results_of_train\s307_tx04\map307_tx4_ratio0_0010.png
s307_tx07,307,7,0.001,49,0.03513759993239641,7.920880023186163,4.825897598726476,0.40275110000038694,kriging_results_of_train\s307_tx07\map307_tx7_ratio0_0010.png
s307_tx09,307,9,0.001,49,0.037329707529903784,8.042335637617182,5.027155547719698,0.3921485999999277,kriging_results_of_train\s307_tx09\map307_tx9_ratio0_0010.png
s307_tx10,307,10,0.001,49,0.04047634097001752,8.55393290633849,5.365722445175437,0.39157929999964836,kriging_results_of_train\s307_tx10\map307_tx10_ratio0_0010.png
s307_tx11,307,11,0.001,49,0.04891827846916561,7.267380693610805,4.817930444986434,0.39451890000054846,kriging_results_of_train\s307_tx11\map307_tx11_ratio0_0010.png
s307_tx14,307,14,0.001,49,0.050743385145256024,9.368122153810708,5.938016407637043,0.4287825999999768,kriging_results_of_train\s307_tx14\map307_tx14_ratio0_0010.png
s307_tx15,307,15,0.001,49,0.04806619563086552,9.166196581787696,5.7631794003188705,0.3898221999997986,kriging_results_of_train\s307_tx15\map307_tx15_ratio0_0010.png
s307_tx21,307,21,0.001,49,0.06489444144472813,8.270681191731185,5.229222981536791,0.4187104000002364,kriging_results_of_train\s307_tx21\map307_tx21_ratio0_0010.png
s307_tx23,307,23,0.001,49,0.061324373907732294,6.105263218483834,3.607357926110619,0.4189825000003111,kriging_results_of_train\s307_tx23\map307_tx23_ratio0_0010.png
s307_tx30,307,30,0.001,49,0.04198329429394771,8.69611019616077,5.4571788174649924,0.39676020000024437,kriging_results_of_train\s307_tx30\map307_tx30_ratio0_0010.png
s307_tx38,307,38,0.001,49,0.05669973352601964,7.998249872859164,5.2491112934676165,0.40701869999975315,kriging_results_of_train\s307_tx38\map307_tx38_ratio0_0010.png
s307_tx39,307,39,0.001,49,0.06035031282160859,7.893995545369461,5.103173152156373,0.42071499999929074,kriging_results_of_train\s307_tx39\map307_tx39_ratio0_0010.png
s307_tx43,307,43,0.001,49,0.03350392360712609,7.585692294657913,4.537302408455921,0.4263909000001149,kriging_results_of_train\s307_tx43\map307_tx43_ratio0_0010.png
s307_tx49,307,49,0.001,49,0.03722512507564833,8.00848445709526,5.00161415421698,0.4057522000002791,kriging_results_of_train\s307_tx49\map307_tx49_ratio0_0010.png
s307_tx52,307,52,0.001,49,0.037785794658294854,8.157554231090886,5.16766272009945,0.38369409999995696,kriging_results_of_train\s307_tx52\map307_tx52_ratio0_0010.png
s307_tx65,307,65,0.001,49,0.042274535705486546,8.813040999585146,5.679376085515635,0.4075979000008374,kriging_results_of_train\s307_tx65\map307_tx65_ratio0_0010.png
s307_tx70,307,70,0.001,49,0.05942054992989612,8.327755328836494,5.267324114378773,0.39747799999986455,kriging_results_of_train\s307_tx70\map307_tx70_ratio0_0010.png
s307_tx72,307,72,0.001,49,0.0474517447887333,9.033682710505458,5.8983394876669,0.4115343999992547,kriging_results_of_train\s307_tx72\map307_tx72_ratio0_0010.png
s307_tx75,307,75,0.001,49,0.05774522630128714,7.627596406537454,4.874374623326998,0.390300500000194,kriging_results_of_train\s307_tx75\map307_tx75_ratio0_0010.png
s323_tx13,323,13,0.001,56,0.027836621240826812,6.587740510791723,4.0161699046735855,0.47081510000043636,kriging_results_of_train\s323_tx13\map323_tx13_ratio0_0010.png
s323_tx18,323,18,0.001,56,0.0204275401817611,5.624083732341917,3.37959649552989,0.49081240000032267,kriging_results_of_train\s323_tx18\map323_tx18_ratio0_0010.png
s323_tx21,323,21,0.001,56,0.02218164342749553,5.26477320704138,3.1703068615911163,0.47029879999990953,kriging_results_of_train\s323_tx21\map323_tx21_ratio0_0010.png
s323_tx24,323,24,0.001,56,0.02744587987514906,6.187667620438929,3.67278279931097,0.45508949999930337,kriging_results_of_train\s323_tx24\map323_tx24_ratio0_0010.png
s323_tx28,323,28,0.001,56,0.021602861099239458,6.104229128275323,3.6543305659897776,0.4807020999996894,kriging_results_of_train\s323_tx28\map323_tx28_ratio0_0010.png
s323_tx31,323,31,0.001,56,0.023311319295328578,6.251074938449479,4.023448750514234,0.48234099999990576,kriging_results_of_train\s323_tx31\map323_tx31_ratio0_0010.png
s323_tx33,323,33,0.001,56,0.019253638405623184,5.643965526279907,3.364233785181633,0.4936548000005132,kriging_results_of_train\s323_tx33\map323_tx33_ratio0_0010.png
s323_tx41,323,41,0.001,56,0.033495937593837094,7.044855988953394,4.33096166231577,0.4932122000000163,kriging_results_of_train\s323_tx41\map323_tx41_ratio0_0010.png
s323_tx42,323,42,0.001,56,0.021476972057486752,5.798952422675708,3.3680654727485755,0.48238649999984773,kriging_results_of_train\s323_tx42\map323_tx42_ratio0_0010.png
s323_tx45,323,45,0.001,56,0.042793427935378776,7.300653460613183,4.150608130283941,0.4808970000003683,kriging_results_of_train\s323_tx45\map323_tx45_ratio0_0010.png
s323_tx55,323,55,0.001,56,0.03981717639951567,7.034169763830595,3.9271884888758413,0.451775199999247,kriging_results_of_train\s323_tx55\map323_tx55_ratio0_0010.png
s323_tx58,323,58,0.001,56,0.023362964203038898,6.247205790856099,4.015845306473203,0.4726551000003383,kriging_results_of_train\s323_tx58\map323_tx58_ratio0_0010.png
s323_tx64,323,64,0.001,56,0.024772618871516057,5.5514066865090825,3.141944238625388,0.4821884000002683,kriging_results_of_train\s323_tx64\map323_tx64_ratio0_0010.png
s323_tx68,323,68,0.001,56,0.0228553957851953,5.858921385441312,3.689521332937889,0.4738700999996581,kriging_results_of_train\s323_tx68\map323_tx68_ratio0_0010.png
s323_tx69,323,69,0.001,56,0.02027740718491764,5.753379103555442,3.4052333431069224,0.469884600000114,kriging_results_of_train\s323_tx69\map323_tx69_ratio0_0010.png
s323_tx70,323,70,0.001,56,0.04864177688473421,7.078869052314731,3.771893869633948,0.4740148999999292,kriging_results_of_train\s323_tx70\map323_tx70_ratio0_0010.png
s323_tx71,323,71,0.001,56,0.021881969684153603,5.632599555150063,3.5706840880920225,0.4763533000004827,kriging_results_of_train\s323_tx71\map323_tx71_ratio0_0010.png
s323_tx72,323,72,0.001,56,0.01821803210963612,5.391584137803503,3.22443975611978,0.4642599999997401,kriging_results_of_train\s323_tx72\map323_tx72_ratio0_0010.png
s323_tx74,323,74,0.001,56,0.027893871565330925,6.741166280358673,4.071270947174659,0.4746387000004688,kriging_results_of_train\s323_tx74\map323_tx74_ratio0_0010.png
s323_tx79,323,79,0.001,56,0.038057314515985874,6.790687900589007,3.7754015617898045,0.4632307000001674,kriging_results_of_train\s323_tx79\map323_tx79_ratio0_0010.png
s328_tx06,328,6,0.001,53,0.04607186546495098,7.291541990826262,4.518901756204125,0.4512732999992295,kriging_results_of_train\s328_tx06\map328_tx6_ratio0_0010.png
s328_tx10,328,10,0.001,53,0.04679693869617934,6.257996828143488,4.330280272600604,0.46709329999976035,kriging_results_of_train\s328_tx10\map328_tx10_ratio0_0010.png
s328_tx11,328,11,0.001,53,0.03646929905767062,7.543353985609556,4.926809358963271,0.45146569999997155,kriging_results_of_train\s328_tx11\map328_tx11_ratio0_0010.png
s328_tx20,328,20,0.001,53,0.05866822149514761,7.7002192305849935,4.868182714847009,0.4814008000003014,kriging_results_of_train\s328_tx20\map328_tx20_ratio0_0010.png
s328_tx28,328,28,0.001,53,0.04890601845197975,7.016614742113489,4.738066888413417,0.45509449999917706,kriging_results_of_train\s328_tx28\map328_tx28_ratio0_0010.png
s328_tx32,328,32,0.001,53,0.04804930799033193,7.106010401115837,4.749495939520328,0.42560540000067704,kriging_results_of_train\s328_tx32\map328_tx32_ratio0_0010.png
s328_tx33,328,33,0.001,53,0.032577640158105374,7.078241780562016,4.586707432591916,0.46819029999915074,kriging_results_of_train\s328_tx33\map328_tx33_ratio0_0010.png
s328_tx34,328,34,0.001,53,0.057576628097527796,6.9756955836178465,4.666299770586637,0.4503598000001148,kriging_results_of_train\s328_tx34\map328_tx34_ratio0_0010.png
s328_tx38,328,38,0.001,53,0.04489541431749476,7.159800265082778,4.869154852074116,0.4520284000000174,kriging_results_of_train\s328_tx38\map328_tx38_ratio0_0010.png
s328_tx41,328,41,0.001,53,0.04347230626083106,7.720232288389571,5.04968170798052,0.4650517999998556,kriging_results_of_train\s328_tx41\map328_tx41_ratio0_0010.png
s328_tx45,328,45,0.001,53,0.04291846563596016,6.1457914000748355,4.174547708563986,0.44593239999994694,kriging_results_of_train\s328_tx45\map328_tx45_ratio0_0010.png
s328_tx47,328,47,0.001,53,0.04387125202221996,7.258960162802028,4.632408108480176,0.44889080000029935,kriging_results_of_train\s328_tx47\map328_tx47_ratio0_0010.png
s328_tx50,328,50,0.001,53,0.03683146567763485,6.500620504330689,4.19639847200709,0.4352497999998377,kriging_results_of_train\s328_tx50\map328_tx50_ratio0_0010.png
s328_tx52,328,52,0.001,53,0.049995329058929436,7.920813399038769,4.994491550813589,0.47387069999967935,kriging_results_of_train\s328_tx52\map328_tx52_ratio0_0010.png
s328_tx53,328,53,0.001,53,0.050536887104575864,7.01680261299011,4.689880841629096,0.43967220000013185,kriging_results_of_train\s328_tx53\map328_tx53_ratio0_0010.png
s328_tx54,328,54,0.001,53,0.05482279055386996,7.163222055341214,4.774532118130438,0.44876490000024205,kriging_results_of_train\s328_tx54\map328_tx54_ratio0_0010.png
s328_tx58,328,58,0.001,53,0.03835225017484252,6.795139294896472,4.230187665366548,0.4357670999997936,kriging_results_of_train\s328_tx58\map328_tx58_ratio0_0010.png
s328_tx66,328,66,0.001,53,0.05101673904617283,7.652378286433443,4.779907200082156,0.43988979999994626,kriging_results_of_train\s328_tx66\map328_tx66_ratio0_0010.png
s328_tx74,328,74,0.001,53,0.04370802042193851,7.691192817990169,5.018884425982868,0.4333747000000585,kriging_results_of_train\s328_tx74\map328_tx74_ratio0_0010.png
s328_tx78,328,78,0.001,53,0.05077399268879928,6.810205135827205,4.412741924947679,0.4428760999999213,kriging_results_of_train\s328_tx78\map328_tx78_ratio0_0010.png
s330_tx00,330,0,0.001,37,0.10273836385829842,7.86612926481176,4.6884430075638175,0.2804630000000543,kriging_results_of_train\s330_tx00\map330_tx0_ratio0_0010.png
s330_tx04,330,4,0.001,37,0.0959673149569245,7.395123131560182,4.877862795068061,0.27701690000048984,kriging_results_of_train\s330_tx04\map330_tx4_ratio0_0010.png
s330_tx05,330,5,0.001,37,0.12728724126644053,10.62046309479403,6.171949482216829,0.2670323999991524,kriging_results_of_train\s330_tx05\map330_tx5_ratio0_0010.png
s330_tx19,330,19,0.001,37,0.11514336825182557,8.601302310368547,5.301260035663729,0.264106399999946,kriging_results_of_train\s330_tx19\map330_tx19_ratio0_0010.png
s330_tx20,330,20,0.001,37,0.1327742173425848,9.67295850403803,6.097702168714336,0.2677630999996836,kriging_results_of_train\s330_tx20\map330_tx20_ratio0_0010.png
s330_tx32,330,32,0.001,37,0.11621102186417326,9.046890325024604,5.55029934652113,0.27453349999996135,kriging_results_of_train\s330_tx32\map330_tx32_ratio0_0010.png
s330_tx35,330,35,0.001,37,0.13201465083560912,9.736665608764367,5.894037002960398,0.28363530000024184,kriging_results_of_train\s330_tx35\map330_tx35_ratio0_0010.png
s330_tx38,330,38,0.001,37,0.08588900065660002,6.777025236466258,4.268981196276783,0.261054100000365,kriging_results_of_train\s330_tx38\map330_tx38_ratio0_0010.png
s330_tx40,330,40,0.001,37,0.0875946890840882,9.029065086854962,5.735243005057847,0.2682513999998264,kriging_results_of_train\s330_tx40\map330_tx40_ratio0_0010.png
s330_tx43,330,43,0.001,37,0.13819479120153233,9.931194904318737,6.2821787914160385,0.2861350000002858,kriging_results_of_train\s330_tx43\map330_tx43_ratio0_0010.png
s330_tx47,330,47,0.001,37,0.12735605636093755,9.60531534471111,6.364298686348891,0.27258230000006733,kriging_results_of_train\s330_tx47\map330_tx47_ratio0_0010.png
s330_tx50,330,50,0.001,37,0.09767411321755252,7.695031474129645,4.533164495697442,0.28187400000024354,kriging_results_of_train\s330_tx50\map330_tx50_ratio0_0010.png
s330_tx53,330,53,0.001,37,0.11106528425844452,6.994040910020652,3.667880324157976,0.27198260000022856,kriging_results_of_train\s330_tx53\map330_tx53_ratio0_0010.png
s330_tx55,330,55,0.001,37,0.10360981279428573,7.391568113625167,4.571017340567828,0.29198069999984,kriging_results_of_train\s330_tx55\map330_tx55_ratio0_0010.png
s330_tx60,330,60,0.001,37,0.0901621975303864,7.052663758615616,4.461226516698051,0.2713438999999198,kriging_results_of_train\s330_tx60\map330_tx60_ratio0_0010.png
s330_tx65,330,65,0.001,37,0.12493433276235973,6.930606810876139,4.092950687962364,0.2709956000007878,kriging_results_of_train\s330_tx65\map330_tx65_ratio0_0010.png
s330_tx70,330,70,0.001,37,0.08502813729266598,8.097409052773527,5.133554768996837,0.2841120000002775,kriging_results_of_train\s330_tx70\map330_tx70_ratio0_0010.png
s330_tx74,330,74,0.001,37,0.11006716368881868,7.3385653419875,3.956375825760344,0.2887334999995801,kriging_results_of_train\s330_tx74\map330_tx74_ratio0_0010.png
s330_tx76,330,76,0.001,37,0.12467449566604183,9.552047120227739,6.185682359777645,0.2607141999997111,kriging_results_of_train\s330_tx76\map330_tx76_ratio0_0010.png
s330_tx77,330,77,0.001,37,0.08630403615507663,5.975113755730805,3.6379310218415353,0.27772510000067996,kriging_results_of_train\s330_tx77\map330_tx77_ratio0_0010.png
s348_tx03,348,3,0.001,55,0.04496201540377909,9.23025070651545,5.78151895677797,0.46726399999988644,kriging_results_of_train\s348_tx03\map348_tx3_ratio0_0010.png
s348_tx08,348,8,0.001,55,0.05293585033571515,9.604008184116587,5.799094006341372,0.49665009999989707,kriging_results_of_train\s348_tx08\map348_tx8_ratio0_0010.png
s348_tx13,348,13,0.001,55,0.053558997599606036,9.785981454663746,5.980042980042873,0.4759033999998792,kriging_results_of_train\s348_tx13\map348_tx13_ratio0_0010.png
s348_tx26,348,26,0.001,55,0.04727401585892433,8.376226852763619,5.331021048754921,0.46545789999981935,kriging_results_of_train\s348_tx26\map348_tx26_ratio0_0010.png
s348_tx29,348,29,0.001,55,0.04268421123797175,8.889333243366,5.736104767980265,0.467616499999167,kriging_results_of_train\s348_tx29\map348_tx29_ratio0_0010.png
s348_tx33,348,33,0.001,55,0.034995614445308576,8.216441905430605,5.164139389562162,0.4396817999995619,kriging_results_of_train\s348_tx33\map348_tx33_ratio0_0010.png
s348_tx38,348,38,0.001,55,0.03353319770992849,7.4409509490802,4.822931228652284,0.4522431000004872,kriging_results_of_train\s348_tx38\map348_tx38_ratio0_0010.png
s348_tx39,348,39,0.001,55,0.045499503634846235,7.195446365339296,4.445923518159595,0.47433249999994587,kriging_results_of_train\s348_tx39\map348_tx39_ratio0_0010.png
s348_tx40,348,40,0.001,55,0.04717369856817275,8.003969686738973,5.087948536464307,0.49224580000009155,kriging_results_of_train\s348_tx40\map348_tx40_ratio0_0010.png
s348_tx41,348,41,0.001,55,0.04532103189421999,8.263012531171817,5.2458497361855585,0.43108870000014576,kriging_results_of_train\s348_tx41\map348_tx41_ratio0_0010.png
s348_tx55,348,55,0.001,55,0.04616953144034767,8.97773862975518,5.931480733859256,0.4507891000002928,kriging_results_of_train\s348_tx55\map348_tx55_ratio0_0010.png
s348_tx57,348,57,0.001,55,0.04660691307896315,7.027280473866035,4.566732291027826,0.43323490000057063,kriging_results_of_train\s348_tx57\map348_tx57_ratio0_0010.png
s348_tx58,348,58,0.001,55,0.040809035226442344,8.83011169369681,5.575039521240001,0.4493983999991542,kriging_results_of_train\s348_tx58\map348_tx58_ratio0_0010.png
s348_tx62,348,62,0.001,55,0.04835604955659823,8.239121077325446,5.184146931182464,0.4549531999991814,kriging_results_of_train\s348_tx62\map348_tx62_ratio0_0010.png
s348_tx64,348,64,0.001,55,0.0521742560662074,9.23180874408721,5.706891683617909,0.47428519999994023,kriging_results_of_train\s348_tx64\map348_tx64_ratio0_0010.png
s348_tx65,348,65,0.001,55,0.055963499214431146,9.926998477754042,6.5585717969039985,0.4722743000002083,kriging_results_of_train\s348_tx65\map348_tx65_ratio0_0010.png
s348_tx67,348,67,0.001,55,0.0515863576839496,9.392174915958797,5.78804944271181,0.46256610000000364,kriging_results_of_train\s348_tx67\map348_tx67_ratio0_0010.png
s348_tx69,348,69,0.001,55,0.03434515921243633,7.530645306312349,4.804022474710473,0.4543130000001838,kriging_results_of_train\s348_tx69\map348_tx69_ratio0_0010.png
s348_tx71,348,71,0.001,55,0.041399345998133025,7.44359895684585,4.653787743372804,0.46762369999942166,kriging_results_of_train\s348_tx71\map348_tx71_ratio0_0010.png
s348_tx75,348,75,0.001,55,0.03986203792264141,8.202534654871902,5.129313913541584,0.44339099999979226,kriging_results_of_train\s348_tx75\map348_tx75_ratio0_0010.png
s356_tx02,356,2,0.001,55,0.026565583704336253,6.440203049788612,4.046179349437844,0.47081079999952635,kriging_results_of_train\s356_tx02\map356_tx2_ratio0_0010.png
s356_tx03,356,3,0.001,55,0.026142988181348432,6.495143231804107,4.24530156330221,0.4402810000001409,kriging_results_of_train\s356_tx03\map356_tx3_ratio0_0010.png
s356_tx11,356,11,0.001,55,0.023248460819591723,6.4464792416493975,4.054277811460386,0.4793704000003345,kriging_results_of_train\s356_tx11\map356_tx11_ratio0_0010.png
s356_tx17,356,17,0.001,55,0.03548838854205258,7.09642986807257,4.769462281886116,0.45063620000019,kriging_results_of_train\s356_tx17\map356_tx17_ratio0_0010.png
s356_tx19,356,19,0.001,55,0.03312143961792214,6.378992346337468,3.9694023008862205,0.44640809999964404,kriging_results_of_train\s356_tx19\map356_tx19_ratio0_0010.png
s356_tx20,356,20,0.001,55,0.02452214779287138,6.481988385938734,4.257582916871914,0.4469266999994943,kriging_results_of_train\s356_tx20\map356_tx20_ratio0_0010.png
s356_tx22,356,22,0.001,55,0.031204222181898292,5.992213381450082,3.657290548607676,0.4586740999993708,kriging_results_of_train\s356_tx22\map356_tx22_ratio0_0010.png
s356_tx25,356,25,0.001,55,0.03050517309626058,6.387576091457776,4.123341829939942,0.4404251000005388,kriging_results_of_train\s356_tx25\map356_tx25_ratio0_0010.png
s356_tx30,356,30,0.001,55,0.03006787323850168,6.421892326172462,4.022960031371952,0.42464879999988625,kriging_results_of_train\s356_tx30\map356_tx30_ratio0_0010.png
s356_tx47,356,47,0.001,55,0.023763284043737988,6.542969294239267,4.240801736112203,0.45276169999942795,kriging_results_of_train\s356_tx47\map356_tx47_ratio0_0010.png
s356_tx48,356,48,0.001,55,0.030633200889178664,6.956477801004256,4.467126972112203,0.47488959999918734,kriging_results_of_train\s356_tx48\map356_tx48_ratio0_0010.png
s356_tx49,356,49,0.001,55,0.03455465142371079,7.014287532642682,4.403975294674283,0.47857569999996485,kriging_results_of_train\s356_tx49\map356_tx49_ratio0_0010.png
s356_tx53,356,53,0.001,55,0.03149048784210035,6.81896924806561,4.504769214750868,0.43706750000001193,kriging_results_of_train\s356_tx53\map356_tx53_ratio0_0010.png
s356_tx54,356,54,0.001,55,0.026506321045037064,6.933396038322386,4.513653024233568,0.4538966000000073,kriging_results_of_train\s356_tx54\map356_tx54_ratio0_0010.png
s356_tx56,356,56,0.001,55,0.035650136960840205,6.115219092497646,3.4504115628464636,0.45092320000003383,kriging_results_of_train\s356_tx56\map356_tx56_ratio0_0010.png
s356_tx58,356,58,0.001,55,0.0274679119756294,6.06599391861544,3.903124619067368,0.47356329999911395,kriging_results_of_train\s356_tx58\map356_tx58_ratio0_0010.png
s356_tx63,356,63,0.001,55,0.025903903304988943,6.523499268307498,4.105853060608463,0.45061879999957455,kriging_results_of_train\s356_tx63\map356_tx63_ratio0_0010.png
s356_tx65,356,65,0.001,55,0.02133495176572643,6.083228197826977,3.7841702063147427,0.46795209999982035,kriging_results_of_train\s356_tx65\map356_tx65_ratio0_0010.png
s356_tx74,356,74,0.001,55,0.02968422276401037,6.771359321382417,4.46226845986644,0.4573612000003777,kriging_results_of_train\s356_tx74\map356_tx74_ratio0_0010.png
s356_tx78,356,78,0.001,55,0.027956566237276905,6.946531092307023,4.578908440843926,0.4646935000000667,kriging_results_of_train\s356_tx78\map356_tx78_ratio0_0010.png
s359_tx03,359,3,0.001,52,0.026042532793110775,6.61876067607194,3.885886228479346,0.4213339999996606,kriging_results_of_train\s359_tx03\map359_tx3_ratio0_0010.png
s359_tx09,359,9,0.001,52,0.019655358739680252,5.956632221414987,3.4399426304419616,0.4158802000001742,kriging_results_of_train\s359_tx09\map359_tx9_ratio0_0010.png
s359_tx10,359,10,0.001,52,0.032879165655530694,5.978884991174905,3.208202636120158,0.401853200000005,kriging_results_of_train\s359_tx10\map359_tx10_ratio0_0010.png
s359_tx14,359,14,0.001,52,0.027877506003018762,7.151265368641871,4.399515308119202,0.412162100000387,kriging_results_of_train\s359_tx14\map359_tx14_ratio0_0010.png
s359_tx16,359,16,0.001,52,0.024813909776211618,7.087676588819577,4.138161570396411,0.42873820000022533,kriging_results_of_train\s359_tx16\map359_tx16_ratio0_0010.png
s359_tx21,359,21,0.001,52,0.0247295815564854,7.054232604082555,4.16498412306705,0.39897079999991547,kriging_results_of_train\s359_tx21\map359_tx21_ratio0_0010.png
s359_tx23,359,23,0.001,52,0.044986045056487046,6.745362350691296,3.524525255140082,0.4289392000000589,kriging_results_of_train\s359_tx23\map359_tx23_ratio0_0010.png
s359_tx25,359,25,0.001,52,0.02903531024872838,6.553359925655647,3.7109902656989657,0.4102683999999499,kriging_results_of_train\s359_tx25\map359_tx25_ratio0_0010.png
s359_tx26,359,26,0.001,52,0.04674338144899984,6.841832174794944,3.4752313831722503,0.4123293000002377,kriging_results_of_train\s359_tx26\map359_tx26_ratio0_0010.png
s359_tx28,359,28,0.001,52,0.02729347005561656,6.812881113544859,3.814669755618663,0.4330582000002323,kriging_results_of_train\s359_tx28\map359_tx28_ratio0_0010.png
s359_tx44,359,44,0.001,52,0.04724126011654796,6.875270345126632,3.511176872017287,0.3982653000002756,kriging_results_of_train\s359_tx44\map359_tx44_ratio0_0010.png
s359_tx47,359,47,0.001,52,0.024605705937497942,7.000856365047217,4.016746112489361,0.40867940000043745,kriging_results_of_train\s359_tx47\map359_tx47_ratio0_0010.png
s359_tx48,359,48,0.001,52,0.038824596076583694,6.742430948026423,3.7460985022851534,0.4273286999996344,kriging_results_of_train\s359_tx48\map359_tx48_ratio0_0010.png
s359_tx51,359,51,0.001,52,0.06112058114814928,6.594480295503987,3.394955102152516,0.39925959999982297,kriging_results_of_train\s359_tx51\map359_tx51_ratio0_0010.png
s359_tx53,359,53,0.001,52,0.025001015942535565,7.105741483442034,4.168493648093391,0.43735519999972894,kriging_results_of_train\s359_tx53\map359_tx53_ratio0_0010.png
s359_tx65,359,65,0.001,52,0.02239514381036566,6.224899706096941,3.622743227577032,0.4196343000003253,kriging_results_of_train\s359_tx65\map359_tx65_ratio0_0010.png
s359_tx66,359,66,0.001,52,0.025081348318856046,6.952181230914499,3.7603431665945335,0.4099288000006709,kriging_results_of_train\s359_tx66\map359_tx66_ratio0_0010.png
s359_tx69,359,69,0.001,52,0.02433167397672468,6.9907035625173615,3.9094884312215585,0.4029152000002796,kriging_results_of_train\s359_tx69\map359_tx69_ratio0_0010.png
s359_tx72,359,72,0.001,52,0.04614227417739879,7.049812923502813,3.9191885316235404,0.423161099999561,kriging_results_of_train\s359_tx72\map359_tx72_ratio0_0010.png
s359_tx76,359,76,0.001,52,0.04480611607411176,6.8228501132378225,3.5715691483231087,0.4066358999998556,kriging_results_of_train\s359_tx76\map359_tx76_ratio0_0010.png
s362_tx04,362,4,0.001,52,0.04860573837258907,8.4915721589325,5.633751308354055,0.44097729999975854,kriging_results_of_train\s362_tx04\map362_tx4_ratio0_0010.png
s362_tx07,362,7,0.001,52,0.05391730071226202,8.926545338123997,5.875614544017338,0.42259910000029777,kriging_results_of_train\s362_tx07\map362_tx7_ratio0_0010.png
s362_tx11,362,11,0.001,52,0.04248491053030408,8.195755160316073,5.27621003976159,0.4349976000003153,kriging_results_of_train\s362_tx11\map362_tx11_ratio0_0010.png
s362_tx12,362,12,0.001,52,0.042524466589893645,7.8978415827676125,5.191760598511719,0.40367630000037025,kriging_results_of_train\s362_tx12\map362_tx12_ratio0_0010.png
s362_tx15,362,15,0.001,52,0.06031322797467784,8.58552362414322,5.484137007877516,0.4150289999997767,kriging_results_of_train\s362_tx15\map362_tx15_ratio0_0010.png
s362_tx17,362,17,0.001,52,0.04816747623537485,8.032327707938117,5.229158253186883,0.4305056000002878,kriging_results_of_train\s362_tx17\map362_tx17_ratio0_0010.png
s362_tx20,362,20,0.001,52,0.04604647998736307,8.121922485103886,5.16324986664474,0.41420599999946717,kriging_results_of_train\s362_tx20\map362_tx20_ratio0_0010.png
s362_tx24,362,24,0.001,52,0.05233209926430905,7.853474264127387,4.812468573128009,0.4027277999994112,kriging_results_of_train\s362_tx24\map362_tx24_ratio0_0010.png
s362_tx30,362,30,0.001,52,0.039298008505454875,5.162384041825999,3.424049564886787,0.417611300000317,kriging_results_of_train\s362_tx30\map362_tx30_ratio0_0010.png
s362_tx34,362,34,0.001,52,0.05617989534484759,8.94262616456586,5.65250410224583,0.40969849999964936,kriging_results_of_train\s362_tx34\map362_tx34_ratio0_0010.png
s362_tx35,362,35,0.001,52,0.054968001912308335,8.921043276215157,6.042725241543734,0.4266725999996197,kriging_results_of_train\s362_tx35\map362_tx35_ratio0_0010.png
s362_tx36,362,36,0.001,52,0.03557623288223823,5.964666280107469,3.924574569112614,0.4199052000003576,kriging_results_of_train\s362_tx36\map362_tx36_ratio0_0010.png
s362_tx44,362,44,0.001,52,0.048276324852055914,7.884473694963647,4.981284618294989,0.4227584999998726,kriging_results_of_train\s362_tx44\map362_tx44_ratio0_0010.png
s362_tx45,362,45,0.001,52,0.05028258315087301,8.058203170494343,5.176282302969647,0.4126927999996042,kriging_results_of_train\s362_tx45\map362_tx45_ratio0_0010.png
s362_tx50,362,50,0.001,52,0.04282062480025344,6.551521044991534,4.174111153117171,0.4065356000000975,kriging_results_of_train\s362_tx50\map362_tx50_ratio0_0010.png
s362_tx63,362,63,0.001,52,0.053576440396392894,8.216176878050764,5.168443072229259,0.4163994000000457,kriging_results_of_train\s362_tx63\map362_tx63_ratio0_0010.png
s362_tx66,362,66,0.001,52,0.043873961478193085,8.017637910435305,5.270830323671098,0.4110683999997491,kriging_results_of_train\s362_tx66\map362_tx66_ratio0_0010.png
s362_tx67,362,67,0.001,52,0.060426032503545175,9.446193257665879,5.7731704597241595,0.43068959999982326,kriging_results_of_train\s362_tx67\map362_tx67_ratio0_0010.png
s362_tx72,362,72,0.001,52,0.040735073387730386,7.71984446455287,5.122558331179452,0.4240290999996432,kriging_results_of_train\s362_tx72\map362_tx72_ratio0_0010.png
s362_tx78,362,78,0.001,52,0.06151206635040466,9.386473706522514,5.9368140340000695,0.42084950000025856,kriging_results_of_train\s362_tx78\map362_tx78_ratio0_0010.png
s367_tx01,367,1,0.001,59,0.01763825824004522,5.6675797743805045,3.565805809243465,0.5129326000005676,kriging_results_of_train\s367_tx01\map367_tx1_ratio0_0010.png
s367_tx02,367,2,0.001,59,0.015017972252370516,5.537649506670561,3.4392141847411932,0.4720307999996294,kriging_results_of_train\s367_tx02\map367_tx2_ratio0_0010.png
s367_tx03,367,3,0.001,59,0.013248405745062667,5.112046611061967,3.1569730661972706,0.4801330999998754,kriging_results_of_train\s367_tx03\map367_tx3_ratio0_0010.png
s367_tx20,367,20,0.001,59,0.016325775529968216,5.803157139847781,3.4429825841555313,0.5099439999994502,kriging_results_of_train\s367_tx20\map367_tx20_ratio0_0010.png
s367_tx27,367,27,0.001,59,0.018354922826394632,5.4177995169251085,3.5586216686338625,0.5024120000007315,kriging_results_of_train\s367_tx27\map367_tx27_ratio0_0010.png
s367_tx29,367,29,0.001,59,0.021405585963628997,6.171862137664932,3.7184572891101295,0.5177241999999751,kriging_results_of_train\s367_tx29\map367_tx29_ratio0_0010.png
s367_tx30,367,30,0.001,59,0.033925548048619227,7.19600713746696,4.558898519443552,0.5035115000000587,kriging_results_of_train\s367_tx30\map367_tx30_ratio0_0010.png
s367_tx32,367,32,0.001,59,0.015484152724797704,5.380615898659703,3.441025543525859,0.5140992999995433,kriging_results_of_train\s367_tx32\map367_tx32_ratio0_0010.png
s367_tx37,367,37,0.001,59,0.017369373135923225,6.012213995302336,3.6768362635820906,0.4882532000001447,kriging_results_of_train\s367_tx37\map367_tx37_ratio0_0010.png
s367_tx42,367,42,0.001,59,0.02411204233926422,6.3089370194906005,3.961940047248092,0.4958421000001181,kriging_results_of_train\s367_tx42\map367_tx42_ratio0_0010.png
s367_tx43,367,43,0.001,59,0.016597919696841403,5.426454677279654,3.4980999598383957,0.5031386999999086,kriging_results_of_train\s367_tx43\map367_tx43_ratio0_0010.png
s367_tx45,367,45,0.001,59,0.019682381711249527,6.303834250589696,3.7340470959100016,0.5204613999994763,kriging_results_of_train\s367_tx45\map367_tx45_ratio0_0010.png
s367_tx49,367,49,0.001,59,0.017753720392277798,5.171400689164323,3.0291974979176732,0.49691879999954836,kriging_results_of_train\s367_tx49\map367_tx49_ratio0_0010.png
s367_tx52,367,52,0.001,59,0.01764274346325668,5.467886135678069,3.6034807267728732,0.49290320000000065,kriging_results_of_train\s367_tx52\map367_tx52_ratio0_0010.png
s367_tx58,367,58,0.001,59,0.02521871523053323,6.461083412937862,4.224422895859047,0.4959569000002375,kriging_results_of_train\s367_tx58\map367_tx58_ratio0_0010.png
s367_tx60,367,60,0.001,59,0.016669793040559752,5.820927829121787,3.3883760061255237,0.5269098999997368,kriging_results_of_train\s367_tx60\map367_tx60_ratio0_0010.png
s367_tx62,367,62,0.001,59,0.020174462772993382,6.301055037879087,3.7871418439379814,0.5264220999997633,kriging_results_of_train\s367_tx62\map367_tx62_ratio0_0010.png
s367_tx68,367,68,0.001,59,0.015923247515473193,5.36345155595059,3.4750639982917586,0.49445230000037554,kriging_results_of_train\s367_tx68\map367_tx68_ratio0_0010.png
s367_tx69,367,69,0.001,59,0.01668953350421376,5.861459843331505,3.3557157966698012,0.49616669999977603,kriging_results_of_train\s367_tx69\map367_tx69_ratio0_0010.png
s367_tx78,367,78,0.001,59,0.0376217335668521,7.157349555108026,4.410868477960719,0.5162449999997989,kriging_results_of_train\s367_tx78\map367_tx78_ratio0_0010.png
s378_tx00,378,0,0.001,59,0.03367565089981958,6.770101214465128,4.296285514575218,0.535121099999742,kriging_results_of_train\s378_tx00\map378_tx0_ratio0_0010.png
s378_tx04,378,4,0.001,59,0.013264289507402405,5.269923350218627,2.856901611940709,0.521947000000182,kriging_results_of_train\s378_tx04\map378_tx4_ratio0_0010.png
s378_tx06,378,6,0.001,59,0.02470048281319584,6.075622782084084,3.5479987269469118,0.527601599999798,kriging_results_of_train\s378_tx06\map378_tx6_ratio0_0010.png
s378_tx10,378,10,0.001,59,0.014704169205937557,5.663023258266093,3.2750980741567854,0.4738407000004372,kriging_results_of_train\s378_tx10\map378_tx10_ratio0_0010.png
s378_tx12,378,12,0.001,59,0.014356349986568257,5.534410979968759,3.157476883343392,0.4956406999999672,kriging_results_of_train\s378_tx12\map378_tx12_ratio0_0010.png
s378_tx14,378,14,0.001,59,0.018208204227764008,5.2333230038889695,3.086982662417993,0.4932019999996555,kriging_results_of_train\s378_tx14\map378_tx14_ratio0_0010.png
s378_tx16,378,16,0.001,59,0.0196575264116402,5.440422648923028,3.129051202266427,0.5061364000002868,kriging_results_of_train\s378_tx16\map378_tx16_ratio0_0010.png
s378_tx19,378,19,0.001,59,0.031004391988773618,6.6275433502696215,4.1369699056186855,0.5096147000003839,kriging_results_of_train\s378_tx19\map378_tx19_ratio0_0010.png
s378_tx21,378,21,0.001,59,0.01822391543545692,5.512937089673101,3.3400003791271122,0.4918515999997908,kriging_results_of_train\s378_tx21\map378_tx21_ratio0_0010.png
s378_tx39,378,39,0.001,59,0.01281061427147688,5.145407205563846,2.8519211291739595,0.4984623999998803,kriging_results_of_train\s378_tx39\map378_tx39_ratio0_0010.png
s378_tx43,378,43,0.001,59,0.032309550701287604,6.561960775866954,4.010081303479609,0.5028111000001445,kriging_results_of_train\s378_tx43\map378_tx43_ratio0_0010.png
s378_tx49,378,49,0.001,59,0.013782788322086754,5.481000991297905,3.0713573940231997,0.5294172999992952,kriging_results_of_train\s378_tx49\map378_tx49_ratio0_0010.png
s378_tx56,378,56,0.001,59,0.012397878830558406,5.074622496706534,2.79830076622093,0.5084375000005821,kriging_results_of_train\s378_tx56\map378_tx56_ratio0_0010.png
s378_tx60,378,60,0.001,59,0.016763982150221988,5.439450930959654,3.3151296434064212,0.501310900000135,kriging_results_of_train\s378_tx60\map378_tx60_ratio0_0010.png
s378_tx69,378,69,0.001,59,0.03325211404026317,6.687653266974872,3.8628767970874316,0.4991399000000456,kriging_results_of_train\s378_tx69\map378_tx69_ratio0_0010.png
s378_tx71,378,71,0.001,59,0.03384610399674848,6.6583061325807655,4.037219642949995,0.5049805999997261,kriging_results_of_train\s378_tx71\map378_tx71_ratio0_0010.png
s378_tx75,378,75,0.001,59,0.01481882852843578,5.539881284165457,3.242015261016168,0.5298241000000417,kriging_results_of_train\s378_tx75\map378_tx75_ratio0_0010.png
s378_tx76,378,76,0.001,59,0.018260299379437597,5.053819445488169,2.7414174382212293,0.5606959999995524,kriging_results_of_train\s378_tx76\map378_tx76_ratio0_0010.png
s378_tx77,378,77,0.001,59,0.011284022488539042,4.988260945866676,2.8456010212873513,0.5061084999997547,kriging_results_of_train\s378_tx77\map378_tx77_ratio0_0010.png
s378_tx79,378,79,0.001,59,0.026331854979471967,6.240865132630519,3.7857566100861373,0.49888129999999364,kriging_results_of_train\s378_tx79\map378_tx79_ratio0_0010.png
s381_tx04,381,4,0.001,57,0.06231419835863544,9.728638215907395,5.964889218705467,0.5053957000000082,kriging_results_of_train\s381_tx04\map381_tx4_ratio0_0010.png
s381_tx07,381,7,0.001,57,0.048036113851612584,8.36758079862928,5.582728995840879,0.4907874999998967,kriging_results_of_train\s381_tx07\map381_tx7_ratio0_0010.png
s381_tx11,381,11,0.001,57,0.051964041393053405,8.689165590428004,5.443192658109868,0.5038067999994382,kriging_results_of_train\s381_tx11\map381_tx11_ratio0_0010.png
s381_tx12,381,12,0.001,57,0.06914385858260358,9.702281068353948,5.592770967500096,0.4867404999995415,kriging_results_of_train\s381_tx12\map381_tx12_ratio0_0010.png
s381_tx16,381,16,0.001,57,0.04059037199106211,7.784508531926298,5.016133836454995,0.5023141000001488,kriging_results_of_train\s381_tx16\map381_tx16_ratio0_0010.png
s381_tx20,381,20,0.001,57,0.048382193024392624,8.167821253156898,5.369924363028319,0.4795069000001604,kriging_results_of_train\s381_tx20\map381_tx20_ratio0_0010.png
s381_tx22,381,22,0.001,57,0.03985190778444708,7.159783086787653,4.58195705008313,0.49471600000015314,kriging_results_of_train\s381_tx22\map381_tx22_ratio0_0010.png
s381_tx23,381,23,0.001,57,0.0626833266108653,8.915623216231872,5.362533083934948,0.48032059999968624,kriging_results_of_train\s381_tx23\map381_tx23_ratio0_0010.png
s381_tx25,381,25,0.001,57,0.04347099134981626,8.242522544624945,5.520237524513071,0.4894616000001406,kriging_results_of_train\s381_tx25\map381_tx25_ratio0_0010.png
s381_tx26,381,26,0.001,57,0.051580573650008205,8.851649881049331,5.766921978184678,0.4808138999997027,kriging_results_of_train\s381_tx26\map381_tx26_ratio0_0010.png
s381_tx50,381,50,0.001,57,0.04625105002546426,7.886967519075887,5.025435528609779,0.4997473000003083,kriging_results_of_train\s381_tx50\map381_tx50_ratio0_0010.png
s381_tx52,381,52,0.001,57,0.052835989111583964,8.193412171011152,5.275697960976384,0.49077830000078393,kriging_results_of_train\s381_tx52\map381_tx52_ratio0_0010.png
s381_tx55,381,55,0.001,57,0.050798298176768966,8.473778677679146,5.268680922563708,0.504091700000572,kriging_results_of_train\s381_tx55\map381_tx55_ratio0_0010.png
s381_tx58,381,58,0.001,57,0.08283710447704638,8.927629332388658,5.195250297015044,0.4880217999998422,kriging_results_of_train\s381_tx58\map381_tx58_ratio0_0010.png
s381_tx60,381,60,0.001,57,0.04512074161911117,6.378893183904979,3.997129954673277,0.5090129000000161,kriging_results_of_train\s381_tx60\map381_tx60_ratio0_0010.png
s381_tx66,381,66,0.001,57,0.0404301096227408,7.6218424512446195,4.881260548604656,0.5135728999994171,kriging_results_of_train\s381_tx66\map381_tx66_ratio0_0010.png
s381_tx67,381,67,0.001,57,0.04712576670280292,8.306809472997058,5.55272172564308,0.49436100000002625,kriging_results_of_train\s381_tx67\map381_tx67_ratio0_0010.png
s381_tx69,381,69,0.001,57,0.045241095644837394,8.70538257268406,5.397295174669264,0.5011629000000539,kriging_results_of_train\s381_tx69\map381_tx69_ratio0_0010.png
s381_tx70,381,70,0.001,57,0.043186173884978675,7.9507583474075645,5.243205758498602,0.5217938000005233,kriging_results_of_train\s381_tx70\map381_tx70_ratio0_0010.png
s381_tx75,381,75,0.001,57,0.0592089898047974,9.382829434727224,5.915870605694842,0.4665240000003905,kriging_results_of_train\s381_tx75\map381_tx75_ratio0_0010.png
s384_tx00,384,0,0.001,57,0.017751870072327588,6.095657381401238,3.715669621027451,0.4962924999999814,kriging_results_of_train\s384_tx00\map384_tx0_ratio0_0010.png
s384_tx03,384,3,0.001,57,0.027768988208816743,7.171902477690543,4.577075389997117,0.5151814000000741,kriging_results_of_train\s384_tx03\map384_tx3_ratio0_0010.png
s384_tx13,384,13,0.001,57,0.025128881933479147,6.962330878007779,4.310211178153576,0.5029075000002194,kriging_results_of_train\s384_tx13\map384_tx13_ratio0_0010.png
s384_tx16,384,16,0.001,57,0.019960340020235688,6.5368554085671,3.9930385229763,0.5194801000006919,kriging_results_of_train\s384_tx16\map384_tx16_ratio0_0010.png
s384_tx17,384,17,0.001,57,0.0178862228501704,6.174992351532098,3.7474546150513577,0.50266400000055,kriging_results_of_train\s384_tx17\map384_tx17_ratio0_0010.png
s384_tx23,384,23,0.001,57,0.018503132477319904,6.282071291440155,3.8626448892111167,0.4818976999995357,kriging_results_of_train\s384_tx23\map384_tx23_ratio0_0010.png
s384_tx25,384,25,0.001,57,0.01887306968445009,6.259126557201903,3.76367264778366,0.5221400999998878,kriging_results_of_train\s384_tx25\map384_tx25_ratio0_0010.png
s384_tx31,384,31,0.001,57,0.021176141879440835,6.514846798585866,4.0327372735207945,0.4999651999996786,kriging_results_of_train\s384_tx31\map384_tx31_ratio0_0010.png
s384_tx40,384,40,0.001,57,0.018393159762643913,6.233220508022279,3.8258381754278328,0.5190648000007059,kriging_results_of_train\s384_tx40\map384_tx40_ratio0_0010.png
s384_tx41,384,41,0.001,57,0.02242302723854248,6.301571376779312,3.9415686574200346,0.49192979999952513,kriging_results_of_train\s384_tx41\map384_tx41_ratio0_0010.png
s384_tx43,384,43,0.001,57,0.019906774892705252,6.523900328642031,3.966243079613689,0.490635399999519,kriging_results_of_train\s384_tx43\map384_tx43_ratio0_0010.png
s384_tx45,384,45,0.001,57,0.027952665094697186,6.246028866322369,3.603263917210878,0.4943359999997483,kriging_results_of_train\s384_tx45\map384_tx45_ratio0_0010.png
s384_tx50,384,50,0.001,57,0.021664033444505126,6.719113019144134,4.16160706897386,0.49076530000002094,kriging_results_of_train\s384_tx50\map384_tx50_ratio0_0010.png
s384_tx52,384,52,0.001,57,0.020230737958001243,6.496742063439892,3.9515763414110205,0.5107867000006081,kriging_results_of_train\s384_tx52\map384_tx52_ratio0_0010.png
s384_tx54,384,54,0.001,57,0.01896866576000941,6.039238751204863,3.503799119679832,0.48471969999991416,kriging_results_of_train\s384_tx54\map384_tx54_ratio0_0010.png
s384_tx59,384,59,0.001,57,0.019905423439423704,6.4051105644149935,3.818585247110475,0.4799182999995537,kriging_results_of_train\s384_tx59\map384_tx59_ratio0_0010.png
s384_tx65,384,65,0.001,57,0.021528808509557146,6.598034621706081,4.077695036154065,0.47729289999915636,kriging_results_of_train\s384_tx65\map384_tx65_ratio0_0010.png
s384_tx66,384,66,0.001,57,0.019905242021148885,6.434099633258591,3.943273244224151,0.5079327000003104,kriging_results_of_train\s384_tx66\map384_tx66_ratio0_0010.png
s384_tx68,384,68,0.001,57,0.027530342040858795,6.29915881754183,3.6061792433004114,0.5114514999995663,kriging_results_of_train\s384_tx68\map384_tx68_ratio0_0010.png
s384_tx69,384,69,0.001,57,0.026551276491412146,6.44737859692348,3.8122442861282804,0.5016428999997515,kriging_results_of_train\s384_tx69\map384_tx69_ratio0_0010.png
s414_tx01,414,1,0.001,57,0.03282263526731094,7.023712828630366,4.457383872120437,0.49540369999976974,kriging_results_of_train\s414_tx01\map414_tx1_ratio0_0010.png
s414_tx02,414,2,0.001,57,0.03758899870878343,6.732950950822042,4.37560827018757,0.5111108000000968,kriging_results_of_train\s414_tx02\map414_tx2_ratio0_0010.png
s414_tx04,414,4,0.001,57,0.03546299831118692,7.271580807679903,4.822499100858006,0.49093509999966045,kriging_results_of_train\s414_tx04\map414_tx4_ratio0_0010.png
s414_tx06,414,6,0.001,57,0.024773538127492167,6.103884569499618,3.851238429079607,0.46603529999993043,kriging_results_of_train\s414_tx06\map414_tx6_ratio0_0010.png
s414_tx09,414,9,0.001,57,0.042796931719890366,7.622308296879605,4.574279052578687,0.5179609000006167,kriging_results_of_train\s414_tx09\map414_tx9_ratio0_0010.png
s414_tx10,414,10,0.001,57,0.026715422149928947,5.941171871274397,3.672053337522452,0.5011549000000741,kriging_results_of_train\s414_tx10\map414_tx10_ratio0_0010.png
s414_tx11,414,11,0.001,57,0.032750489774723196,7.12554341997661,4.664331644614533,0.5234317000004012,kriging_results_of_train\s414_tx11\map414_tx11_ratio0_0010.png
s414_tx20,414,20,0.001,57,0.040889821076090814,7.186168962129564,4.52948965653502,0.48454620000029536,kriging_results_of_train\s414_tx20\map414_tx20_ratio0_0010.png
s414_tx23,414,23,0.001,57,0.03187193003980404,7.187488313389094,4.774790512920287,0.4828723999999056,kriging_results_of_train\s414_tx23\map414_tx23_ratio0_0010.png
s414_tx25,414,25,0.001,57,0.027045920277006762,6.396012259786261,4.004791683280649,0.4776599000006172,kriging_results_of_train\s414_tx25\map414_tx25_ratio0_0010.png
s414_tx30,414,30,0.001,57,0.030512078239043085,6.622482076986738,4.079827442891492,0.48294869999972434,kriging_results_of_train\s414_tx30\map414_tx30_ratio0_0010.png
s414_tx31,414,31,0.001,57,0.03722350899531463,7.442495449505514,4.9178862239059,0.48874010000054113,kriging_results_of_train\s414_tx31\map414_tx31_ratio0_0010.png
s414_tx32,414,32,0.001,57,0.0337562281834927,7.009591412156203,4.364252239984029,0.4704917999997633,kriging_results_of_train\s414_tx32\map414_tx32_ratio0_0010.png
s414_tx33,414,33,0.001,57,0.032182742188122046,7.121879397045325,4.524458261164849,0.4910405999999057,kriging_results_of_train\s414_tx33\map414_tx33_ratio0_0010.png
s414_tx39,414,39,0.001,57,0.029419895528253925,6.578579151532337,4.223918464129754,0.4910448999999062,kriging_results_of_train\s414_tx39\map414_tx39_ratio0_0010.png
s414_tx47,414,47,0.001,57,0.031131560275830195,6.794557474818777,4.351210937075396,0.4767050999998901,kriging_results_of_train\s414_tx47\map414_tx47_ratio0_0010.png
s414_tx52,414,52,0.001,57,0.032048102679787444,6.775792090845456,4.302533015516554,0.4941956000002392,kriging_results_of_train\s414_tx52\map414_tx52_ratio0_0010.png
s414_tx53,414,53,0.001,57,0.033063248921698395,7.075655436902591,4.492016465798172,0.4882545000000391,kriging_results_of_train\s414_tx53\map414_tx53_ratio0_0010.png
s414_tx57,414,57,0.001,57,0.03224639627601615,7.053961262932204,4.608855877683696,0.4821748000003936,kriging_results_of_train\s414_tx57\map414_tx57_ratio0_0010.png
s414_tx76,414,76,0.001,57,0.025548965995223844,6.450624874194156,3.896301866698322,0.4789922999998453,kriging_results_of_train\s414_tx76\map414_tx76_ratio0_0010.png
s420_tx03,420,3,0.001,58,0.019927360010572798,5.784874071531748,3.4956371697353488,0.4884105000001,kriging_results_of_train\s420_tx03\map420_tx3_ratio0_0010.png
s420_tx04,420,4,0.001,58,0.022631784971139306,5.084622054604256,3.1734209359339967,0.5155162999999447,kriging_results_of_train\s420_tx04\map420_tx4_ratio0_0010.png
s420_tx13,420,13,0.001,58,0.017339555774660363,5.758507931507136,3.7462752446021006,0.5008850000003804,kriging_results_of_train\s420_tx13\map420_tx13_ratio0_0010.png
s420_tx16,420,16,0.001,58,0.01623312498478577,5.372546228162256,3.6325164393730907,0.4928123999998206,kriging_results_of_train\s420_tx16\map420_tx16_ratio0_0010.png
s420_tx20,420,20,0.001,58,0.017819843830622434,5.648991136323038,3.392943309079662,0.46297359999971377,kriging_results_of_train\s420_tx20\map420_tx20_ratio0_0010.png
s420_tx31,420,31,0.001,58,0.026049934588155174,6.465306533758256,4.308287539268105,0.5025308000003861,kriging_results_of_train\s420_tx31\map420_tx31_ratio0_0010.png
s420_tx34,420,34,0.001,58,0.02626708154174932,6.198200639671361,3.802406160057867,0.48585039999943547,kriging_results_of_train\s420_tx34\map420_tx34_ratio0_0010.png
s420_tx35,420,35,0.001,58,0.017103654706370767,5.737327264832639,3.641422739452974,0.4914875000004031,kriging_results_of_train\s420_tx35\map420_tx35_ratio0_0010.png
s420_tx48,420,48,0.001,58,0.01938402642661961,5.699241470486108,3.8936836615077586,0.472376699999586,kriging_results_of_train\s420_tx48\map420_tx48_ratio0_0010.png
s420_tx52,420,52,0.001,58,0.01837415649634293,5.335437217902499,3.3268716364276507,0.4921783999998297,kriging_results_of_train\s420_tx52\map420_tx52_ratio0_0010.png
s420_tx54,420,54,0.001,58,0.019776566193438705,5.440908752251866,3.3872496029981862,0.4925472000004447,kriging_results_of_train\s420_tx54\map420_tx54_ratio0_0010.png
s420_tx55,420,55,0.001,58,0.01766648985254092,5.738127891637114,3.735980852690819,0.4964945000001535,kriging_results_of_train\s420_tx55\map420_tx55_ratio0_0010.png
s420_tx56,420,56,0.001,58,0.017091499005976396,5.790440001907281,3.727213383127246,0.5093581000000995,kriging_results_of_train\s420_tx56\map420_tx56_ratio0_0010.png
s420_tx58,420,58,0.001,58,0.01763438532209226,5.49327611359532,3.598662268726355,0.49488579999979265,kriging_results_of_train\s420_tx58\map420_tx58_ratio0_0010.png
s420_tx60,420,60,0.001,58,0.02017981393020054,5.740513021592869,3.916117141704794,0.5118966,kriging_results_of_train\s420_tx60\map420_tx60_ratio0_0010.png
s420_tx62,420,62,0.001,58,0.021459120778460985,5.571911729404127,3.474126016830186,0.5299180000001797,kriging_results_of_train\s420_tx62\map420_tx62_ratio0_0010.png
s420_tx68,420,68,0.001,58,0.025808479637046786,6.529038024970312,4.118038936821091,0.5243015000005471,kriging_results_of_train\s420_tx68\map420_tx68_ratio0_0010.png
s420_tx69,420,69,0.001,58,0.023596624803366106,6.676992306192767,4.390704581349752,0.49596179999934975,kriging_results_of_train\s420_tx69\map420_tx69_ratio0_0010.png
s420_tx73,420,73,0.001,58,0.018252204077779083,5.848708740275835,3.921612022238444,0.4996575999994093,kriging_results_of_train\s420_tx73\map420_tx73_ratio0_0010.png
s420_tx79,420,79,0.001,58,0.02423681156576612,6.429315946813819,4.027286185862046,0.5026816999998118,kriging_results_of_train\s420_tx79\map420_tx79_ratio0_0010.png
s436_tx02,436,2,0.001,61,0.02249762896458849,5.818418248706408,3.3041998977809843,0.5230264000001625,kriging_results_of_train\s436_tx02\map436_tx2_ratio0_0010.png
s436_tx06,436,6,0.001,61,0.03249520293033642,5.898329435080982,2.843667064078078,0.5208279999997103,kriging_results_of_train\s436_tx06\map436_tx6_ratio0_0010.png
s436_tx09,436,9,0.001,61,0.01077287675980264,4.7210770571375615,2.6240034442720006,0.5122662999992826,kriging_results_of_train\s436_tx09\map436_tx9_ratio0_0010.png
s436_tx12,436,12,0.001,61,0.012821592260335895,5.044949697930135,2.847886282332199,0.5418663999998898,kriging_results_of_train\s436_tx12\map436_tx12_ratio0_0010.png
s436_tx15,436,15,0.001,61,0.02275371958449509,5.960866825779973,3.3683061924564845,0.5208287999994354,kriging_results_of_train\s436_tx15\map436_tx15_ratio0_0010.png
s436_tx17,436,17,0.001,61,0.020770925596055645,5.803451602412927,3.3832815328388377,0.5513632000001962,kriging_results_of_train\s436_tx17\map436_tx17_ratio0_0010.png
s436_tx18,436,18,0.001,61,0.02844791425916338,6.141930677608869,3.429373783400299,0.5431470000003173,kriging_results_of_train\s436_tx18\map436_tx18_ratio0_0010.png
s436_tx26,436,26,0.001,61,0.014743600366260608,5.344131953028513,2.938898633313985,0.5234872999999425,kriging_results_of_train\s436_tx26\map436_tx26_ratio0_0010.png
s436_tx28,436,28,0.001,61,0.02113387681684112,5.812363330428026,3.513521230438584,0.5245547999993505,kriging_results_of_train\s436_tx28\map436_tx28_ratio0_0010.png
s436_tx39,436,39,0.001,61,0.02695729715652801,6.161381792431682,3.4903165193492396,0.5284105999999156,kriging_results_of_train\s436_tx39\map436_tx39_ratio0_0010.png
s436_tx42,436,42,0.001,61,0.011180477397297151,4.7030938108390385,2.5677057262643594,0.5335264000004827,kriging_results_of_train\s436_tx42\map436_tx42_ratio0_0010.png
s436_tx45,436,45,0.001,61,0.012209317830315243,4.97922728396175,2.8879299724006318,0.5190813999997772,kriging_results_of_train\s436_tx45\map436_tx45_ratio0_0010.png
s436_tx47,436,47,0.001,61,0.012371631819278963,4.851582276359787,2.7697153472976006,0.5235185000001366,kriging_results_of_train\s436_tx47\map436_tx47_ratio0_0010.png
s436_tx54,436,54,0.001,61,0.014695321774750799,5.336741251041047,2.9358876197550536,0.5266418000001067,kriging_results_of_train\s436_tx54\map436_tx54_ratio0_0010.png
s436_tx60,436,60,0.001,61,0.02007056882290382,5.792261120616241,3.3154746792259644,0.5554715999996915,kriging_results_of_train\s436_tx60\map436_tx60_ratio0_0010.png
s436_tx66,436,66,0.001,61,0.014709259871946117,5.311033795749896,2.9301106275465023,0.513441299999613,kriging_results_of_train\s436_tx66\map436_tx66_ratio0_0010.png
s436_tx71,436,71,0.001,61,0.01675123743403904,5.434031548158416,3.057734934346102,0.567022299999735,kriging_results_of_train\s436_tx71\map436_tx71_ratio0_0010.png
s436_tx73,436,73,0.001,61,0.015109785781469497,5.160921303990833,2.8787175576488133,0.5238130999996429,kriging_results_of_train\s436_tx73\map436_tx73_ratio0_0010.png
s436_tx74,436,74,0.001,61,0.011629677809193481,4.900727756750462,2.8564611034991305,0.5445523999997022,kriging_results_of_train\s436_tx74\map436_tx74_ratio0_0010.png
s436_tx76,436,76,0.001,61,0.014063624232340095,5.307460500547914,3.1248448022258084,0.5215112999994744,kriging_results_of_train\s436_tx76\map436_tx76_ratio0_0010.png
s449_tx06,449,6,0.001,56,0.0200776322928643,6.093003431280814,3.5827618034208046,0.4494451000000481,kriging_results_of_train\s449_tx06\map449_tx6_ratio0_0010.png
s449_tx08,449,8,0.001,56,0.01906832710113615,5.808116025000187,3.637930048622923,0.49015010000039183,kriging_results_of_train\s449_tx08\map449_tx8_ratio0_0010.png
s449_tx11,449,11,0.001,56,0.02259663842637769,5.674968225054707,3.4581333518505795,0.4660723999995753,kriging_results_of_train\s449_tx11\map449_tx11_ratio0_0010.png
s449_tx14,449,14,0.001,56,0.018547492548603807,5.857981404789536,3.5049033581667097,0.46022790000006353,kriging_results_of_train\s449_tx14\map449_tx14_ratio0_0010.png
s449_tx16,449,16,0.001,56,0.01873193957041358,5.887990003267025,3.5813637005891485,0.4803355999993073,kriging_results_of_train\s449_tx16\map449_tx16_ratio0_0010.png
s449_tx18,449,18,0.001,56,0.019876655311537397,5.811138749025106,3.3210303686483167,0.47047289999954955,kriging_results_of_train\s449_tx18\map449_tx18_ratio0_0010.png
s449_tx23,449,23,0.001,56,0.017775611982852792,5.718871006637808,3.4569011760766224,0.46965780000027735,kriging_results_of_train\s449_tx23\map449_tx23_ratio0_0010.png
s449_tx24,449,24,0.001,56,0.023134239984959535,6.145402176507607,3.743117020075662,0.49620099999992817,kriging_results_of_train\s449_tx24\map449_tx24_ratio0_0010.png
s449_tx25,449,25,0.001,56,0.01893671803881047,5.95520701322455,3.4424176868082688,0.47251930000038556,kriging_results_of_train\s449_tx25\map449_tx25_ratio0_0010.png
s449_tx26,449,26,0.001,56,0.023041915512160904,6.172813174834758,3.708868205302082,0.4697628000003533,kriging_results_of_train\s449_tx26\map449_tx26_ratio0_0010.png
s449_tx32,449,32,0.001,56,0.02030913132835318,6.13237497024731,3.790792363047239,0.4790564999993876,kriging_results_of_train\s449_tx32\map449_tx32_ratio0_0010.png
s449_tx40,449,40,0.001,56,0.02339887554418428,6.330871308958118,3.9503037254370694,0.46582929999931366,kriging_results_of_train\s449_tx40\map449_tx40_ratio0_0010.png
s449_tx51,449,51,0.001,56,0.028034023960902675,5.320150565215865,3.154383557528513,0.45693719999962923,kriging_results_of_train\s449_tx51\map449_tx51_ratio0_0010.png
s449_tx53,449,53,0.001,56,0.020228762257680204,6.107249667147278,3.848765582551199,0.45637170000009064,kriging_results_of_train\s449_tx53\map449_tx53_ratio0_0010.png
s449_tx55,449,55,0.001,56,0.026314908182503857,6.329617965395052,3.9291493105143753,0.46929699999964214,kriging_results_of_train\s449_tx55\map449_tx55_ratio0_0010.png
s449_tx57,449,57,0.001,56,0.021376199110349436,5.775797692020052,3.3588344916453097,0.4771967999995468,kriging_results_of_train\s449_tx57\map449_tx57_ratio0_0010.png
s449_tx69,449,69,0.001,56,0.024999861950877274,5.330787308661653,3.051077260799761,0.4756937000001926,kriging_results_of_train\s449_tx69\map449_tx69_ratio0_0010.png
s449_tx72,449,72,0.001,56,0.03008664592957016,5.387475100702551,3.1377352377609027,0.45016490000034537,kriging_results_of_train\s449_tx72\map449_tx72_ratio0_0010.png
s449_tx76,449,76,0.001,56,0.018579686775521135,5.847266465953242,3.5839357614478318,0.4590595999998186,kriging_results_of_train\s449_tx76\map449_tx76_ratio0_0010.png
s449_tx78,449,78,0.001,56,0.026001962742410373,5.761424726767679,3.5033875641558936,0.4841042000007292,kriging_results_of_train\s449_tx78\map449_tx78_ratio0_0010.png
s455_tx09,455,9,0.001,54,0.029736293818884357,6.806821049859619,4.259622802557983,0.43981239999993704,kriging_results_of_train\s455_tx09\map455_tx9_ratio0_0010.png
s455_tx18,455,18,0.001,54,0.02518131545370019,6.978078232486414,3.995351160957112,0.4727434999995239,kriging_results_of_train\s455_tx18\map455_tx18_ratio0_0010.png
s455_tx20,455,20,0.001,54,0.025252529270319176,6.955707399715867,3.9614289287148705,0.4600849999997081,kriging_results_of_train\s455_tx20\map455_tx20_ratio0_0010.png
s455_tx23,455,23,0.001,54,0.027683393249248,7.138385476689074,4.131237439501304,0.4656535999993139,kriging_results_of_train\s455_tx23\map455_tx23_ratio0_0010.png
s455_tx25,455,25,0.001,54,0.024895827766869102,6.961566383569441,3.9720740307362727,0.4503024000005098,kriging_results_of_train\s455_tx25\map455_tx25_ratio0_0010.png
s455_tx30,455,30,0.001,54,0.03554642986520701,7.206709718273804,4.230802508449442,0.4536572000006345,kriging_results_of_train\s455_tx30\map455_tx30_ratio0_0010.png
s455_tx31,455,31,0.001,54,0.0328371992827536,6.777315766573796,3.9278877347492704,0.44821499999943626,kriging_results_of_train\s455_tx31\map455_tx31_ratio0_0010.png
s455_tx34,455,34,0.001,54,0.03336807373793582,6.060065733970571,3.5918659149534657,0.4588619000005565,kriging_results_of_train\s455_tx34\map455_tx34_ratio0_0010.png
s455_tx36,455,36,0.001,54,0.02809301400011302,7.27858389434676,4.317473307733975,0.44414509999933216,kriging_results_of_train\s455_tx36\map455_tx36_ratio0_0010.png
s455_tx38,455,38,0.001,54,0.025455457071416183,6.372542212806952,3.942814863577407,0.45535170000039216,kriging_results_of_train\s455_tx38\map455_tx38_ratio0_0010.png
s455_tx42,455,42,0.001,54,0.02867943045447722,7.231652680829333,3.975214852017679,0.43449340000006487,kriging_results_of_train\s455_tx42\map455_tx42_ratio0_0010.png
s455_tx45,455,45,0.001,54,0.027991872687764686,7.244847625413687,4.288091859018583,0.4548664000003555,kriging_results_of_train\s455_tx45\map455_tx45_ratio0_0010.png
s455_tx49,455,49,0.001,54,0.0371333363893025,5.9076295352475965,3.485482370206845,0.4518938999999591,kriging_results_of_train\s455_tx49\map455_tx49_ratio0_0010.png
s455_tx56,455,56,0.001,54,0.031832538295469136,7.290098505085743,4.6032454669347755,0.4447786000000633,kriging_results_of_train\s455_tx56\map455_tx56_ratio0_0010.png
s455_tx59,455,59,0.001,54,0.025524741593395257,6.976395565826026,4.037105453258202,0.4397912999993423,kriging_results_of_train\s455_tx59\map455_tx59_ratio0_0010.png
s455_tx66,455,66,0.001,54,0.03050736138147166,7.008669190030524,4.320515795987886,0.4537145000003875,kriging_results_of_train\s455_tx66\map455_tx66_ratio0_0010.png
s455_tx70,455,70,0.001,54,0.0348673805446566,7.22063227063828,4.214718370766757,0.45027200000004086,kriging_results_of_train\s455_tx70\map455_tx70_ratio0_0010.png
s455_tx72,455,72,0.001,54,0.02702328952013829,7.057908832025871,4.067956806333862,0.4550195000001622,kriging_results_of_train\s455_tx72\map455_tx72_ratio0_0010.png
s455_tx73,455,73,0.001,54,0.024348415877758586,6.935777460514162,3.929542169515267,0.4877255999999761,kriging_results_of_train\s455_tx73\map455_tx73_ratio0_0010.png
s455_tx74,455,74,0.001,54,0.025278675023377,6.9731321843670875,3.9993651727230395,0.4617861000006087,kriging_results_of_train\s455_tx74\map455_tx74_ratio0_0010.png
s467_tx00,467,0,0.001,58,0.0351159671958824,5.744449909730287,3.227935110531528,0.5081786999999167,kriging_results_of_train\s467_tx00\map467_tx0_ratio0_0010.png
s467_tx06,467,6,0.001,58,0.03260785345462418,6.773311987853243,4.152239424042712,0.5084295999995447,kriging_results_of_train\s467_tx06\map467_tx6_ratio0_0010.png
s467_tx07,467,7,0.001,58,0.024511675479155344,6.0636739477904,3.8133111878757697,0.510088299999552,kriging_results_of_train\s467_tx07\map467_tx7_ratio0_0010.png
s467_tx12,467,12,0.001,58,0.018311216478571955,5.35072040487137,3.30991538950365,0.4814074999994773,kriging_results_of_train\s467_tx12\map467_tx12_ratio0_0010.png
s467_tx15,467,15,0.001,58,0.01725907394174636,4.970789569467073,3.169787696431453,0.47906049999983225,kriging_results_of_train\s467_tx15\map467_tx15_ratio0_0010.png
s467_tx18,467,18,0.001,58,0.019869479403049742,5.662496915812223,3.593780929052291,0.47878620000028604,kriging_results_of_train\s467_tx18\map467_tx18_ratio0_0010.png
s467_tx24,467,24,0.001,58,0.017469369997348317,5.149737529769148,3.249149247331456,0.46863110000049346,kriging_results_of_train\s467_tx24\map467_tx24_ratio0_0010.png
s467_tx27,467,27,0.001,58,0.03572339770176037,6.105421561985692,3.631977197945601,0.4672915000001012,kriging_results_of_train\s467_tx27\map467_tx27_ratio0_0010.png
s467_tx29,467,29,0.001,58,0.023609736853678558,4.90724492965155,3.0421714924510233,0.466716599999927,kriging_results_of_train\s467_tx29\map467_tx29_ratio0_0010.png
s467_tx35,467,35,0.001,58,0.027031562025904877,5.887570082009824,3.785740858208361,0.5031512000005023,kriging_results_of_train\s467_tx35\map467_tx35_ratio0_0010.png
s467_tx38,467,38,0.001,58,0.02788112646620272,6.542408434879054,3.843438173613709,0.4971667999998317,kriging_results_of_train\s467_tx38\map467_tx38_ratio0_0010.png
s467_tx40,467,40,0.001,58,0.02647133860428542,6.461210023841106,3.896184121659048,0.48809610000080283,kriging_results_of_train\s467_tx40\map467_tx40_ratio0_0010.png
s467_tx47,467,47,0.001,58,0.01985882568736115,5.010517876544628,3.2420947180601276,0.4905347999992955,kriging_results_of_train\s467_tx47\map467_tx47_ratio0_0010.png
s467_tx48,467,48,0.001,58,0.030860419559929384,6.6054456152256344,4.080121615117197,0.5319812999996429,kriging_results_of_train\s467_tx48\map467_tx48_ratio0_0010.png
s467_tx54,467,54,0.001,58,0.026435528958621286,6.149432639951084,4.0563972828435615,0.4961563999995633,kriging_results_of_train\s467_tx54\map467_tx54_ratio0_0010.png
s467_tx57,467,57,0.001,58,0.03428219998117681,6.535899190285137,3.8319756282171396,0.45336239999960526,kriging_results_of_train\s467_tx57\map467_tx57_ratio0_0010.png
s467_tx63,467,63,0.001,58,0.025207434617454075,6.315154119110677,3.842606842231503,0.49390200000016193,kriging_results_of_train\s467_tx63\map467_tx63_ratio0_0010.png
s467_tx64,467,64,0.001,58,0.031149257171801698,6.788060973245006,4.389503989467306,0.45706690000042727,kriging_results_of_train\s467_tx64\map467_tx64_ratio0_0010.png
s467_tx75,467,75,0.001,58,0.026690659684265584,6.160103156856348,3.9782753877612684,0.5080676999996285,kriging_results_of_train\s467_tx75\map467_tx75_ratio0_0010.png
s467_tx76,467,76,0.001,58,0.023626634222363923,5.998128291402253,3.633281891295062,0.49258239999926445,kriging_results_of_train\s467_tx76\map467_tx76_ratio0_0010.png
s502_tx00,502,0,0.001,44,0.059590911263188155,8.043977643161014,5.553435622742702,0.34738370000013674,kriging_results_of_train\s502_tx00\map502_tx0_ratio0_0010.png
s502_tx01,502,1,0.001,44,0.06750095488132905,8.428762107262719,5.3937483648415725,0.3643539000004239,kriging_results_of_train\s502_tx01\map502_tx1_ratio0_0010.png
s502_tx02,502,2,0.001,44,0.05270747940255938,8.155108752176071,5.806029336755886,0.3773604999996678,kriging_results_of_train\s502_tx02\map502_tx2_ratio0_0010.png
s502_tx05,502,5,0.001,44,0.06507500797876929,7.795594531573522,5.3128638145060005,0.3436493999997765,kriging_results_of_train\s502_tx05\map502_tx5_ratio0_0010.png
s502_tx23,502,23,0.001,44,0.060259920245324713,7.968746264958117,5.666709445945037,0.3380019000005632,kriging_results_of_train\s502_tx23\map502_tx23_ratio0_0010.png
s502_tx32,502,32,0.001,44,0.05892852724358195,7.667208577922124,5.403623654735761,0.36227379999945697,kriging_results_of_train\s502_tx32\map502_tx32_ratio0_0010.png
s502_tx36,502,36,0.001,44,0.0794301343819545,8.365108529158602,5.422952127725259,0.3541125000001557,kriging_results_of_train\s502_tx36\map502_tx36_ratio0_0010.png
s502_tx38,502,38,0.001,44,0.07967212237726931,8.39814549766303,5.788301236400085,0.3565917999994781,kriging_results_of_train\s502_tx38\map502_tx38_ratio0_0010.png
s502_tx43,502,43,0.001,44,0.07301086591907825,7.641025116044701,5.1642942522213175,0.34134110000013607,kriging_results_of_train\s502_tx43\map502_tx43_ratio0_0010.png
s502_tx48,502,48,0.001,44,0.06332118519979058,6.998466702671185,4.6807468818184805,0.35492969999995694,kriging_results_of_train\s502_tx48\map502_tx48_ratio0_0010.png
s502_tx52,502,52,0.001,44,0.08431510179087726,8.904227465287853,6.1452860175199735,0.3530855999997584,kriging_results_of_train\s502_tx52\map502_tx52_ratio0_0010.png
s502_tx55,502,55,0.001,44,0.0747869225230671,8.16861497749894,5.107475224455577,0.33236459999989165,kriging_results_of_train\s502_tx55\map502_tx55_ratio0_0010.png
s502_tx59,502,59,0.001,44,0.06219405019391969,7.720689504078306,4.959560545401568,0.3492378999999346,kriging_results_of_train\s502_tx59\map502_tx59_ratio0_0010.png
s502_tx60,502,60,0.001,44,0.07026924461165975,7.3320773869130464,4.881628355172492,0.365216799999871,kriging_results_of_train\s502_tx60\map502_tx60_ratio0_0010.png
s502_tx62,502,62,0.001,44,0.08797026696774757,10.293953215710516,7.21033787695015,0.3524531000002753,kriging_results_of_train\s502_tx62\map502_tx62_ratio0_0010.png
s502_tx67,502,67,0.001,44,0.06864674344876859,8.429366082220046,5.421861613697122,0.3522592999997869,kriging_results_of_train\s502_tx67\map502_tx67_ratio0_0010.png
s502_tx68,502,68,0.001,44,0.07929651001172602,7.663824695080667,5.035393277808625,0.3427553000001353,kriging_results_of_train\s502_tx68\map502_tx68_ratio0_0010.png
s502_tx72,502,72,0.001,44,0.07727090914579911,8.725108682933564,6.136338801240904,0.36312139999972715,kriging_results_of_train\s502_tx72\map502_tx72_ratio0_0010.png
s502_tx73,502,73,0.001,44,0.0601671066619371,6.676665058775828,4.538078266884462,0.35857409999971424,kriging_results_of_train\s502_tx73\map502_tx73_ratio0_0010.png
s502_tx78,502,78,0.001,44,0.06765378695988385,8.105322610466605,5.347871771844342,0.3544842000001154,kriging_results_of_train\s502_tx78\map502_tx78_ratio0_0010.png
s510_tx02,510,2,0.001,52,0.05143669190906296,8.65968166300819,5.545064992341082,0.4334702999994988,kriging_results_of_train\s510_tx02\map510_tx2_ratio0_0010.png
s510_tx12,510,12,0.001,52,0.05007817531482529,7.319748626580938,4.418551274512002,0.4215486000002784,kriging_results_of_train\s510_tx12\map510_tx12_ratio0_0010.png
s510_tx24,510,24,0.001,52,0.040144560703059405,7.94724074630137,5.016048363183397,0.45103759999983595,kriging_results_of_train\s510_tx24\map510_tx24_ratio0_0010.png
s510_tx25,510,25,0.001,52,0.049016079434938346,7.185638577983538,4.432906435525238,0.4503557999996701,kriging_results_of_train\s510_tx25\map510_tx25_ratio0_0010.png
s510_tx26,510,26,0.001,52,0.031387454926306874,7.8431170054709245,4.59968442510359,0.4432919999999285,kriging_results_of_train\s510_tx26\map510_tx26_ratio0_0010.png
s510_tx27,510,27,0.001,52,0.030686653869981626,7.341848668970366,4.513832856391412,0.424031699999432,kriging_results_of_train\s510_tx27\map510_tx27_ratio0_0010.png
s510_tx33,510,33,0.001,52,0.03076570969582284,7.336622991172941,4.6442511386391905,0.4512271999992663,kriging_results_of_train\s510_tx33\map510_tx33_ratio0_0010.png
s510_tx36,510,36,0.001,52,0.029451217722359316,7.352914083607123,4.44703269121689,0.43380900000011025,kriging_results_of_train\s510_tx36\map510_tx36_ratio0_0010.png
s510_tx38,510,38,0.001,52,0.053658230991143724,8.639373114064485,5.485231080236054,0.42210250000061933,kriging_results_of_train\s510_tx38\map510_tx38_ratio0_0010.png
s510_tx44,510,44,0.001,52,0.03414870006020252,7.8404001183971666,4.919443138197054,0.42121990000032383,kriging_results_of_train\s510_tx44\map510_tx44_ratio0_0010.png
s510_tx45,510,45,0.001,52,0.03463818892687223,7.804958247860394,5.306162097473611,0.44187409999995,kriging_results_of_train\s510_tx45\map510_tx45_ratio0_0010.png
s510_tx51,510,51,0.001,52,0.027547651671197965,7.4154160030839344,4.537105566435929,0.4452933000002304,kriging_results_of_train\s510_tx51\map510_tx51_ratio0_0010.png
s510_tx54,510,54,0.001,52,0.028477340911158583,7.357006374075055,4.3440969633282895,0.4267988999999943,kriging_results_of_train\s510_tx54\map510_tx54_ratio0_0010.png
s510_tx55,510,55,0.001,52,0.03356179715664816,7.733239176984264,5.121529126315952,0.4333695000004809,kriging_results_of_train\s510_tx55\map510_tx55_ratio0_0010.png
s510_tx67,510,67,0.001,52,0.02783588817757345,7.112762870921665,4.5554164804050465,0.4267632999999478,kriging_results_of_train\s510_tx67\map510_tx67_ratio0_0010.png
s510_tx69,510,69,0.001,52,0.02209735042501188,6.569907968709268,4.0067136879785545,0.45101599999998143,kriging_results_of_train\s510_tx69\map510_tx69_ratio0_0010.png
s510_tx70,510,70,0.001,52,0.044148773628241246,6.465425648556556,3.7285008043603547,0.4362472999991951,kriging_results_of_train\s510_tx70\map510_tx70_ratio0_0010.png
s510_tx72,510,72,0.001,52,0.0307744149424706,7.702257858165079,4.517114283332572,0.4150398000001587,kriging_results_of_train\s510_tx72\map510_tx72_ratio0_0010.png
s510_tx78,510,78,0.001,52,0.02920404887522589,7.3124913594645795,4.4425690903261055,0.4303138000004765,kriging_results_of_train\s510_tx78\map510_tx78_ratio0_0010.png
s510_tx79,510,79,0.001,52,0.031940368213238805,6.869457857209925,4.272889888172996,0.4449968999997509,kriging_results_of_train\s510_tx79\map510_tx79_ratio0_0010.png
s519_tx00,519,0,0.001,48,0.03845401162963605,7.096634913177106,5.009695813521529,0.395022899999276,kriging_results_of_train\s519_tx00\map519_tx0_ratio0_0010.png
s519_tx02,519,2,0.001,48,0.06825799402721798,8.290360516940995,5.223398743660655,0.3727223000005324,kriging_results_of_train\s519_tx02\map519_tx2_ratio0_0010.png
s519_tx11,519,11,0.001,48,0.04727728213085836,7.848779657147522,5.3911149017862465,0.38504179999927146,kriging_results_of_train\s519_tx11\map519_tx11_ratio0_0010.png
s519_tx19,519,19,0.001,48,0.04566689910167929,7.559063926901392,5.529125797225301,0.39073740000003454,kriging_results_of_train\s519_tx19\map519_tx19_ratio0_0010.png
s519_tx21,519,21,0.001,48,0.06160428997468396,7.791596516911281,5.12734164076023,0.38831369999934395,kriging_results_of_train\s519_tx21\map519_tx21_ratio0_0010.png
s519_tx23,519,23,0.001,48,0.051952525724745686,8.219653461141968,6.0097224503418,0.3841124000000491,kriging_results_of_train\s519_tx23\map519_tx23_ratio0_0010.png
s519_tx31,519,31,0.001,48,0.0493375871516792,7.790872340099858,5.364929547625997,0.3967695999999705,kriging_results_of_train\s519_tx31\map519_tx31_ratio0_0010.png
s519_tx32,519,32,0.001,48,0.05573419618450335,7.196122464637834,4.645245046490278,0.3788683000002493,kriging_results_of_train\s519_tx32\map519_tx32_ratio0_0010.png
s519_tx35,519,35,0.001,48,0.04405408732153777,7.637096001296191,5.389078722292004,0.4005653000003804,kriging_results_of_train\s519_tx35\map519_tx35_ratio0_0010.png
s519_tx36,519,36,0.001,48,0.061356930396790785,7.905267315450456,5.23165482562878,0.364400200000091,kriging_results_of_train\s519_tx36\map519_tx36_ratio0_0010.png
s519_tx40,519,40,0.001,48,0.04381725490621142,7.49075546001427,4.9682984774042644,0.4041976999997132,kriging_results_of_train\s519_tx40\map519_tx40_ratio0_0010.png
s519_tx43,519,43,0.001,48,0.055709940352356845,6.831025666010034,4.502720073952688,0.3889961000004405,kriging_results_of_train\s519_tx43\map519_tx43_ratio0_0010.png
s519_tx48,519,48,0.001,48,0.05129166923394391,7.390692717949751,4.815091839165364,0.3975490000002537,kriging_results_of_train\s519_tx48\map519_tx48_ratio0_0010.png
s519_tx52,519,52,0.001,48,0.04733474913337405,7.846229619830646,5.617559594594473,0.4053868999999395,kriging_results_of_train\s519_tx52\map519_tx52_ratio0_0010.png
s519_tx55,519,55,0.001,48,0.04466817935878197,7.976628115105013,5.766374393089704,0.3980278000008184,kriging_results_of_train\s519_tx55\map519_tx55_ratio0_0010.png
s519_tx59,519,59,0.001,48,0.05210688762251206,6.8370589426937,4.965387514259174,0.386168699999871,kriging_results_of_train\s519_tx59\map519_tx59_ratio0_0010.png
s519_tx65,519,65,0.001,48,0.0529031411296811,7.3454824902404265,5.138897503854836,0.40254749999985506,kriging_results_of_train\s519_tx65\map519_tx65_ratio0_0010.png
s519_tx71,519,71,0.001,48,0.05258571927893573,7.156479622160421,4.799170333333498,0.3752097999995385,kriging_results_of_train\s519_tx71\map519_tx71_ratio0_0010.png
s519_tx73,519,73,0.001,48,0.0591165079229049,8.014911244831325,5.387325147421872,0.40471699999943667,kriging_results_of_train\s519_tx73\map519_tx73_ratio0_0010.png
s519_tx74,519,74,0.001,48,0.04623536137010459,7.840675287574082,5.432274086181831,0.37015880000035395,kriging_results_of_train\s519_tx74\map519_tx74_ratio0_0010.png
s528_tx00,528,0,0.001,51,0.03486945027584869,7.046662871389996,4.344766467452213,0.4005892999994103,kriging_results_of_train\s528_tx00\map528_tx0_ratio0_0010.png
s528_tx04,528,4,0.001,51,0.06994169779484825,9.622001627666664,4.977530827585922,0.4765389000003779,kriging_results_of_train\s528_tx04\map528_tx4_ratio0_0010.png
s528_tx05,528,5,0.001,51,0.03419273905568239,7.856997923420742,4.790716943909108,0.4183565000003,kriging_results_of_train\s528_tx05\map528_tx5_ratio0_0010.png
s528_tx08,528,8,0.001,51,0.04691671906792092,7.014573419119521,4.267307401004578,0.41855629999918165,kriging_results_of_train\s528_tx08\map528_tx8_ratio0_0010.png
s528_tx12,528,12,0.001,51,0.031901926196489815,7.820265179442302,4.4100155573056465,0.41502519999994547,kriging_results_of_train\s528_tx12\map528_tx12_ratio0_0010.png
s528_tx13,528,13,0.001,51,0.025237546473808162,7.04685583342347,4.148340316389117,0.4114489000003232,kriging_results_of_train\s528_tx13\map528_tx13_ratio0_0010.png
s528_tx15,528,15,0.001,51,0.036311291162829995,6.716209793362217,4.003369833132969,0.4162396000001536,kriging_results_of_train\s528_tx15\map528_tx15_ratio0_0010.png
s528_tx17,528,17,0.001,51,0.028205811981907757,7.308934742310068,4.269178919118459,0.41759490000004007,kriging_results_of_train\s528_tx17\map528_tx17_ratio0_0010.png
s528_tx27,528,27,0.001,51,0.0315640312909413,7.876318744393479,4.475556861483322,0.44278189999931783,kriging_results_of_train\s528_tx27\map528_tx27_ratio0_0010.png
s528_tx29,528,29,0.001,51,0.038400487352207156,8.117854337815068,4.719062855408104,0.45376069999929314,kriging_results_of_train\s528_tx29\map528_tx29_ratio0_0010.png
s528_tx31,528,31,0.001,51,0.03745492724242263,7.902596943353343,4.59447317927927,0.40446500000052765,kriging_results_of_train\s528_tx31\map528_tx31_ratio0_0010.png
s528_tx34,528,34,0.001,51,0.03540344968239642,8.284255201614814,4.484507615002895,0.42669670000032056,kriging_results_of_train\s528_tx34\map528_tx34_ratio0_0010.png
s528_tx41,528,41,0.001,51,0.03448591423398253,7.973200578947487,4.663405347088102,0.4185256999999183,kriging_results_of_train\s528_tx41\map528_tx41_ratio0_0010.png
s528_tx47,528,47,0.001,51,0.035780331088738654,7.970703243090043,4.848261281185489,0.4253723000001628,kriging_results_of_train\s528_tx47\map528_tx47_ratio0_0010.png
s528_tx54,528,54,0.001,51,0.024138634423312627,6.877467717700899,3.9326278784863455,0.43505199999981414,kriging_results_of_train\s528_tx54\map528_tx54_ratio0_0010.png
s528_tx56,528,56,0.001,51,0.0334043695997477,7.642210166819815,4.426362425991732,0.4120983000002525,kriging_results_of_train\s528_tx56\map528_tx56_ratio0_0010.png
s528_tx59,528,59,0.001,51,0.06752313077256483,9.434633186859944,4.839875465414161,0.41430380000019795,kriging_results_of_train\s528_tx59\map528_tx59_ratio0_0010.png
s528_tx70,528,70,0.001,51,0.07280413076684565,9.835549863268833,5.182776095102527,0.4252494000002116,kriging_results_of_train\s528_tx70\map528_tx70_ratio0_0010.png
s528_tx71,528,71,0.001,51,0.07138875975432929,9.763353100129494,4.9532934141076534,0.39749230000052194,kriging_results_of_train\s528_tx71\map528_tx71_ratio0_0010.png
s528_tx79,528,79,0.001,51,0.03487239077698662,6.923668805723803,4.1577391736468,0.440186700000595,kriging_results_of_train\s528_tx79\map528_tx79_ratio0_0010.png
s536_tx01,536,1,0.001,51,0.028017438890238108,7.256571369437263,4.189533429766152,0.42955779999920196,kriging_results_of_train\s536_tx01\map536_tx1_ratio0_0010.png
s536_tx05,536,5,0.001,51,0.021821432854683923,6.850818789774524,3.876577906177991,0.4305780999993658,kriging_results_of_train\s536_tx05\map536_tx5_ratio0_0010.png
s536_tx18,536,18,0.001,51,0.02288032610163073,6.960183617485117,3.990234295500578,0.43329999999969004,kriging_results_of_train\s536_tx18\map536_tx18_ratio0_0010.png
s536_tx25,536,25,0.001,51,0.019271666659744696,6.338476358519981,3.650126368321252,0.41609059999973397,kriging_results_of_train\s536_tx25\map536_tx25_ratio0_0010.png
s536_tx28,536,28,0.001,51,0.02214719512365876,6.5917494854670675,3.6631304646762697,0.42553290000068955,kriging_results_of_train\s536_tx28\map536_tx28_ratio0_0010.png
s536_tx29,536,29,0.001,51,0.020472571249577368,6.1786699562199985,3.584514436496241,0.4252661000000444,kriging_results_of_train\s536_tx29\map536_tx29_ratio0_0010.png
s536_tx30,536,30,0.001,51,0.020297312128925115,6.337599676064133,3.7779883557634584,0.4295321999998123,kriging_results_of_train\s536_tx30\map536_tx30_ratio0_0010.png
s536_tx31,536,31,0.001,51,0.020742312136294107,6.47184410830378,3.837972577954169,0.41475029999946855,kriging_results_of_train\s536_tx31\map536_tx31_ratio0_0010.png
s536_tx45,536,45,0.001,51,0.038384446327219435,6.499800786674658,3.743786874621907,0.45515269999941665,kriging_results_of_train\s536_tx45\map536_tx45_ratio0_0010.png
s536_tx48,536,48,0.001,51,0.024184205337533276,6.789340384378225,3.7699690585669567,0.4281381999999212,kriging_results_of_train\s536_tx48\map536_tx48_ratio0_0010.png
s536_tx54,536,54,0.001,51,0.020992956152800172,6.565381983052416,3.6821382711319135,0.43489969999973255,kriging_results_of_train\s536_tx54\map536_tx54_ratio0_0010.png
s536_tx56,536,56,0.001,51,0.024968418340684334,7.051633085684672,4.03061337882849,0.43643900000006397,kriging_results_of_train\s536_tx56\map536_tx56_ratio0_0010.png
s536_tx58,536,58,0.001,51,0.020373538140788756,6.533467458600514,3.8214113333610418,0.4456019999997807,kriging_results_of_train\s536_tx58\map536_tx58_ratio0_0010.png
s536_tx62,536,62,0.001,51,0.020914810675954798,6.437311796029989,3.776469439356588,0.4529542999998739,kriging_results_of_train\s536_tx62\map536_tx62_ratio0_0010.png
s536_tx63,536,63,0.001,51,0.021041916174168205,6.699391894218779,3.7165366055922626,0.4245352999996612,kriging_results_of_train\s536_tx63\map536_tx63_ratio0_0010.png
s536_tx65,536,65,0.001,51,0.039523526730123236,6.426196275448074,3.705231248986727,0.4230688999996346,kriging_results_of_train\s536_tx65\map536_tx65_ratio0_0010.png
s536_tx69,536,69,0.001,51,0.021948081400141654,6.708158013749744,4.063947233428034,0.44070490000012796,kriging_results_of_train\s536_tx69\map536_tx69_ratio0_0010.png
s536_tx75,536,75,0.001,51,0.0434878794967884,7.019690654155186,4.039940738964852,0.42857140000069194,kriging_results_of_train\s536_tx75\map536_tx75_ratio0_0010.png
s536_tx76,536,76,0.001,51,0.02466045022894197,6.607570495810794,3.9887222586436906,0.4544854999994641,kriging_results_of_train\s536_tx76\map536_tx76_ratio0_0010.png
s536_tx79,536,79,0.001,51,0.021357275552604853,6.768498127989348,3.7938503120406915,0.4481200999998691,kriging_results_of_train\s536_tx79\map536_tx79_ratio0_0010.png
s540_tx05,540,5,0.001,45,0.05156326329010047,8.789120934916143,6.131151601940766,0.37856550000014977,kriging_results_of_train\s540_tx05\map540_tx5_ratio0_0010.png
s540_tx07,540,7,0.001,45,0.0852394380282888,9.63237852374258,6.330616275471266,0.36344000000008236,kriging_results_of_train\s540_tx07\map540_tx7_ratio0_0010.png
s540_tx09,540,9,0.001,45,0.054938360077315965,9.038046127565957,6.421769899677878,0.358704399999624,kriging_results_of_train\s540_tx09\map540_tx9_ratio0_0010.png
s540_tx14,540,14,0.001,45,0.07568617001115337,9.313674009312097,6.316183272501397,0.3593380000002071,kriging_results_of_train\s540_tx14\map540_tx14_ratio0_0010.png
s540_tx20,540,20,0.001,45,0.06502833498961116,8.368119256572635,5.5915381325279006,0.3716409999997268,kriging_results_of_train\s540_tx20\map540_tx20_ratio0_0010.png
s540_tx26,540,26,0.001,45,0.11056897074714205,10.15107871707842,6.71911569705751,0.3598669000002701,kriging_results_of_train\s540_tx26\map540_tx26_ratio0_0010.png
s540_tx32,540,32,0.001,45,0.05605963196609656,9.131547900447828,6.446991786545441,0.36966229999961797,kriging_results_of_train\s540_tx32\map540_tx32_ratio0_0010.png
s540_tx33,540,33,0.001,45,0.05313152377190916,8.613007024891363,6.061780591048935,0.37617240000054153,kriging_results_of_train\s540_tx33\map540_tx33_ratio0_0010.png
s540_tx38,540,38,0.001,45,0.06798935644174814,9.510353024656139,6.624275599987364,0.3592625000001135,kriging_results_of_train\s540_tx38\map540_tx38_ratio0_0010.png
s540_tx41,540,41,0.001,45,0.09938727449969012,10.340628462322188,6.634732322562972,0.3574261000003389,kriging_results_of_train\s540_tx41\map540_tx41_ratio0_0010.png
s540_tx47,540,47,0.001,45,0.08432162613528041,10.681779268413552,7.247312085328119,0.34793339999941963,kriging_results_of_train\s540_tx47\map540_tx47_ratio0_0010.png
s540_tx50,540,50,0.001,45,0.06579184265649726,9.406773452309384,6.531385102981065,0.3465777999999773,kriging_results_of_train\s540_tx50\map540_tx50_ratio0_0010.png
s540_tx51,540,51,0.001,45,0.07823298878600993,8.489817715097457,5.758461324148362,0.3590542000001733,kriging_results_of_train\s540_tx51\map540_tx51_ratio0_0010.png
s540_tx56,540,56,0.001,45,0.10830103777095984,10.435931169568391,6.737254063133213,0.3654907000000094,kriging_results_of_train\s540_tx56\map540_tx56_ratio0_0010.png
s540_tx57,540,57,0.001,45,0.06488430559772768,8.54256235413832,5.830180213919562,0.376340099999652,kriging_results_of_train\s540_tx57\map540_tx57_ratio0_0010.png
s540_tx58,540,58,0.001,45,0.06960491530924412,8.364052640306124,5.517389556676927,0.3604913999997734,kriging_results_of_train\s540_tx58\map540_tx58_ratio0_0010.png
s540_tx60,540,60,0.001,45,0.0732053276428544,8.706201846352627,5.898244704940398,0.36003789999995206,kriging_results_of_train\s540_tx60\map540_tx60_ratio0_0010.png
s540_tx62,540,62,0.001,45,0.0815603930160481,8.734204363739954,5.890083670296815,0.37151339999945776,kriging_results_of_train\s540_tx62\map540_tx62_ratio0_0010.png
s540_tx68,540,68,0.001,45,0.06552316067814462,8.599942180711444,5.832281150341575,0.374247199999445,kriging_results_of_train\s540_tx68\map540_tx68_ratio0_0010.png
s540_tx78,540,78,0.001,45,0.15499780255236653,10.531781883630277,6.524065422205324,0.3658122999995612,kriging_results_of_train\s540_tx78\map540_tx78_ratio0_0010.png
s546_tx02,546,2,0.001,43,0.06157145455960413,7.464186884949632,5.004571121478501,0.34740549999969517,kriging_results_of_train\s546_tx02\map546_tx2_ratio0_0010.png
s546_tx07,546,7,0.001,43,0.08420963541106125,9.47316459748423,6.8792085717688005,0.36478270000043267,kriging_results_of_train\s546_tx07\map546_tx7_ratio0_0010.png
s546_tx08,546,8,0.001,43,0.09072114831590745,10.526921006788545,7.323897399809169,0.34465710000040417,kriging_results_of_train\s546_tx08\map546_tx8_ratio0_0010.png
s546_tx21,546,21,0.001,43,0.0799302771416766,9.576252759000267,7.0085761746372714,0.32818959999985964,kriging_results_of_train\s546_tx21\map546_tx21_ratio0_0010.png
s546_tx26,546,26,0.001,43,0.06746580959131751,8.014946986198247,5.624762984730291,0.3432713000001968,kriging_results_of_train\s546_tx26\map546_tx26_ratio0_0010.png
s546_tx32,546,32,0.001,43,0.07052454635182434,8.448913876012071,5.493495363389436,0.33968449999974837,kriging_results_of_train\s546_tx32\map546_tx32_ratio0_0010.png
s546_tx34,546,34,0.001,43,0.06981537896982805,9.087235635339066,6.56523964893835,0.3638027000006332,kriging_results_of_train\s546_tx34\map546_tx34_ratio0_0010.png
s546_tx36,546,36,0.001,43,0.08089547567611753,8.464429520355646,6.114747805476578,0.3584769999997661,kriging_results_of_train\s546_tx36\map546_tx36_ratio0_0010.png
s546_tx42,546,42,0.001,43,0.07565203061746821,9.541221135060246,7.021596773779603,0.3462557000002562,kriging_results_of_train\s546_tx42\map546_tx42_ratio0_0010.png
s546_tx43,546,43,0.001,43,0.08987142833841937,10.302017781775897,7.436537724763729,0.33492849999947794,kriging_results_of_train\s546_tx43\map546_tx43_ratio0_0010.png
s546_tx45,546,45,0.001,43,0.08434443325107804,9.70098859671863,7.060394425437955,0.3689555000000837,kriging_results_of_train\s546_tx45\map546_tx45_ratio0_0010.png
s546_tx50,546,50,0.001,43,0.08553219089958176,9.921535104491022,7.029904384913615,0.3367005000000063,kriging_results_of_train\s546_tx50\map546_tx50_ratio0_0010.png
s546_tx57,546,57,0.001,43,0.06903488012062961,8.525305236173669,5.643003807550767,0.3388226000006398,kriging_results_of_train\s546_tx57\map546_tx57_ratio0_0010.png
s546_tx58,546,58,0.001,43,0.06445176582553977,9.126522977105026,6.68536714209669,0.33835199999975885,kriging_results_of_train\s546_tx58\map546_tx58_ratio0_0010.png
s546_tx59,546,59,0.001,43,0.07106337883158306,7.066489192240554,4.926904497057239,0.33060719999957655,kriging_results_of_train\s546_tx59\map546_tx59_ratio0_0010.png
s546_tx61,546,61,0.001,43,0.09057457948963442,9.096011198192848,6.515284751473342,0.33118369999920105,kriging_results_of_train\s546_tx61\map546_tx61_ratio0_0010.png
s546_tx75,546,75,0.001,43,0.07913281817205403,8.259931206327167,5.780702805647331,0.34453729999950156,kriging_results_of_train\s546_tx75\map546_tx75_ratio0_0010.png
s546_tx76,546,76,0.001,43,0.078422320250331,9.201396728731075,6.69615124584395,0.35515050000049087,kriging_results_of_train\s546_tx76\map546_tx76_ratio0_0010.png
s546_tx78,546,78,0.001,43,0.07341038622813337,8.266722079478326,5.946542346249891,0.342057300000306,kriging_results_of_train\s546_tx78\map546_tx78_ratio0_0010.png
s546_tx79,546,79,0.001,43,0.0762107865551503,8.893964430540702,6.508778115369751,0.33576259999972535,kriging_results_of_train\s546_tx79\map546_tx79_ratio0_0010.png
s562_tx00,562,0,0.001,54,0.03827113095918908,7.154702608067844,4.493057945578236,0.4385482999996384,kriging_results_of_train\s562_tx00\map562_tx0_ratio0_0010.png
s562_tx07,562,7,0.001,54,0.04134315865163997,7.028883917693022,4.329382109544353,0.4621687999997448,kriging_results_of_train\s562_tx07\map562_tx7_ratio0_0010.png
s562_tx10,562,10,0.001,54,0.02021512175089087,5.943970709730709,3.429360698934374,0.4481124000003547,kriging_results_of_train\s562_tx10\map562_tx10_ratio0_0010.png
s562_tx20,562,20,0.001,54,0.03389212869574259,6.82903628639152,4.199428065635638,0.47492830000010144,kriging_results_of_train\s562_tx20\map562_tx20_ratio0_0010.png
s562_tx23,562,23,0.001,54,0.029998923334717164,6.332085895398344,3.955807137231809,0.4679140999996889,kriging_results_of_train\s562_tx23\map562_tx23_ratio0_0010.png
s562_tx24,562,24,0.001,54,0.03645852993994732,6.286576154852273,3.6780199840126535,0.45823310000014317,kriging_results_of_train\s562_tx24\map562_tx24_ratio0_0010.png
s562_tx26,562,26,0.001,54,0.03214702270997079,6.927377091526648,4.448971721855178,0.4756167000005007,kriging_results_of_train\s562_tx26\map562_tx26_ratio0_0010.png
s562_tx28,562,28,0.001,54,0.02141478827789964,6.105277452515693,3.5976893232121814,0.4354782000000341,kriging_results_of_train\s562_tx28\map562_tx28_ratio0_0010.png
s562_tx35,562,35,0.001,54,0.031871705674235314,6.508250944126347,3.9823784660183073,0.4512257000005775,kriging_results_of_train\s562_tx35\map562_tx35_ratio0_0010.png
s562_tx36,562,36,0.001,54,0.03397546681111216,6.7588060948161175,4.215158740848136,0.4646962999995594,kriging_results_of_train\s562_tx36\map562_tx36_ratio0_0010.png
s562_tx39,562,39,0.001,54,0.059220700712029624,6.615445890922475,3.836356278034118,0.45860929999980726,kriging_results_of_train\s562_tx39\map562_tx39_ratio0_0010.png
s562_tx41,562,41,0.001,54,0.03218847125324569,6.918545002866815,4.46017435695428,0.46410500000001775,kriging_results_of_train\s562_tx41\map562_tx41_ratio0_0010.png
s562_tx49,562,49,0.001,54,0.03526019410761787,7.135803246879019,4.494682792365218,0.42794080000021495,kriging_results_of_train\s562_tx49\map562_tx49_ratio0_0010.png
s562_tx52,562,52,0.001,54,0.023989085963506376,6.308458911410541,3.774763723476417,0.4747996999994939,kriging_results_of_train\s562_tx52\map562_tx52_ratio0_0010.png
s562_tx58,562,58,0.001,54,0.03883644528076461,6.921109679160098,4.076098035958005,0.4621438999993188,kriging_results_of_train\s562_tx58\map562_tx58_ratio0_0010.png
s562_tx59,562,59,0.001,54,0.03679318093553949,7.01352862836591,4.411869666101325,0.4540175999991334,kriging_results_of_train\s562_tx59\map562_tx59_ratio0_0010.png
s562_tx60,562,60,0.001,54,0.0362250154535216,7.041306123371106,4.520331624917256,0.4660219999996116,kriging_results_of_train\s562_tx60\map562_tx60_ratio0_0010.png
s562_tx69,562,69,0.001,54,0.0350425588318129,7.033442157478656,4.543147250979972,0.4603644999997414,kriging_results_of_train\s562_tx69\map562_tx69_ratio0_0010.png
s562_tx73,562,73,0.001,54,0.03247107032259853,7.043307775004761,4.371982691105962,0.4747279000002891,kriging_results_of_train\s562_tx73\map562_tx73_ratio0_0010.png
s562_tx79,562,79,0.001,54,0.02988145260945132,7.149613583166016,4.400062383300099,0.4884566000000632,kriging_results_of_train\s562_tx79\map562_tx79_ratio0_0010.png
s570_tx00,570,0,0.001,39,0.03343926097048801,7.567806753895458,4.107762176963311,0.28918090000024677,kriging_results_of_train\s570_tx00\map570_tx0_ratio0_0010.png
s570_tx01,570,1,0.001,39,0.032117948847243914,7.299375554906942,4.128425169916685,0.30471570000008796,kriging_results_of_train\s570_tx01\map570_tx1_ratio0_0010.png
s570_tx10,570,10,0.001,39,0.04109003256424993,8.264581421019354,5.126702716586415,0.31146499999977095,kriging_results_of_train\s570_tx10\map570_tx10_ratio0_0010.png
s570_tx15,570,15,0.001,39,0.031152276860086283,7.265566704959735,4.088651978820574,0.2852662999994209,kriging_results_of_train\s570_tx15\map570_tx15_ratio0_0010.png
s570_tx23,570,23,0.001,39,0.02945078967920879,7.1288399146119446,3.942158128684726,0.2851003000005221,kriging_results_of_train\s570_tx23\map570_tx23_ratio0_0010.png
s570_tx28,570,28,0.001,39,0.05310502251294877,7.0197814991154,3.834642988237222,0.3006569999997737,kriging_results_of_train\s570_tx28\map570_tx28_ratio0_0010.png
s570_tx29,570,29,0.001,39,0.04663170583984968,7.738245689155376,4.859821908492493,0.3014130000001387,kriging_results_of_train\s570_tx29\map570_tx29_ratio0_0010.png
s570_tx42,570,42,0.001,39,0.059303815820686855,7.4243426230165035,4.305279870156306,0.31004550000034214,kriging_results_of_train\s570_tx42\map570_tx42_ratio0_0010.png
s570_tx44,570,44,0.001,39,0.04365386491010936,8.913014261115482,4.995941428958764,0.32046379999974306,kriging_results_of_train\s570_tx44\map570_tx44_ratio0_0010.png
s570_tx48,570,48,0.001,39,0.030903678048966807,7.519601562841811,4.539903914188392,0.28292059999967023,kriging_results_of_train\s570_tx48\map570_tx48_ratio0_0010.png
s570_tx49,570,49,0.001,39,0.031418985783530445,7.322448438450378,4.130647756099094,0.27754490000006626,kriging_results_of_train\s570_tx49\map570_tx49_ratio0_0010.png
s570_tx52,570,52,0.001,39,0.035400701908619034,8.047335781319394,4.815369841072529,0.289929900000061,kriging_results_of_train\s570_tx52\map570_tx52_ratio0_0010.png
s570_tx56,570,56,0.001,39,0.033600521654389974,7.7890641125122455,4.27739633003534,0.29230379999989964,kriging_results_of_train\s570_tx56\map570_tx56_ratio0_0010.png
s570_tx58,570,58,0.001,39,0.0380347795599,8.14944429994016,4.875181233756208,0.286446099999921,kriging_results_of_train\s570_tx58\map570_tx58_ratio0_0010.png
s570_tx63,570,63,0.001,39,0.0333903560851067,7.626294044744131,4.09106883433202,0.3020852999998169,kriging_results_of_train\s570_tx63\map570_tx63_ratio0_0010.png
s570_tx66,570,66,0.001,39,0.055863109642078024,8.313487095628647,5.076831500322014,0.33173400000032416,kriging_results_of_train\s570_tx66\map570_tx66_ratio0_0010.png
s570_tx69,570,69,0.001,39,0.05580640380167771,8.31539831519356,5.079444178677961,0.3096550999998726,kriging_results_of_train\s570_tx69\map570_tx69_ratio0_0010.png
s570_tx70,570,70,0.001,39,0.032023665023164644,7.3666240265517295,4.166926282243273,0.301254500000141,kriging_results_of_train\s570_tx70\map570_tx70_ratio0_0010.png
s570_tx71,570,71,0.001,39,0.03959262545650112,8.419433701917914,4.984567694402183,0.30440490000000864,kriging_results_of_train\s570_tx71\map570_tx71_ratio0_0010.png
s570_tx72,570,72,0.001,39,0.04017771480361941,7.9601464615053645,5.130677693388837,0.28321869999945193,kriging_results_of_train\s570_tx72\map570_tx72_ratio0_0010.png
s581_tx01,581,1,0.001,51,0.06050641082679468,9.788865570151248,6.586547998868917,0.4271423000000141,kriging_results_of_train\s581_tx01\map581_tx1_ratio0_0010.png
s581_tx13,581,13,0.001,51,0.05647309656399288,9.154796777722275,6.076179222656039,0.4375430999998571,kriging_results_of_train\s581_tx13\map581_tx13_ratio0_0010.png
s581_tx14,581,14,0.001,51,0.06599545093554293,10.170353476664415,6.938682116179215,0.5157955999993646,kriging_results_of_train\s581_tx14\map581_tx14_ratio0_0010.png
s581_tx18,581,18,0.001,51,0.06525603445704234,8.61312820940178,5.593195275172794,0.4420207000002847,kriging_results_of_train\s581_tx18\map581_tx18_ratio0_0010.png
s581_tx20,581,20,0.001,51,0.07849825000053912,10.947288722167185,7.208001794643655,0.4488145999994231,kriging_results_of_train\s581_tx20\map581_tx20_ratio0_0010.png
s581_tx21,581,21,0.001,51,0.07581992060820866,10.499784216095918,6.4385584165140335,0.4139798999995037,kriging_results_of_train\s581_tx21\map581_tx21_ratio0_0010.png
s581_tx22,581,22,0.001,51,0.07760372778532816,10.889742731543926,7.133490124786212,0.4216624000000593,kriging_results_of_train\s581_tx22\map581_tx22_ratio0_0010.png
s581_tx29,581,29,0.001,51,0.08945993817710923,10.944218123275299,6.948731093155553,0.42293399999925896,kriging_results_of_train\s581_tx29\map581_tx29_ratio0_0010.png
s581_tx33,581,33,0.001,51,0.07504167321416194,10.519047044478576,6.650498198205397,0.4211264999994455,kriging_results_of_train\s581_tx33\map581_tx33_ratio0_0010.png
s581_tx39,581,39,0.001,51,0.064419146744693,9.923161333430064,6.517359952220793,0.42164669999965554,kriging_results_of_train\s581_tx39\map581_tx39_ratio0_0010.png
s581_tx41,581,41,0.001,51,0.04482565242443679,8.291901632184151,5.5938064625195665,0.4373622000002797,kriging_results_of_train\s581_tx41\map581_tx41_ratio0_0010.png
s581_tx49,581,49,0.001,51,0.05041937372109961,8.283084535215151,5.562596666542498,0.41415259999939735,kriging_results_of_train\s581_tx49\map581_tx49_ratio0_0010.png
s581_tx50,581,50,0.001,51,0.0846734774713522,11.27457552170176,7.202424759487185,0.43496219999997265,kriging_results_of_train\s581_tx50\map581_tx50_ratio0_0010.png
s581_tx54,581,54,0.001,51,0.06163540646132673,9.37494078509082,5.974705078960934,0.4286792000002606,kriging_results_of_train\s581_tx54\map581_tx54_ratio0_0010.png
s581_tx57,581,57,0.001,51,0.06571240394435997,9.62315586746973,6.471741172958792,0.431723100000454,kriging_results_of_train\s581_tx57\map581_tx57_ratio0_0010.png
s581_tx62,581,62,0.001,51,0.058175340674581855,8.753904491672476,5.69610467139354,0.4307708999995157,kriging_results_of_train\s581_tx62\map581_tx62_ratio0_0010.png
s581_tx63,581,63,0.001,51,0.06229105558503097,9.552203815191378,6.470854891328009,0.4275809999999183,kriging_results_of_train\s581_tx63\map581_tx63_ratio0_0010.png
s581_tx71,581,71,0.001,51,0.05020373403056348,7.932118862984143,5.227175919697673,0.4184179000003496,kriging_results_of_train\s581_tx71\map581_tx71_ratio0_0010.png
s581_tx72,581,72,0.001,51,0.05342942714052765,8.735546096492639,5.831223580743873,0.4352964999998221,kriging_results_of_train\s581_tx72\map581_tx72_ratio0_0010.png
s581_tx73,581,73,0.001,51,0.061421188352332234,8.538991388355111,5.46749020468617,0.4103658000003634,kriging_results_of_train\s581_tx73\map581_tx73_ratio0_0010.png
s592_tx04,592,4,0.001,48,0.04260154324194256,8.18755591225091,5.344168418724122,0.40710370000033436,kriging_results_of_train\s592_tx04\map592_tx4_ratio0_0010.png
s592_tx05,592,5,0.001,48,0.0317484758525423,7.126733552644765,4.801324888387133,0.4049205000001166,kriging_results_of_train\s592_tx05\map592_tx5_ratio0_0010.png
s592_tx08,592,8,0.001,48,0.055719371560136934,7.126522981983964,4.970155277429262,0.40446069999961765,kriging_results_of_train\s592_tx08\map592_tx8_ratio0_0010.png
s592_tx12,592,12,0.001,48,0.028691336907090605,6.752184859197286,4.14041202204118,0.4047251000001779,kriging_results_of_train\s592_tx12\map592_tx12_ratio0_0010.png
s592_tx13,592,13,0.001,48,0.03905705907498638,7.286818828082482,4.356424354156982,0.4119087999997646,kriging_results_of_train\s592_tx13\map592_tx13_ratio0_0010.png
s592_tx22,592,22,0.001,48,0.03865294377503673,7.098185492337283,4.565086817137222,0.4023330999998507,kriging_results_of_train\s592_tx22\map592_tx22_ratio0_0010.png
s592_tx23,592,23,0.001,48,0.03632107189393395,8.023208302147328,5.135273989002432,0.3806426000001011,kriging_results_of_train\s592_tx23\map592_tx23_ratio0_0010.png
s592_tx24,592,24,0.001,48,0.04312655879631023,8.609386243107739,5.4088110951283825,0.4009853000006842,kriging_results_of_train\s592_tx24\map592_tx24_ratio0_0010.png
s592_tx29,592,29,0.001,48,0.03426272069007045,7.40015968592583,4.766857620026142,0.42096049999963725,kriging_results_of_train\s592_tx29\map592_tx29_ratio0_0010.png
s592_tx31,592,31,0.001,48,0.03787499404393533,8.300056797954236,5.124065303459528,0.39091129999997065,kriging_results_of_train\s592_tx31\map592_tx31_ratio0_0010.png
s592_tx38,592,38,0.001,48,0.04100756429792825,8.754395096691765,5.484877914731156,0.40335400000003574,kriging_results_of_train\s592_tx38\map592_tx38_ratio0_0010.png
s592_tx40,592,40,0.001,48,0.036655746318986236,8.30025561283774,5.350566454213669,0.37820600000031845,kriging_results_of_train\s592_tx40\map592_tx40_ratio0_0010.png
s592_tx47,592,47,0.001,48,0.03798001185287622,8.305610249769087,5.29072719199747,0.3863680000004024,kriging_results_of_train\s592_tx47\map592_tx47_ratio0_0010.png
s592_tx52,592,52,0.001,48,0.05795473347083609,6.291859304137113,4.345022752989472,0.4023813000003429,kriging_results_of_train\s592_tx52\map592_tx52_ratio0_0010.png
s592_tx59,592,59,0.001,48,0.044718121353140405,8.655033122356086,5.522278814338926,0.41954380000061064,kriging_results_of_train\s592_tx59\map592_tx59_ratio0_0010.png
s592_tx60,592,60,0.001,48,0.03831275970917441,7.5181953162086606,4.401201780159218,0.4011203000000023,kriging_results_of_train\s592_tx60\map592_tx60_ratio0_0010.png
s592_tx64,592,64,0.001,48,0.06098435741927416,9.291612986019835,4.889644236770812,0.4000023999997211,kriging_results_of_train\s592_tx64\map592_tx64_ratio0_0010.png
s592_tx66,592,66,0.001,48,0.04231876129103163,7.553029811028286,4.621801689634796,0.3719115999992937,kriging_results_of_train\s592_tx66\map592_tx66_ratio0_0010.png
s592_tx71,592,71,0.001,48,0.06201596278857116,9.320774343153579,4.905312854071031,0.3981960999999501,kriging_results_of_train\s592_tx71\map592_tx71_ratio0_0010.png
s592_tx74,592,74,0.001,48,0.056855104911603394,7.436260011444144,5.028913462511959,0.3875471999999718,kriging_results_of_train\s592_tx74\map592_tx74_ratio0_0010.png
s605_tx01,605,1,0.001,63,0.012784018026532491,5.219457514479374,2.560468576681062,0.5773213000002215,kriging_results_of_train\s605_tx01\map605_tx1_ratio0_0010.png
s605_tx03,605,3,0.001,63,0.006139997611433053,3.8521733014496333,1.8382649572572436,0.5715761999999813,kriging_results_of_train\s605_tx03\map605_tx3_ratio0_0010.png
s605_tx05,605,5,0.001,63,0.010378306496602227,3.8969382562658472,1.9242623936874206,0.5555770999999368,kriging_results_of_train\s605_tx05\map605_tx5_ratio0_0010.png
s605_tx07,605,7,0.001,63,0.006798972355944662,3.947338990161382,1.9911834236893533,0.5506239000005735,kriging_results_of_train\s605_tx07\map605_tx7_ratio0_0010.png
s605_tx11,605,11,0.001,63,0.006122964869409004,3.791391332255079,1.9892769588461472,0.5577295000002778,kriging_results_of_train\s605_tx11\map605_tx11_ratio0_0010.png
s605_tx14,605,14,0.001,63,0.011459162868685563,4.986754614806316,2.3152168682183634,0.576465800000733,kriging_results_of_train\s605_tx14\map605_tx14_ratio0_0010.png
s605_tx20,605,20,0.001,63,0.010136828186544981,4.583503227302189,2.5565185805527357,0.5440921999997954,kriging_results_of_train\s605_tx20\map605_tx20_ratio0_0010.png
s605_tx26,605,26,0.001,63,0.005911320696805685,3.7598437313003514,1.9771898825452308,0.5747291000006953,kriging_results_of_train\s605_tx26\map605_tx26_ratio0_0010.png
s605_tx30,605,30,0.001,63,0.010780578484466135,4.907786747988196,2.4291198118689135,0.5635584999999992,kriging_results_of_train\s605_tx30\map605_tx30_ratio0_0010.png
s605_tx33,605,33,0.001,63,0.016572492051093516,5.967712863391973,3.044831963675918,0.5537030999994386,kriging_results_of_train\s605_tx33\map605_tx33_ratio0_0010.png
s605_tx43,605,43,0.001,63,0.014976244831166951,5.112973335507886,2.681042318622805,0.5817032999993899,kriging_results_of_train\s605_tx43\map605_tx43_ratio0_0010.png
s605_tx46,605,46,0.001,63,0.007449294099137826,4.100593191517052,2.103231264419055,0.5603928000000451,kriging_results_of_train\s605_tx46\map605_tx46_ratio0_0010.png
s605_tx56,605,56,0.001,63,0.005808712783551102,3.7478912533805664,1.7952126497951253,0.5909007000000202,kriging_results_of_train\s605_tx56\map605_tx56_ratio0_0010.png
s605_tx59,605,59,0.001,63,0.006450417446422861,3.926289391079262,2.0378837640094085,0.5805063999996491,kriging_results_of_train\s605_tx59\map605_tx59_ratio0_0010.png
s605_tx64,605,64,0.001,63,0.007864721407618543,4.178948778161043,2.135449118470602,0.5657913000004555,kriging_results_of_train\s605_tx64\map605_tx64_ratio0_0010.png
s605_tx66,605,66,0.001,63,0.006400664902416,3.894155365122954,2.036277860006506,0.5454366999992999,kriging_results_of_train\s605_tx66\map605_tx66_ratio0_0010.png
s605_tx68,605,68,0.001,63,0.012892226928513351,5.139491678550267,2.471589061178226,0.5622453999994832,kriging_results_of_train\s605_tx68\map605_tx68_ratio0_0010.png
s605_tx73,605,73,0.001,63,0.005717260822957892,3.675951194355019,1.949415660097255,0.5580498999997872,kriging_results_of_train\s605_tx73\map605_tx73_ratio0_0010.png
s605_tx77,605,77,0.001,63,0.008095667749667764,4.141259547994214,2.1505924288484426,0.5590185999999449,kriging_results_of_train\s605_tx77\map605_tx77_ratio0_0010.png
s605_tx78,605,78,0.001,63,0.009572348172469117,4.683227451425867,2.264865615498885,0.5520335999999588,kriging_results_of_train\s605_tx78\map605_tx78_ratio0_0010.png
s606_tx01,606,1,0.001,58,0.03564836971735239,7.449045773880792,4.8816465870241625,0.4841183999997156,kriging_results_of_train\s606_tx01\map606_tx1_ratio0_0010.png
s606_tx04,606,4,0.001,58,0.026938608757592342,6.336886135355122,4.2066092549804734,0.4983961999996609,kriging_results_of_train\s606_tx04\map606_tx4_ratio0_0010.png
s606_tx05,606,5,0.001,58,0.03319083575794671,6.956140046083569,4.545715199924562,0.5154534000002968,kriging_results_of_train\s606_tx05\map606_tx5_ratio0_0010.png
s606_tx06,606,6,0.001,58,0.027485875509781935,7.165503355743325,4.8380007646521745,0.49565219999931287,kriging_results_of_train\s606_tx06\map606_tx6_ratio0_0010.png
s606_tx11,606,11,0.001,58,0.02363679630789645,6.518499788639138,4.2586755693908644,0.5091560000000754,kriging_results_of_train\s606_tx11\map606_tx11_ratio0_0010.png
s606_tx14,606,14,0.001,58,0.019237001773100802,5.3472971064921255,3.350761388912526,0.5290593999998237,kriging_results_of_train\s606_tx14\map606_tx14_ratio0_0010.png
s606_tx16,606,16,0.001,58,0.034380328893413435,6.443571716108114,4.034516389056028,0.5306516000000556,kriging_results_of_train\s606_tx16\map606_tx16_ratio0_0010.png
s606_tx24,606,24,0.001,58,0.03577945060447825,6.125347865770313,3.578353377670958,0.5160553000005166,kriging_results_of_train\s606_tx24\map606_tx24_ratio0_0010.png
s606_tx31,606,31,0.001,58,0.025341884721683836,6.704365827150415,4.5368992368502425,0.49351709999973536,kriging_results_of_train\s606_tx31\map606_tx31_ratio0_0010.png
s606_tx32,606,32,0.001,58,0.02201722452946471,6.323787566671167,4.1541105300513,0.5232714000003398,kriging_results_of_train\s606_tx32\map606_tx32_ratio0_0010.png
s606_tx36,606,36,0.001,58,0.04305891210621323,7.126060580321742,4.593968815466263,0.5033541000002515,kriging_results_of_train\s606_tx36\map606_tx36_ratio0_0010.png
s606_tx40,606,40,0.001,58,0.032456056950858535,7.693868677916868,4.862973224660156,0.4999870000001465,kriging_results_of_train\s606_tx40\map606_tx40_ratio0_0010.png
s606_tx47,606,47,0.001,58,0.024764241079407417,6.401399218080116,4.241545093569437,0.5037953000000925,kriging_results_of_train\s606_tx47\map606_tx47_ratio0_0010.png
s606_tx49,606,49,0.001,58,0.022637257266809426,6.445460570565215,4.244757222769345,0.4981448000007731,kriging_results_of_train\s606_tx49\map606_tx49_ratio0_0010.png
s606_tx51,606,51,0.001,58,0.02996940698864018,6.8200270389905455,4.391087233437017,0.48729069999990315,kriging_results_of_train\s606_tx51\map606_tx51_ratio0_0010.png
s606_tx59,606,59,0.001,58,0.03395391939547635,7.092732478981286,4.585328370724306,0.5090924000005543,kriging_results_of_train\s606_tx59\map606_tx59_ratio0_0010.png
s606_tx66,606,66,0.001,58,0.03354203246481025,7.803205145226245,5.255035407855786,0.5294552999994266,kriging_results_of_train\s606_tx66\map606_tx66_ratio0_0010.png
s606_tx69,606,69,0.001,58,0.03136539298072317,7.169585681999764,4.523757787799915,0.5129421999999977,kriging_results_of_train\s606_tx69\map606_tx69_ratio0_0010.png
s606_tx72,606,72,0.001,58,0.01932062710192708,5.4385126918433855,3.3838684770159126,0.48337350000019796,kriging_results_of_train\s606_tx72\map606_tx72_ratio0_0010.png
s606_tx79,606,79,0.001,58,0.025418131227619867,6.648754357953042,4.557320640645015,0.4811187000004793,kriging_results_of_train\s606_tx79\map606_tx79_ratio0_0010.png
s619_tx05,619,5,0.001,57,0.03465108428034623,6.7010659730709365,3.908949261052751,0.4892486999997345,kriging_results_of_train\s619_tx05\map619_tx5_ratio0_0010.png
s619_tx06,619,6,0.001,57,0.014108496427844007,5.18827031103269,3.0209423620660907,0.4895728000001327,kriging_results_of_train\s619_tx06\map619_tx6_ratio0_0010.png
s619_tx09,619,9,0.001,57,0.03704632688545461,6.525257323051098,4.002168496494905,0.49319459999969695,kriging_results_of_train\s619_tx09\map619_tx9_ratio0_0010.png
s619_tx11,619,11,0.001,57,0.03348214131204792,6.38067974245362,3.6589195432562804,0.5034543000001577,kriging_results_of_train\s619_tx11\map619_tx11_ratio0_0010.png
s619_tx16,619,16,0.001,57,0.033357525787248654,6.171822061327781,3.714330956369444,0.4898820999997042,kriging_results_of_train\s619_tx16\map619_tx16_ratio0_0010.png
s619_tx20,619,20,0.001,57,0.016302740317952237,5.739552676191043,3.395943910602545,0.48694719999912195,kriging_results_of_train\s619_tx20\map619_tx20_ratio0_0010.png
s619_tx26,619,26,0.001,57,0.014940446485972132,5.480116719551344,2.9711769923140574,0.48233799999979965,kriging_results_of_train\s619_tx26\map619_tx26_ratio0_0010.png
s619_tx27,619,27,0.001,57,0.016714804511591227,5.746195685067311,3.3959050806550657,0.5150371999998242,kriging_results_of_train\s619_tx27\map619_tx27_ratio0_0010.png
s619_tx28,619,28,0.001,57,0.03142764108171759,6.310048296914483,3.6529482965472067,0.4848859000003358,kriging_results_of_train\s619_tx28\map619_tx28_ratio0_0010.png
s619_tx32,619,32,0.001,57,0.016042132171441858,5.613403693981281,3.3249916744746506,0.515318899999329,kriging_results_of_train\s619_tx32\map619_tx32_ratio0_0010.png
s619_tx34,619,34,0.001,57,0.01642922290716955,5.366064601438789,3.078340750609546,0.5082398999993529,kriging_results_of_train\s619_tx34\map619_tx34_ratio0_0010.png
s619_tx42,619,42,0.001,57,0.013970904879778773,5.259020596140266,2.8830112454026997,0.47377959999994346,kriging_results_of_train\s619_tx42\map619_tx42_ratio0_0010.png
s619_tx51,619,51,0.001,57,0.03427020862860141,6.594378411299673,3.9246051516547786,0.5343994999993811,kriging_results_of_train\s619_tx51\map619_tx51_ratio0_0010.png
s619_tx55,619,55,0.001,57,0.023431528529666557,6.208004581597663,3.96573709284349,0.5021758000002592,kriging_results_of_train\s619_tx55\map619_tx55_ratio0_0010.png
s619_tx59,619,59,0.001,57,0.01955771929544092,6.092247169139482,3.6390492629842464,0.48183849999986705,kriging_results_of_train\s619_tx59\map619_tx59_ratio0_0010.png
s619_tx62,619,62,0.001,57,0.021044299685227075,5.363004522578526,2.985269790273683,0.49055069999940315,kriging_results_of_train\s619_tx62\map619_tx62_ratio0_0010.png
s619_tx67,619,67,0.001,57,0.03758394839144343,6.799811840505757,3.895412604510361,0.5274845000003552,kriging_results_of_train\s619_tx67\map619_tx67_ratio0_0010.png
s619_tx68,619,68,0.001,57,0.01439789791099275,5.3481474145718595,3.112040557070886,0.5246191000005638,kriging_results_of_train\s619_tx68\map619_tx68_ratio0_0010.png
s619_tx70,619,70,0.001,57,0.0337893046840636,6.0172335856508266,3.370342001263946,0.5111378999999943,kriging_results_of_train\s619_tx70\map619_tx70_ratio0_0010.png
s619_tx76,619,76,0.001,57,0.014769636909161781,5.441287171374934,3.1619573745272764,0.49041550000038114,kriging_results_of_train\s619_tx76\map619_tx76_ratio0_0010.png
s625_tx00,625,0,0.001,60,0.015141630264690198,6.00370331777945,2.7853094752622085,0.5156480999994528,kriging_results_of_train\s625_tx00\map625_tx0_ratio0_0010.png
s625_tx03,625,3,0.001,60,0.011735349648281409,5.236874104256359,2.5184484799853246,0.5517192000006617,kriging_results_of_train\s625_tx03\map625_tx3_ratio0_0010.png
s625_tx06,625,6,0.001,60,0.02010124297190934,6.77509670557818,3.5304286811484937,0.5132001000001765,kriging_results_of_train\s625_tx06\map625_tx6_ratio0_0010.png
s625_tx09,625,9,0.001,60,0.018299651205741636,6.327877933830697,3.1890510284192994,0.532290600000124,kriging_results_of_train\s625_tx09\map625_tx9_ratio0_0010.png
s625_tx12,625,12,0.001,60,0.01957794322022438,6.744716625091733,3.372187730953165,0.5297143999996479,kriging_results_of_train\s625_tx12\map625_tx12_ratio0_0010.png
s625_tx16,625,16,0.001,60,0.015020477869748442,5.984402173880619,2.7834618565135654,0.5354488000002675,kriging_results_of_train\s625_tx16\map625_tx16_ratio0_0010.png
s625_tx17,625,17,0.001,60,0.0223431967389125,6.7667418906891745,3.2690488791219403,0.5432482999995045,kriging_results_of_train\s625_tx17\map625_tx17_ratio0_0010.png
s625_tx25,625,25,0.001,60,0.020277919258557417,6.791088080595017,3.6493043602619903,0.5369537000005948,kriging_results_of_train\s625_tx25\map625_tx25_ratio0_0010.png
s625_tx27,625,27,0.001,60,0.021890967247253475,6.92482400729829,3.6564369700170265,0.5260740000003352,kriging_results_of_train\s625_tx27\map625_tx27_ratio0_0010.png
s625_tx28,625,28,0.001,60,0.026950431429657955,7.771397306107488,4.109198140592428,0.5293904999998631,kriging_results_of_train\s625_tx28\map625_tx28_ratio0_0010.png
s625_tx29,625,29,0.001,60,0.010811114945656028,4.901376059687358,2.264663245568939,0.531667600000219,kriging_results_of_train\s625_tx29\map625_tx29_ratio0_0010.png
s625_tx33,625,33,0.001,60,0.01594679900338272,6.08513414356108,2.8337876924087237,0.5373271999997087,kriging_results_of_train\s625_tx33\map625_tx33_ratio0_0010.png
s625_tx34,625,34,0.001,60,0.019709617373176638,6.72392572605051,3.481168174370092,0.5380174000001716,kriging_results_of_train\s625_tx34\map625_tx34_ratio0_0010.png
s625_tx36,625,36,0.001,60,0.020849616460640406,6.814966433942655,3.118496535767451,0.5483868999999686,kriging_results_of_train\s625_tx36\map625_tx36_ratio0_0010.png
s625_tx38,625,38,0.001,60,0.015156928083069843,5.976212650339902,2.8514509352406234,0.5557091000000582,kriging_results_of_train\s625_tx38\map625_tx38_ratio0_0010.png
s625_tx39,625,39,0.001,60,0.009569352804966496,4.649111184722783,2.135885961551528,0.5693046000005779,kriging_results_of_train\s625_tx39\map625_tx39_ratio0_0010.png
s625_tx44,625,44,0.001,60,0.03332638364831123,8.193738856836825,3.7734711813783393,0.5149768000001131,kriging_results_of_train\s625_tx44\map625_tx44_ratio0_0010.png
s625_tx46,625,46,0.001,60,0.016681397047430872,6.325563879266488,3.0530977634943386,0.5223804999995991,kriging_results_of_train\s625_tx46\map625_tx46_ratio0_0010.png
s625_tx61,625,61,0.001,60,0.011917200039325955,5.302804777155042,2.494569467743058,0.5092710999997507,kriging_results_of_train\s625_tx61\map625_tx61_ratio0_0010.png
s625_tx65,625,65,0.001,60,0.021059250255561886,6.624776149428624,3.39988699543522,0.5401482999996006,kriging_results_of_train\s625_tx65\map625_tx65_ratio0_0010.png
s627_tx00,627,0,0.001,54,0.03806199145907588,7.344540928890313,4.826537030071731,0.4872719999993933,kriging_results_of_train\s627_tx00\map627_tx0_ratio0_0010.png
s627_tx02,627,2,0.001,54,0.04449340818909464,7.554813634961966,4.719734408898055,0.48562760000004346,kriging_results_of_train\s627_tx02\map627_tx2_ratio0_0010.png
s627_tx06,627,6,0.001,54,0.03565621667572895,7.0898682068666545,4.129291669588867,0.46132680000027904,kriging_results_of_train\s627_tx06\map627_tx6_ratio0_0010.png
s627_tx12,627,12,0.001,54,0.039328072656070426,7.797880754870421,4.701310663969305,0.48750440000003437,kriging_results_of_train\s627_tx12\map627_tx12_ratio0_0010.png
s627_tx13,627,13,0.001,54,0.03477851700031134,7.440512164746525,4.430536513630647,0.48296839999966323,kriging_results_of_train\s627_tx13\map627_tx13_ratio0_0010.png
s627_tx16,627,16,0.001,54,0.044100586381987134,7.39791159108592,4.624582288125291,0.4273568999997224,kriging_results_of_train\s627_tx16\map627_tx16_ratio0_0010.png
s627_tx17,627,17,0.001,54,0.03978285626812838,7.753362359929881,4.841827196051998,0.47991950000050565,kriging_results_of_train\s627_tx17\map627_tx17_ratio0_0010.png
s627_tx21,627,21,0.001,54,0.047171898042509215,7.817193825817638,4.78723078918258,0.46160839999993186,kriging_results_of_train\s627_tx21\map627_tx21_ratio0_0010.png
s627_tx23,627,23,0.001,54,0.035400444149215456,7.837431482728871,4.662734784701516,0.45087730000068404,kriging_results_of_train\s627_tx23\map627_tx23_ratio0_0010.png
s627_tx24,627,24,0.001,54,0.03634855816234556,7.293056392688985,4.619437490086665,0.44417969999994966,kriging_results_of_train\s627_tx24\map627_tx24_ratio0_0010.png
s627_tx27,627,27,0.001,54,0.033774433848489806,7.20256744420918,4.608215883356716,0.46169910000025993,kriging_results_of_train\s627_tx27\map627_tx27_ratio0_0010.png
s627_tx34,627,34,0.001,54,0.03800312168282139,7.515159728959958,4.856753054212825,0.46130340000036085,kriging_results_of_train\s627_tx34\map627_tx34_ratio0_0010.png
s627_tx37,627,37,0.001,54,0.03621747489791434,7.6840771189275525,4.670380530291858,0.4570315999999366,kriging_results_of_train\s627_tx37\map627_tx37_ratio0_0010.png
s627_tx38,627,38,0.001,54,0.03376387346964379,7.581453863567072,4.607678913114251,0.4674863000000187,kriging_results_of_train\s627_tx38\map627_tx38_ratio0_0010.png
s627_tx41,627,41,0.001,54,0.034893511834497695,7.600128668341716,4.725200851095442,0.46429339999940566,kriging_results_of_train\s627_tx41\map627_tx41_ratio0_0010.png
s627_tx47,627,47,0.001,54,0.03458749066649666,7.315799881966158,4.407168016058475,0.4634358000002976,kriging_results_of_train\s627_tx47\map627_tx47_ratio0_0010.png
s627_tx53,627,53,0.001,54,0.04051297739755961,7.540900656965452,4.750339685740719,0.4588328999998339,kriging_results_of_train\s627_tx53\map627_tx53_ratio0_0010.png
s627_tx59,627,59,0.001,54,0.03931102962222466,7.647531360326328,4.538006836018272,0.45085739999922225,kriging_results_of_train\s627_tx59\map627_tx59_ratio0_0010.png
s627_tx69,627,69,0.001,54,0.044316727215368126,8.004076673835241,4.940575778225488,0.45677619999969465,kriging_results_of_train\s627_tx69\map627_tx69_ratio0_0010.png
s627_tx74,627,74,0.001,54,0.029762025213345217,5.923518583856925,3.5470879925137004,0.4809642000000167,kriging_results_of_train\s627_tx74\map627_tx74_ratio0_0010.png
s676_tx03,676,3,0.001,51,0.050668860271477545,8.17108702759071,5.413275831726553,0.4564597999997204,kriging_results_of_train\s676_tx03\map676_tx3_ratio0_0010.png
s676_tx07,676,7,0.001,51,0.04749790529747566,7.364231745243561,5.031228966691403,0.4309032000001025,kriging_results_of_train\s676_tx07\map676_tx7_ratio0_0010.png
s676_tx08,676,8,0.001,51,0.04328760291238806,7.570730255781836,4.843886422834984,0.4352613000000929,kriging_results_of_train\s676_tx08\map676_tx8_ratio0_0010.png
s676_tx19,676,19,0.001,51,0.05378121462488501,7.709819248356007,5.331049544478752,0.46463849999963713,kriging_results_of_train\s676_tx19\map676_tx19_ratio0_0010.png
s676_tx22,676,22,0.001,51,0.046500131042172765,8.058400554422398,5.332663855525832,0.4609487000006993,kriging_results_of_train\s676_tx22\map676_tx22_ratio0_0010.png
s676_tx23,676,23,0.001,51,0.046348730675525175,7.50044792392771,4.995671335866201,0.4090697999999975,kriging_results_of_train\s676_tx23\map676_tx23_ratio0_0010.png
s676_tx28,676,28,0.001,51,0.03363790645083813,6.682683414945989,4.37753213483072,0.4448990999999296,kriging_results_of_train\s676_tx28\map676_tx28_ratio0_0010.png
s676_tx32,676,32,0.001,51,0.04153972200244458,7.411043451612774,4.773963529604485,0.42779590000009193,kriging_results_of_train\s676_tx32\map676_tx32_ratio0_0010.png
s676_tx37,676,37,0.001,51,0.054781973007632045,7.704412313925535,5.209333165597549,0.44411270000000513,kriging_results_of_train\s676_tx37\map676_tx37_ratio0_0010.png
s676_tx39,676,39,0.001,51,0.050338803250446464,7.965927723490526,5.405101178649453,0.4470179999998436,kriging_results_of_train\s676_tx39\map676_tx39_ratio0_0010.png
s676_tx41,676,41,0.001,51,0.050164521192258504,8.266220478212377,5.047050265726011,0.41474379999999655,kriging_results_of_train\s676_tx41\map676_tx41_ratio0_0010.png
s676_tx42,676,42,0.001,51,0.04500175582455129,8.249208307869662,5.446812161444332,0.45134610000059183,kriging_results_of_train\s676_tx42\map676_tx42_ratio0_0010.png
s676_tx43,676,43,0.001,51,0.048092426210067034,7.570744317093798,5.093401089484313,0.4417124999999942,kriging_results_of_train\s676_tx43\map676_tx43_ratio0_0010.png
s676_tx45,676,45,0.001,51,0.043971801787174275,8.00806964899685,5.281063590355588,0.4430124999998952,kriging_results_of_train\s676_tx45\map676_tx45_ratio0_0010.png
s676_tx66,676,66,0.001,51,0.044731025945695356,7.995881769280484,5.222836858510007,0.4246120999996492,kriging_results_of_train\s676_tx66\map676_tx66_ratio0_0010.png
s676_tx71,676,71,0.001,51,0.03759056782088687,7.338769591217857,4.987218965690539,0.42939149999983783,kriging_results_of_train\s676_tx71\map676_tx71_ratio0_0010.png
s676_tx72,676,72,0.001,51,0.048441822780012495,7.796451157412102,5.156254194715272,0.43111599999974715,kriging_results_of_train\s676_tx72\map676_tx72_ratio0_0010.png
s676_tx75,676,75,0.001,51,0.05619628946957447,7.963577946871004,5.196901379026278,0.4446822999998403,kriging_results_of_train\s676_tx75\map676_tx75_ratio0_0010.png
s676_tx77,676,77,0.001,51,0.0550237367161259,7.548324348535815,5.105657287775492,0.4664383999997881,kriging_results_of_train\s676_tx77\map676_tx77_ratio0_0010.png
s676_tx78,676,78,0.001,51,0.06554074697312981,9.206793869094321,5.945301818212529,0.4388991999994687,kriging_results_of_train\s676_tx78\map676_tx78_ratio0_0010.png
s678_tx01,678,1,0.001,42,0.022361318068627328,6.780812329693322,3.9024510361768923,0.3375034999999116,kriging_results_of_train\s678_tx01\map678_tx1_ratio0_0010.png
s678_tx03,678,3,0.001,42,0.023833018485045633,7.089414877968724,4.078819291814429,0.32606440000017756,kriging_results_of_train\s678_tx03\map678_tx3_ratio0_0010.png
s678_tx04,678,4,0.001,42,0.03226583129950955,6.813705607230922,4.219305425571626,0.33754119999957766,kriging_results_of_train\s678_tx04\map678_tx4_ratio0_0010.png
s678_tx06,678,6,0.001,42,0.03256274545324102,7.682443297585901,4.78324370712701,0.3513639000002513,kriging_results_of_train\s678_tx06\map678_tx6_ratio0_0010.png
s678_tx07,678,7,0.001,42,0.01721567316294821,4.844001422878815,2.5954807676976737,0.3218292999999903,kriging_results_of_train\s678_tx07\map678_tx7_ratio0_0010.png
s678_tx09,678,9,0.001,42,0.024144481445641148,7.154757683210993,4.005538791937867,0.32448940000085713,kriging_results_of_train\s678_tx09\map678_tx9_ratio0_0010.png
s678_tx15,678,15,0.001,42,0.02260809653125936,6.717930761472672,3.728146307814322,0.3396786000002976,kriging_results_of_train\s678_tx15\map678_tx15_ratio0_0010.png
s678_tx23,678,23,0.001,42,0.02429858440082508,7.1828294637644134,4.025657770520563,0.34251080000012735,kriging_results_of_train\s678_tx23\map678_tx23_ratio0_0010.png
s678_tx29,678,29,0.001,42,0.018332469521862658,6.305359774055558,3.3334627328973223,0.3411243000000468,kriging_results_of_train\s678_tx29\map678_tx29_ratio0_0010.png
s678_tx30,678,30,0.001,42,0.023267557855103704,6.4154602984377025,3.633719111887391,0.33926049999990937,kriging_results_of_train\s678_tx30\map678_tx30_ratio0_0010.png
s678_tx33,678,33,0.001,42,0.022527176023733518,6.904960594787657,3.846512902936403,0.31796529999974155,kriging_results_of_train\s678_tx33\map678_tx33_ratio0_0010.png
s678_tx43,678,43,0.001,42,0.018050633109384772,6.222141721331585,3.339472045422669,0.3407805999995617,kriging_results_of_train\s678_tx43\map678_tx43_ratio0_0010.png
s678_tx47,678,47,0.001,42,0.021880177055656504,6.745300938388951,3.871846271608931,0.33598499999970954,kriging_results_of_train\s678_tx47\map678_tx47_ratio0_0010.png
s678_tx49,678,49,0.001,42,0.021192129628213457,6.764221108637982,3.7099868832398353,0.344447699999364,kriging_results_of_train\s678_tx49\map678_tx49_ratio0_0010.png
s678_tx51,678,51,0.001,42,0.02550340443077548,7.350975922651762,4.289607742266454,0.33134719999998197,kriging_results_of_train\s678_tx51\map678_tx51_ratio0_0010.png
s678_tx58,678,58,0.001,42,0.028799009183207783,7.698114441059993,4.690719467522886,0.341912300000331,kriging_results_of_train\s678_tx58\map678_tx58_ratio0_0010.png
s678_tx66,678,66,0.001,42,0.024488339821375316,7.212175859990269,4.0845248008534005,0.328597699999591,kriging_results_of_train\s678_tx66\map678_tx66_ratio0_0010.png
s678_tx67,678,67,0.001,42,0.023629988626137344,6.703105227680612,3.747635120375863,0.3338329000007434,kriging_results_of_train\s678_tx67\map678_tx67_ratio0_0010.png
s678_tx69,678,69,0.001,42,0.016383669319027194,5.045093320258185,2.648453785780054,0.33406599999943865,kriging_results_of_train\s678_tx69\map678_tx69_ratio0_0010.png
s678_tx72,678,72,0.001,42,0.026550394473092473,7.302831114302388,4.202721681160896,0.35284410000076605,kriging_results_of_train\s678_tx72\map678_tx72_ratio0_0010.png
s686_tx02,686,2,0.001,39,0.04740437809486348,7.094337271868728,4.574496666285431,0.3080062999997608,kriging_results_of_train\s686_tx02\map686_tx2_ratio0_0010.png
s686_tx11,686,11,0.001,39,0.12976748990827378,12.28045055882958,6.963139960029592,0.2888228000001618,kriging_results_of_train\s686_tx11\map686_tx11_ratio0_0010.png
s686_tx16,686,16,0.001,39,0.05968080122637335,6.806177081536002,4.50524613008236,0.28554669999994076,kriging_results_of_train\s686_tx16\map686_tx16_ratio0_0010.png
s686_tx24,686,24,0.001,39,0.05171110721617307,7.993365054956692,5.195700765602222,0.28467000000000553,kriging_results_of_train\s686_tx24\map686_tx24_ratio0_0010.png
s686_tx26,686,26,0.001,39,0.04411077399503165,6.944388484960278,4.205351414523832,0.306413700000121,kriging_results_of_train\s686_tx26\map686_tx26_ratio0_0010.png
s686_tx27,686,27,0.001,39,0.0684675634397111,7.727916390209874,5.03307734766395,0.2866961999998239,kriging_results_of_train\s686_tx27\map686_tx27_ratio0_0010.png
s686_tx34,686,34,0.001,39,0.048857330600839625,8.409428423090565,5.185219560139439,0.2944918000002872,kriging_results_of_train\s686_tx34\map686_tx34_ratio0_0010.png
s686_tx38,686,38,0.001,39,0.04567241825087126,8.34611746380714,5.259531530713597,0.2845300999997562,kriging_results_of_train\s686_tx38\map686_tx38_ratio0_0010.png
s686_tx39,686,39,0.001,39,0.05585158569549586,7.178595266797141,4.674533401068188,0.2871715999999651,kriging_results_of_train\s686_tx39\map686_tx39_ratio0_0010.png
s686_tx41,686,41,0.001,39,0.04600472647956721,8.17745610493027,4.998364134098008,0.3121662000003198,kriging_results_of_train\s686_tx41\map686_tx41_ratio0_0010.png
s686_tx42,686,42,0.001,39,0.04588033219779182,7.518148199276864,4.9606943897944085,0.29420480000044336,kriging_results_of_train\s686_tx42\map686_tx42_ratio0_0010.png
s686_tx47,686,47,0.001,39,0.09168356139823033,10.56942326451437,6.245368936867031,0.30383809999966616,kriging_results_of_train\s686_tx47\map686_tx47_ratio0_0010.png
s686_tx49,686,49,0.001,39,0.04819420588672569,8.15089646501407,5.17825890178906,0.29823450000003504,kriging_results_of_train\s686_tx49\map686_tx49_ratio0_0010.png
s686_tx52,686,52,0.001,39,0.04692296395153965,7.1475165342857805,4.606778436327419,0.2849186000003101,kriging_results_of_train\s686_tx52\map686_tx52_ratio0_0010.png
s686_tx53,686,53,0.001,39,0.05267374619965743,8.038137883485991,5.1391743645686825,0.2926047999999355,kriging_results_of_train\s686_tx53\map686_tx53_ratio0_0010.png
s686_tx65,686,65,0.001,39,0.038118488118589505,6.764257925708671,4.230074401133634,0.2977584999998726,kriging_results_of_train\s686_tx65\map686_tx65_ratio0_0010.png
s686_tx70,686,70,0.001,39,0.03586056039224575,6.519357685294266,4.023347486979701,0.3148934000000736,kriging_results_of_train\s686_tx70\map686_tx70_ratio0_0010.png
s686_tx73,686,73,0.001,39,0.03829455185602696,6.489319703596369,4.0254295944634935,0.3035706000000573,kriging_results_of_train\s686_tx73\map686_tx73_ratio0_0010.png
s686_tx74,686,74,0.001,39,0.052887549978832514,8.546287367490258,5.475292310677126,0.2874933000002784,kriging_results_of_train\s686_tx74\map686_tx74_ratio0_0010.png
s686_tx79,686,79,0.001,39,0.08349653105403913,10.21071483283153,6.194322866271892,0.2855302000007214,kriging_results_of_train\s686_tx79\map686_tx79_ratio0_0010.png
s687_tx03,687,3,0.001,51,0.06216967896559035,7.711327144909434,5.160020064655711,0.4268522000002122,kriging_results_of_train\s687_tx03\map687_tx3_ratio0_0010.png
s687_tx07,687,7,0.001,51,0.05337688234812982,7.482967705724539,4.892052703559494,0.4398775999998179,kriging_results_of_train\s687_tx07\map687_tx7_ratio0_0010.png
s687_tx10,687,10,0.001,51,0.052423572671040176,8.41084174331002,5.679793797492063,0.45372169999973266,kriging_results_of_train\s687_tx10\map687_tx10_ratio0_0010.png
s687_tx13,687,13,0.001,51,0.0418402869971563,7.25989200154166,4.716747839404144,0.46280119999937597,kriging_results_of_train\s687_tx13\map687_tx13_ratio0_0010.png
s687_tx24,687,24,0.001,51,0.048679094775080436,7.959092326061993,5.359937612284834,0.44023379999998724,kriging_results_of_train\s687_tx24\map687_tx24_ratio0_0010.png
s687_tx31,687,31,0.001,51,0.046022077813159014,8.129311707712914,5.553061600179537,0.43972520000079385,kriging_results_of_train\s687_tx31\map687_tx31_ratio0_0010.png
s687_tx34,687,34,0.001,51,0.047206137018106074,7.6972990669267105,5.47688364282462,0.44297869999991235,kriging_results_of_train\s687_tx34\map687_tx34_ratio0_0010.png
s687_tx36,687,36,0.001,51,0.06998024873399114,8.15226815288829,5.287613962733913,0.4151845999995203,kriging_results_of_train\s687_tx36\map687_tx36_ratio0_0010.png
s687_tx38,687,38,0.001,51,0.03393214854366367,6.575760796317104,4.188660346250383,0.44549410000036005,kriging_results_of_train\s687_tx38\map687_tx38_ratio0_0010.png
s687_tx47,687,47,0.001,51,0.03854635538298695,7.441637450890106,4.968390870556534,0.4382147000005716,kriging_results_of_train\s687_tx47\map687_tx47_ratio0_0010.png
s687_tx49,687,49,0.001,51,0.04231245160253883,7.03027151321076,4.454010764027989,0.4441458999999668,kriging_results_of_train\s687_tx49\map687_tx49_ratio0_0010.png
s687_tx51,687,51,0.001,51,0.06742322683222102,8.11464541900891,5.445243754822723,0.4577122999999119,kriging_results_of_train\s687_tx51\map687_tx51_ratio0_0010.png
s687_tx53,687,53,0.001,51,0.03655368782233625,6.112028741535747,4.159937626012319,0.4372634999999718,kriging_results_of_train\s687_tx53\map687_tx53_ratio0_0010.png
s687_tx54,687,54,0.001,51,0.05909287128680504,8.429316856305157,5.546007975487809,0.45553620000009687,kriging_results_of_train\s687_tx54\map687_tx54_ratio0_0010.png
s687_tx55,687,55,0.001,51,0.052315077706092186,8.248645363250864,5.499427175425376,0.449714700000186,kriging_results_of_train\s687_tx55\map687_tx55_ratio0_0010.png
s687_tx60,687,60,0.001,51,0.0508135278932051,8.04066613134171,5.320714754727559,0.4306464000001142,kriging_results_of_train\s687_tx60\map687_tx60_ratio0_0010.png
s687_tx64,687,64,0.001,51,0.06284211557158809,8.11015182559093,5.4557117199222915,0.4209419999997408,kriging_results_of_train\s687_tx64\map687_tx64_ratio0_0010.png
s687_tx66,687,66,0.001,51,0.038666754485462786,7.522278705580473,5.0406040932799705,0.4196437999999034,kriging_results_of_train\s687_tx66\map687_tx66_ratio0_0010.png
s687_tx74,687,74,0.001,51,0.048633704855590654,7.7479204163974735,5.555436264475987,0.4183581999996022,kriging_results_of_train\s687_tx74\map687_tx74_ratio0_0010.png
s687_tx76,687,76,0.001,51,0.06396775259697944,7.748282820711227,5.161596921986604,0.43318769999950746,kriging_results_of_train\s687_tx76\map687_tx76_ratio0_0010.png
s694_tx00,694,0,0.001,50,0.03426885562111175,5.0893204910085075,3.011397624925891,0.4106824999998935,kriging_results_of_train\s694_tx00\map694_tx0_ratio0_0010.png
s694_tx03,694,3,0.001,50,0.02833324700659034,6.000036149242093,3.576116799631945,0.42789859999993496,kriging_results_of_train\s694_tx03\map694_tx3_ratio0_0010.png
s694_tx04,694,4,0.001,50,0.03015488738654193,7.044686283300818,4.47159855910064,0.4379023999999845,kriging_results_of_train\s694_tx04\map694_tx4_ratio0_0010.png
s694_tx14,694,14,0.001,50,0.027620148523041146,6.616545037900804,4.073626901836969,0.4617699000000357,kriging_results_of_train\s694_tx14\map694_tx14_ratio0_0010.png
s694_tx15,694,15,0.001,50,0.023572614869640587,6.0491964348458325,3.7160588091414293,0.45537249999961205,kriging_results_of_train\s694_tx15\map694_tx15_ratio0_0010.png
s694_tx16,694,16,0.001,50,0.02447431122696117,6.350980950492282,4.060102856480928,0.4087763999996241,kriging_results_of_train\s694_tx16\map694_tx16_ratio0_0010.png
s694_tx21,694,21,0.001,50,0.021946144704853766,6.293815417109909,3.89135908143371,0.4212913000001208,kriging_results_of_train\s694_tx21\map694_tx21_ratio0_0010.png
s694_tx23,694,23,0.001,50,0.02554292132222496,6.716694288329324,4.33586735705694,0.4218148999998448,kriging_results_of_train\s694_tx23\map694_tx23_ratio0_0010.png
s694_tx27,694,27,0.001,50,0.021720427825779407,6.157896109620748,3.641426241004648,0.39678579999963404,kriging_results_of_train\s694_tx27\map694_tx27_ratio0_0010.png
s694_tx29,694,29,0.001,50,0.027165853286518205,6.537548060798732,4.152384568868363,0.4189577000006466,kriging_results_of_train\s694_tx29\map694_tx29_ratio0_0010.png
s694_tx37,694,37,0.001,50,0.021874924169024913,6.285848386892737,3.824018613650063,0.39980579999974,kriging_results_of_train\s694_tx37\map694_tx37_ratio0_0010.png
s694_tx43,694,43,0.001,50,0.028722433097516233,6.498349019265208,3.90961439001453,0.41847710000001825,kriging_results_of_train\s694_tx43\map694_tx43_ratio0_0010.png
s694_tx58,694,58,0.001,50,0.03515632312172103,6.479708753200624,3.9290577280761956,0.42166809999980615,kriging_results_of_train\s694_tx58\map694_tx58_ratio0_0010.png
s694_tx60,694,60,0.001,50,0.030579699041987343,6.468460876523874,4.132389312838124,0.45054459999937535,kriging_results_of_train\s694_tx60\map694_tx60_ratio0_0010.png
s694_tx66,694,66,0.001,50,0.023855583572015213,6.464638091491353,3.9015878341468286,0.433368199999677,kriging_results_of_train\s694_tx66\map694_tx66_ratio0_0010.png
s694_tx67,694,67,0.001,50,0.022437792261927388,6.328298264998708,3.8072794268028654,0.42365310000059253,kriging_results_of_train\s694_tx67\map694_tx67_ratio0_0010.png
s694_tx70,694,70,0.001,50,0.03042478075799514,6.266763110991555,3.8983519922267753,0.43436410000049364,kriging_results_of_train\s694_tx70\map694_tx70_ratio0_0010.png
s694_tx74,694,74,0.001,50,0.022963256891183812,6.241660095530423,3.7638433321782707,0.43608229999972536,kriging_results_of_train\s694_tx74\map694_tx74_ratio0_0010.png
s694_tx75,694,75,0.001,50,0.02394585066844416,6.6525758343594035,4.126908373336118,0.40853599999991275,kriging_results_of_train\s694_tx75\map694_tx75_ratio0_0010.png
s694_tx76,694,76,0.001,50,0.03520804168270463,6.6374909847913806,4.07166383432428,0.40822040000057314,kriging_results_of_train\s694_tx76\map694_tx76_ratio0_0010.png
