sample_id,map_id,tx_id,ratio,sample_count,nmse,rmse_db,mae_db,time_sec,fig_path
s007_tx00,7,0,0.005,219,0.040943316995203864,7.1304326037240635,3.984605724629229,0.8104842000002463,kriging_results\s007_tx00\map7_tx0_ratio0_0050.png
s007_tx00,7,0,0.01,438,0.042003707509161055,7.222177822422672,3.520158001061896,1.1874127999999473,kriging_results\s007_tx00\map7_tx0_ratio0_0100.png
s007_tx00,7,0,0.02,875,0.030620794703333336,6.16641282378629,2.6272911594501136,1.8495908999993844,kriging_results\s007_tx00\map7_tx0_ratio0_0200.png
s007_tx06,7,6,0.005,219,0.05162154691900616,5.926939799230165,3.4642778521180806,0.8864911999999094,kriging_results\s007_tx06\map7_tx6_ratio0_0050.png
s007_tx06,7,6,0.01,438,0.04673969570506069,5.639725317954281,3.0320796797313054,1.2423641999994288,kriging_results\s007_tx06\map7_tx6_ratio0_0100.png
s007_tx06,7,6,0.02,875,0.034844798374210256,4.869495727112108,2.279009129684398,1.7873367000001963,kriging_results\s007_tx06\map7_tx6_ratio0_0200.png
s007_tx07,7,7,0.005,219,0.04694422672361772,7.256175116847341,3.9509276663301804,0.841641900000468,kriging_results\s007_tx07\map7_tx7_ratio0_0050.png
s007_tx07,7,7,0.01,438,0.046088007957780855,7.189697831524522,3.556976052635631,1.2024270000001707,kriging_results\s007_tx07\map7_tx7_ratio0_0100.png
s007_tx07,7,7,0.02,875,0.035666784824479866,6.3248268654101985,2.6566394578394243,1.8056333000004088,kriging_results\s007_tx07\map7_tx7_ratio0_0200.png
s007_tx13,7,13,0.005,219,0.05561907920950378,7.41802082378627,4.038107892946145,0.8209081000004517,kriging_results\s007_tx13\map7_tx13_ratio0_0050.png
s007_tx13,7,13,0.01,438,0.045961405057327154,6.7433048489818725,3.125366303234191,1.294750799999747,kriging_results\s007_tx13\map7_tx13_ratio0_0100.png
s007_tx13,7,13,0.02,875,0.041785979587719894,6.429710852479214,2.61292716709197,1.8175373000003674,kriging_results\s007_tx13\map7_tx13_ratio0_0200.png
s007_tx20,7,20,0.005,219,0.05793237570576093,6.464872308379073,3.5787563467043206,0.7980018999996901,kriging_results\s007_tx20\map7_tx20_ratio0_0050.png
s007_tx20,7,20,0.01,438,0.05373333592995978,6.226173114971367,3.1107440917778924,1.1993216000000757,kriging_results\s007_tx20\map7_tx20_ratio0_0100.png
s007_tx20,7,20,0.02,875,0.038901883905645175,5.297666385269687,2.268646270592833,1.8215394999997443,kriging_results\s007_tx20\map7_tx20_ratio0_0200.png
s007_tx24,7,24,0.005,219,0.05242160579500351,6.689712502744174,3.7613316803592665,1.5616718999999648,kriging_results\s007_tx24\map7_tx24_ratio0_0050.png
s007_tx24,7,24,0.01,438,0.0490305257417022,6.469721206340696,3.1898476696258666,2.34834359999968,kriging_results\s007_tx24\map7_tx24_ratio0_0100.png
s007_tx24,7,24,0.02,875,0.04163094773661404,5.961567171027414,2.5350817962308705,3.0284427000005962,kriging_results\s007_tx24\map7_tx24_ratio0_0200.png
s007_tx28,7,28,0.005,219,0.05514306756462491,7.0378459525480785,4.046849876107901,1.7626399000000674,kriging_results\s007_tx28\map7_tx28_ratio0_0050.png
s007_tx28,7,28,0.01,438,0.047917135994594594,6.560541990076962,3.2131036136597886,2.7658340999996653,kriging_results\s007_tx28\map7_tx28_ratio0_0100.png
s007_tx28,7,28,0.02,875,0.04484155224837799,6.346504784315191,2.7229559244448303,2.7767292999997153,kriging_results\s007_tx28\map7_tx28_ratio0_0200.png
s007_tx36,7,36,0.005,219,0.05099905164458706,6.778068481457304,3.7521238416008056,1.929250499999398,kriging_results\s007_tx36\map7_tx36_ratio0_0050.png
s007_tx36,7,36,0.01,438,0.05265047812402594,6.886936238950918,3.35686818976739,2.873643599999923,kriging_results\s007_tx36\map7_tx36_ratio0_0100.png
s007_tx36,7,36,0.02,875,0.04193162563379204,6.146045221050889,2.627872255229706,3.1147259999997914,kriging_results\s007_tx36\map7_tx36_ratio0_0200.png
s007_tx43,7,43,0.005,219,0.048859743361875124,6.8547294382349415,3.7992647897180865,1.728718100000151,kriging_results\s007_tx43\map7_tx43_ratio0_0050.png
s007_tx43,7,43,0.01,438,0.04491091060228363,6.571895675643893,3.241528006119908,3.300709099999949,kriging_results\s007_tx43\map7_tx43_ratio0_0100.png
s007_tx43,7,43,0.02,875,0.03625121823176615,5.904403501891269,2.5381750160200536,4.9627730000001975,kriging_results\s007_tx43\map7_tx43_ratio0_0200.png
s007_tx44,7,44,0.005,219,0.049704951422582605,7.269948114317787,3.9827758228652343,2.268178700000135,kriging_results\s007_tx44\map7_tx44_ratio0_0050.png
s007_tx44,7,44,0.01,438,0.04392182140955261,6.833947740876478,3.2901937191276116,3.4647001000003,kriging_results\s007_tx44\map7_tx44_ratio0_0100.png
s007_tx44,7,44,0.02,875,0.03937426343901207,6.470498051495043,2.733732855804142,4.928381599999739,kriging_results\s007_tx44\map7_tx44_ratio0_0200.png
s007_tx46,7,46,0.005,219,0.045724638441304255,7.1711907283195115,4.012043904089204,2.036590300000171,kriging_results\s007_tx46\map7_tx46_ratio0_0050.png
s007_tx46,7,46,0.01,438,0.042816901425601614,6.9394291972266355,3.5009702962700193,2.258846800000356,kriging_results\s007_tx46\map7_tx46_ratio0_0100.png
s007_tx46,7,46,0.02,875,0.03523464544328592,6.295077565432033,2.7266581652585815,4.231021900000087,kriging_results\s007_tx46\map7_tx46_ratio0_0200.png
s007_tx49,7,49,0.005,219,0.05062092947016463,6.457303373556707,3.4681934877668508,2.338625200000024,kriging_results\s007_tx49\map7_tx49_ratio0_0050.png
s007_tx49,7,49,0.01,438,0.04380227882852196,6.006679932589843,2.7727418380301816,2.575070300000334,kriging_results\s007_tx49\map7_tx49_ratio0_0100.png
s007_tx49,7,49,0.02,875,0.0441529965062862,6.030679278011603,2.4254733046201222,3.4754707999991297,kriging_results\s007_tx49\map7_tx49_ratio0_0200.png
s007_tx50,7,50,0.005,219,0.050451548160596243,7.234592398412088,3.8868363502912806,1.3484072999999626,kriging_results\s007_tx50\map7_tx50_ratio0_0050.png
s007_tx50,7,50,0.01,438,0.04382818299098079,6.743006036336606,3.191159829524599,1.9087251999999353,kriging_results\s007_tx50\map7_tx50_ratio0_0100.png
s007_tx50,7,50,0.02,875,0.03997787837394815,6.440012221128667,2.7301403782632034,2.792694799999481,kriging_results\s007_tx50\map7_tx50_ratio0_0200.png
s007_tx52,7,52,0.005,219,0.049797819323582376,7.32519551002843,4.081453402051985,2.136185999999725,kriging_results\s007_tx52\map7_tx52_ratio0_0050.png
s007_tx52,7,52,0.01,438,0.043735612721466005,6.8648596708563625,3.423874794324588,2.9870442000001276,kriging_results\s007_tx52\map7_tx52_ratio0_0100.png
s007_tx52,7,52,0.02,875,0.036315252231285726,6.255450500745379,2.7460580636327014,4.321048900000278,kriging_results\s007_tx52\map7_tx52_ratio0_0200.png
s007_tx59,7,59,0.005,219,0.04831499722984616,7.253823972752578,4.055851306315093,1.9576270999996268,kriging_results\s007_tx59\map7_tx59_ratio0_0050.png
s007_tx59,7,59,0.01,438,0.04327601064159931,6.865143834960641,3.4548800960810158,2.752693299999919,kriging_results\s007_tx59\map7_tx59_ratio0_0100.png
s007_tx59,7,59,0.02,875,0.036046584610050454,6.265534069126368,2.699956056097249,3.8313030999997864,kriging_results\s007_tx59\map7_tx59_ratio0_0200.png
s007_tx67,7,67,0.005,219,0.0480360426161952,7.270932816025022,4.014762222047171,2.0510238999995636,kriging_results\s007_tx67\map7_tx67_ratio0_0050.png
s007_tx67,7,67,0.01,438,0.04527132990277876,7.0585931429291495,3.4210871418360775,2.945104800000081,kriging_results\s007_tx67\map7_tx67_ratio0_0100.png
s007_tx67,7,67,0.02,875,0.03402060614256247,6.118959045832999,2.5649934251187183,1.8049367000003258,kriging_results\s007_tx67\map7_tx67_ratio0_0200.png
s007_tx69,7,69,0.005,219,0.060694245538576684,6.4511200646475935,3.5588628522563757,0.8265942999996696,kriging_results\s007_tx69\map7_tx69_ratio0_0050.png
s007_tx69,7,69,0.01,438,0.05749956808006468,6.279045903758433,2.9846250261529392,1.2548476000001756,kriging_results\s007_tx69\map7_tx69_ratio0_0100.png
s007_tx69,7,69,0.02,875,0.046479154377283324,5.645344916922396,2.356547129010264,1.891801700000542,kriging_results\s007_tx69\map7_tx69_ratio0_0200.png
s007_tx73,7,73,0.005,219,0.05223623087243714,6.252773797328127,3.3728352952169227,0.8643748999993477,kriging_results\s007_tx73\map7_tx73_ratio0_0050.png
s007_tx73,7,73,0.01,438,0.04806733729425219,5.9980742193483705,2.858150621756851,1.2692594999998619,kriging_results\s007_tx73\map7_tx73_ratio0_0100.png
s007_tx73,7,73,0.02,875,0.047677330635136024,5.973691230063232,2.404573293993685,1.879898399999547,kriging_results\s007_tx73\map7_tx73_ratio0_0200.png
s007_tx76,7,76,0.005,219,0.04597363930968983,7.257872404790107,4.124931553018167,0.9148124999992433,kriging_results\s007_tx76\map7_tx76_ratio0_0050.png
s007_tx76,7,76,0.01,438,0.042907424564223855,7.011664214819789,3.479141856653107,1.1907037999999375,kriging_results\s007_tx76\map7_tx76_ratio0_0100.png
s007_tx76,7,76,0.02,875,0.03334574406228123,6.181232730510601,2.6269475692277244,1.844651899999917,kriging_results\s007_tx76\map7_tx76_ratio0_0200.png
s007_tx77,7,77,0.005,219,0.06413519825341613,6.8644019273056776,3.8178050190897332,0.8565089999992779,kriging_results\s007_tx77\map7_tx77_ratio0_0050.png
s007_tx77,7,77,0.01,438,0.05641539888778087,6.438034703178114,3.2305538552260162,1.231601600000431,kriging_results\s007_tx77\map7_tx77_ratio0_0100.png
s007_tx77,7,77,0.02,875,0.04645670242744921,5.842230339248628,2.5184170576054403,1.8161348999992697,kriging_results\s007_tx77\map7_tx77_ratio0_0200.png
s014_tx01,14,1,0.005,230,0.038667330176920915,6.661799097392841,3.407540897250035,0.894552400000066,kriging_results\s014_tx01\map14_tx1_ratio0_0050.png
s014_tx01,14,1,0.01,459,0.03610945675998377,6.437687887673491,3.0574055384678247,1.279391900000519,kriging_results\s014_tx01\map14_tx1_ratio0_0100.png
s014_tx01,14,1,0.02,917,0.03125688122520413,5.9895232993256995,2.365611739894579,2.0220883000001777,kriging_results\s014_tx01\map14_tx1_ratio0_0200.png
s014_tx04,14,4,0.005,230,0.03814546520797452,7.128019896442201,3.730728572381543,0.9403471000005084,kriging_results\s014_tx04\map14_tx4_ratio0_0050.png
s014_tx04,14,4,0.01,459,0.03358718179092161,6.688584616547075,3.2551206725323163,1.2896512999996048,kriging_results\s014_tx04\map14_tx4_ratio0_0100.png
s014_tx04,14,4,0.02,917,0.028026058606284914,6.109820509692117,2.4580122693887416,2.285636599999634,kriging_results\s014_tx04\map14_tx4_ratio0_0200.png
s014_tx05,14,5,0.005,230,0.03440833137017567,6.638038770910839,3.4683025195481356,0.9040086000004521,kriging_results\s014_tx05\map14_tx5_ratio0_0050.png
s014_tx05,14,5,0.01,459,0.032291386300748785,6.43059751181549,3.0838761324449093,1.3554469999999128,kriging_results\s014_tx05\map14_tx5_ratio0_0100.png
s014_tx05,14,5,0.02,917,0.027655843760075533,5.951157385150059,2.396998519854182,1.9186988000001293,kriging_results\s014_tx05\map14_tx5_ratio0_0200.png
s014_tx08,14,8,0.005,230,0.04758518539514845,6.457577971193761,3.480630149130537,0.9551999999994223,kriging_results\s014_tx08\map14_tx8_ratio0_0050.png
s014_tx08,14,8,0.01,459,0.041930524259362174,6.06176256181568,2.9858743959152143,1.3075877000001128,kriging_results\s014_tx08\map14_tx8_ratio0_0100.png
s014_tx08,14,8,0.02,917,0.037482245697334445,5.731213400036067,2.3502101166614424,2.0219850000003134,kriging_results\s014_tx08\map14_tx8_ratio0_0200.png
s014_tx09,14,9,0.005,230,0.0396613498459015,7.1730506131294325,3.790370160977701,0.9325841999998374,kriging_results\s014_tx09\map14_tx9_ratio0_0050.png
s014_tx09,14,9,0.01,459,0.03316350644328295,6.559192425391368,3.2436527720441077,1.2557464000001346,kriging_results\s014_tx09\map14_tx9_ratio0_0100.png
s014_tx09,14,9,0.02,917,0.026371636559103746,5.8490951044371275,2.388682825712965,1.9493891000001895,kriging_results\s014_tx09\map14_tx9_ratio0_0200.png
s014_tx20,14,20,0.005,230,0.041009965562803,6.493733377120949,3.429341826705443,0.9053948000000673,kriging_results\s014_tx20\map14_tx20_ratio0_0050.png
s014_tx20,14,20,0.01,459,0.04477763681279392,6.785476371936849,3.065704640998013,1.3532139999997526,kriging_results\s014_tx20\map14_tx20_ratio0_0100.png
s014_tx20,14,20,0.02,917,0.031398389684006496,5.682028910751793,2.3129898512733282,2.002593700000034,kriging_results\s014_tx20\map14_tx20_ratio0_0200.png
s014_tx24,14,24,0.005,230,0.04610685379796133,6.4790637929665875,3.5014668560498317,0.9240872999998828,kriging_results\s014_tx24\map14_tx24_ratio0_0050.png
s014_tx24,14,24,0.01,459,0.04162288376550758,6.155957196295905,2.9061491431462523,1.310208099999727,kriging_results\s014_tx24\map14_tx24_ratio0_0100.png
s014_tx24,14,24,0.02,917,0.03515861593728898,5.657771406647342,2.2698625610434124,1.948949800000264,kriging_results\s014_tx24\map14_tx24_ratio0_0200.png
s014_tx25,14,25,0.005,230,0.04341208291335697,6.553756807506808,3.4625616964570005,0.9228196999993088,kriging_results\s014_tx25\map14_tx25_ratio0_0050.png
s014_tx25,14,25,0.01,459,0.04721289726782536,6.834635124603166,3.2281733264566044,1.3086242000008497,kriging_results\s014_tx25\map14_tx25_ratio0_0100.png
s014_tx25,14,25,0.02,917,0.03527421562196779,5.907635464018079,2.366338782542069,1.9723347999997713,kriging_results\s014_tx25\map14_tx25_ratio0_0200.png
s014_tx30,14,30,0.005,230,0.032825310118050614,7.008981973028863,3.601719165090731,0.9101054000002478,kriging_results\s014_tx30\map14_tx30_ratio0_0050.png
s014_tx30,14,30,0.01,459,0.03131123005064356,6.845427740835459,3.2392446928510763,1.3001917999999932,kriging_results\s014_tx30\map14_tx30_ratio0_0100.png
s014_tx30,14,30,0.02,917,0.0260795860810741,6.247422405365737,2.482158473790896,1.9451574999993682,kriging_results\s014_tx30\map14_tx30_ratio0_0200.png
s014_tx36,14,36,0.005,230,0.03533196838242151,6.952664928303563,3.6313056503024908,0.8630553000002692,kriging_results\s014_tx36\map14_tx36_ratio0_0050.png
s014_tx36,14,36,0.01,459,0.03127177490075038,6.540992429201804,3.0113351424649553,1.3081024000002799,kriging_results\s014_tx36\map14_tx36_ratio0_0100.png
s014_tx36,14,36,0.02,917,0.026715548551194096,6.045739491267768,2.333169581831118,1.862148299999717,kriging_results\s014_tx36\map14_tx36_ratio0_0200.png
s014_tx41,14,41,0.005,230,0.044565807863912295,6.557279112367112,3.453948665498548,0.8509988999994675,kriging_results\s014_tx41\map14_tx41_ratio0_0050.png
s014_tx41,14,41,0.01,459,0.047299150773599995,6.755374822163054,3.077494431390923,1.231678699999975,kriging_results\s014_tx41\map14_tx41_ratio0_0100.png
s014_tx41,14,41,0.02,917,0.03593862515602624,5.888484113934433,2.274686327715915,1.7869288000001688,kriging_results\s014_tx41\map14_tx41_ratio0_0200.png
s014_tx42,14,42,0.005,230,0.041923398594529405,6.353659703265786,3.302499323598262,0.8191839999999502,kriging_results\s014_tx42\map14_tx42_ratio0_0050.png
s014_tx42,14,42,0.01,459,0.045636342652988306,6.629047406777704,3.0306580301281376,1.2269363999994312,kriging_results\s014_tx42\map14_tx42_ratio0_0100.png
s014_tx42,14,42,0.02,917,0.03418414260190114,5.737306521717687,2.2097202733314467,1.8434534999996686,kriging_results\s014_tx42\map14_tx42_ratio0_0200.png
s014_tx44,14,44,0.005,230,0.04495478541128481,7.552984961450528,4.048572174743421,0.8904493000000002,kriging_results\s014_tx44\map14_tx44_ratio0_0050.png
s014_tx44,14,44,0.01,459,0.033531258008711665,6.523123151915635,3.2747401860744776,1.2502354999996896,kriging_results\s014_tx44\map14_tx44_ratio0_0100.png
s014_tx44,14,44,0.02,917,0.029476647111700227,6.116031222189891,2.5682318404004145,1.9424272999995083,kriging_results\s014_tx44\map14_tx44_ratio0_0200.png
s014_tx45,14,45,0.005,230,0.03261392868308117,6.655753644068199,3.396922814168246,0.8643814999995811,kriging_results\s014_tx45\map14_tx45_ratio0_0050.png
s014_tx45,14,45,0.01,459,0.03225002795904803,6.618517681057515,3.1959621655658554,1.3033998000000793,kriging_results\s014_tx45\map14_tx45_ratio0_0100.png
s014_tx45,14,45,0.02,917,0.024927768792270474,5.8188530240568985,2.3054120371352838,2.011328199999298,kriging_results\s014_tx45\map14_tx45_ratio0_0200.png
s014_tx48,14,48,0.005,230,0.041144086396511806,6.825876709258967,3.6891706115200646,0.9073678999993717,kriging_results\s014_tx48\map14_tx48_ratio0_0050.png
s014_tx48,14,48,0.01,459,0.03100680187104052,5.925612072495254,2.925424491828059,1.297136799999862,kriging_results\s014_tx48\map14_tx48_ratio0_0100.png
s014_tx48,14,48,0.02,917,0.026045680999544327,5.430909763494509,2.169313840020903,2.092284099999233,kriging_results\s014_tx48\map14_tx48_ratio0_0200.png
s014_tx51,14,51,0.005,230,0.039991583428829094,7.049414800540557,3.8639402463183634,0.9671047000001636,kriging_results\s014_tx51\map14_tx51_ratio0_0050.png
s014_tx51,14,51,0.01,459,0.03153091757514883,6.259463046017461,3.0862010060770744,1.4085750000003827,kriging_results\s014_tx51\map14_tx51_ratio0_0100.png
s014_tx51,14,51,0.02,917,0.026800108260391628,5.770813654305986,2.3340931658647643,2.036736000000019,kriging_results\s014_tx51\map14_tx51_ratio0_0200.png
s014_tx55,14,55,0.005,230,0.04016125970374315,6.706472173347235,3.6258492454598388,0.9550202000000354,kriging_results\s014_tx55\map14_tx55_ratio0_0050.png
s014_tx55,14,55,0.01,459,0.03118661195638638,5.909824201073377,2.9085087631990625,1.3080132000004596,kriging_results\s014_tx55\map14_tx55_ratio0_0100.png
s014_tx55,14,55,0.02,917,0.026226024733437953,5.419468550641351,2.1497558871400435,1.946373499999936,kriging_results\s014_tx55\map14_tx55_ratio0_0200.png
s014_tx60,14,60,0.005,230,0.0335771453479489,6.798800647412892,3.57803017588432,0.9040881999999328,kriging_results\s014_tx60\map14_tx60_ratio0_0050.png
s014_tx60,14,60,0.01,459,0.03144251310847071,6.579138759142785,3.109484811746133,1.278859700000794,kriging_results\s014_tx60\map14_tx60_ratio0_0100.png
s014_tx60,14,60,0.02,917,0.026529640151538355,6.043327093916046,2.40165190453897,2.0627572000003056,kriging_results\s014_tx60\map14_tx60_ratio0_0200.png
s014_tx76,14,76,0.005,230,0.04281284577483282,6.890780698321106,3.534973339119595,0.9231676999997944,kriging_results\s014_tx76\map14_tx76_ratio0_0050.png
s014_tx76,14,76,0.01,459,0.04257200830396885,6.871371784306995,3.2440135990932992,1.3027171000003364,kriging_results\s014_tx76\map14_tx76_ratio0_0100.png
s014_tx76,14,76,0.02,917,0.034445573746354756,6.1808483171919955,2.4556878506838196,1.9954880999994202,kriging_results\s014_tx76\map14_tx76_ratio0_0200.png
s014_tx77,14,77,0.005,230,0.03318169681861285,6.73338505627998,3.498945425717458,0.900527100000545,kriging_results\s014_tx77\map14_tx77_ratio0_0050.png
s014_tx77,14,77,0.01,459,0.03165353405903113,6.576506568420799,3.1447197934556144,1.2824392000002263,kriging_results\s014_tx77\map14_tx77_ratio0_0100.png
s014_tx77,14,77,0.02,917,0.026165059046291236,5.979226560402393,2.3350496582998033,1.935762799999793,kriging_results\s014_tx77\map14_tx77_ratio0_0200.png
s030_tx01,30,1,0.005,218,0.03438465316968477,5.688412671732576,3.0146567284037427,0.8002415000000838,kriging_results\s030_tx01\map30_tx1_ratio0_0050.png
s030_tx01,30,1,0.01,435,0.03287516870438571,5.562150939545088,2.733659852524025,1.1157417000003989,kriging_results\s030_tx01\map30_tx1_ratio0_0100.png
s030_tx01,30,1,0.02,869,0.028983554345601823,5.222573956663256,2.1679890079513218,1.6952319000001808,kriging_results\s030_tx01\map30_tx1_ratio0_0200.png
s030_tx08,30,8,0.005,218,0.04064308349703598,6.2131565273371985,3.4664526705264893,0.768892600000072,kriging_results\s030_tx08\map30_tx8_ratio0_0050.png
s030_tx08,30,8,0.01,435,0.03402511661066123,5.68484693970455,2.8302526197858002,1.0873646999998527,kriging_results\s030_tx08\map30_tx8_ratio0_0100.png
s030_tx08,30,8,0.02,869,0.033916205139860274,5.675741305865687,2.3667169158335675,1.809334100000342,kriging_results\s030_tx08\map30_tx8_ratio0_0200.png
s030_tx11,30,11,0.005,218,0.04183646581403836,6.172230031181596,3.1162082633661345,0.8316015999998854,kriging_results\s030_tx11\map30_tx11_ratio0_0050.png
s030_tx11,30,11,0.01,435,0.0319836082926326,5.396700663082503,2.4302219945258465,1.1519117999996524,kriging_results\s030_tx11\map30_tx11_ratio0_0100.png
s030_tx11,30,11,0.02,869,0.03244871265924429,5.4357984343807235,2.0860779039691737,1.725538400000005,kriging_results\s030_tx11\map30_tx11_ratio0_0200.png
s030_tx19,30,19,0.005,218,0.03317136888849388,6.3478189955499245,3.4666517287806924,0.85113629999978,kriging_results\s030_tx19\map30_tx19_ratio0_0050.png
s030_tx19,30,19,0.01,435,0.035024102595117075,6.522684122791004,3.107181461971504,1.1814377999999124,kriging_results\s030_tx19\map30_tx19_ratio0_0100.png
s030_tx19,30,19,0.02,869,0.027068860898491136,5.734265866086301,2.372505508294308,1.7910355999993044,kriging_results\s030_tx19\map30_tx19_ratio0_0200.png
s030_tx23,30,23,0.005,218,0.042813960721574076,5.765011340395574,3.063954046416479,0.7877293999999893,kriging_results\s030_tx23\map30_tx23_ratio0_0050.png
s030_tx23,30,23,0.01,435,0.04089030781694618,5.634010624079953,2.629074159722376,1.199569800000063,kriging_results\s030_tx23\map30_tx23_ratio0_0100.png
s030_tx23,30,23,0.02,869,0.031838800920055324,4.971481428742372,1.978390938503738,2.4534044000001813,kriging_results\s030_tx23\map30_tx23_ratio0_0200.png
s030_tx24,30,24,0.005,218,0.04527203871167662,6.680860227643729,3.8535201126208913,0.8448569000001953,kriging_results\s030_tx24\map30_tx24_ratio0_0050.png
s030_tx24,30,24,0.01,435,0.03778677094626244,6.10361663276349,3.004861613474119,1.1511580999995203,kriging_results\s030_tx24\map30_tx24_ratio0_0100.png
s030_tx24,30,24,0.02,869,0.03469232728699433,5.848359760410962,2.4462628931113053,1.7660764000002018,kriging_results\s030_tx24\map30_tx24_ratio0_0200.png
s030_tx25,30,25,0.005,218,0.03490647978704642,6.270251035572857,3.3608585683064627,0.8139830000000075,kriging_results\s030_tx25\map30_tx25_ratio0_0050.png
s030_tx25,30,25,0.01,435,0.031232038839508,5.931056704179272,2.776126671566169,1.1517739999999321,kriging_results\s030_tx25\map30_tx25_ratio0_0100.png
s030_tx25,30,25,0.02,869,0.03052032384057516,5.863088873978638,2.2773686934805966,1.8762220999997226,kriging_results\s030_tx25\map30_tx25_ratio0_0200.png
s030_tx27,30,27,0.005,218,0.03570803311872133,5.547013739674876,2.8844648773090804,0.8320395999999164,kriging_results\s030_tx27\map30_tx27_ratio0_0050.png
s030_tx27,30,27,0.01,435,0.030323315486165184,5.111691292915728,2.3704161930000813,1.1951719999997295,kriging_results\s030_tx27\map30_tx27_ratio0_0100.png
s030_tx27,30,27,0.02,869,0.027199681248470466,4.841257588712086,1.9265831874142705,1.7751068999996278,kriging_results\s030_tx27\map30_tx27_ratio0_0200.png
s030_tx28,30,28,0.005,218,0.03281131298813601,6.475412338868617,3.495218970183701,0.770358099999612,kriging_results\s030_tx28\map30_tx28_ratio0_0050.png
s030_tx28,30,28,0.01,435,0.033162868052735044,6.510010191415356,3.1362293562836197,1.11366469999939,kriging_results\s030_tx28\map30_tx28_ratio0_0100.png
s030_tx28,30,28,0.02,869,0.029488196795548614,6.13874696311205,2.4566329090666477,1.7354204000002937,kriging_results\s030_tx28\map30_tx28_ratio0_0200.png
s030_tx33,30,33,0.005,218,0.02937732442757197,6.0688797904852,3.3801515083399036,0.7629981000000043,kriging_results\s030_tx33\map30_tx33_ratio0_0050.png
s030_tx33,30,33,0.01,435,0.029002392813463125,6.030028066459645,2.9499609513939764,1.0945046999995611,kriging_results\s030_tx33\map30_tx33_ratio0_0100.png
s030_tx33,30,33,0.02,869,0.02150328546373658,5.1922407317378,2.278670658104021,1.7189643000001524,kriging_results\s030_tx33\map30_tx33_ratio0_0200.png
s030_tx34,30,34,0.005,218,0.03313417326426536,5.757525449801593,3.309187589821958,0.7947569999996631,kriging_results\s030_tx34\map30_tx34_ratio0_0050.png
s030_tx34,30,34,0.01,435,0.0354700262600927,5.957012949814598,2.897207843584014,1.2006074999999328,kriging_results\s030_tx34\map30_tx34_ratio0_0100.png
s030_tx34,30,34,0.02,869,0.022086061799621966,4.700639317461971,2.0517578976690913,1.7316723999992973,kriging_results\s030_tx34\map30_tx34_ratio0_0200.png
s030_tx37,30,37,0.005,218,0.04541479953781833,5.954683379811254,3.380589492939039,0.8375628000003417,kriging_results\s030_tx37\map30_tx37_ratio0_0050.png
s030_tx37,30,37,0.01,435,0.042958063205881296,5.791383497962744,2.8866651322813874,1.2138214999995398,kriging_results\s030_tx37\map30_tx37_ratio0_0100.png
s030_tx37,30,37,0.02,869,0.03657715702267374,5.3439815530634736,2.198047114983671,1.8732941000007486,kriging_results\s030_tx37\map30_tx37_ratio0_0200.png
s030_tx38,30,38,0.005,218,0.04388954286538039,5.9675844135687335,3.221218173227186,0.8588910999997097,kriging_results\s030_tx38\map30_tx38_ratio0_0050.png
s030_tx38,30,38,0.01,435,0.04691501830970412,6.169841186997599,2.9635588992713746,1.2067638999997143,kriging_results\s030_tx38\map30_tx38_ratio0_0100.png
s030_tx38,30,38,0.02,869,0.03485021520565244,5.317662451859659,2.225288841543631,1.7423104999998031,kriging_results\s030_tx38\map30_tx38_ratio0_0200.png
s030_tx46,30,46,0.005,218,0.04200055606142776,6.785312539385877,3.775113657046236,0.8056899000002886,kriging_results\s030_tx46\map30_tx46_ratio0_0050.png
s030_tx46,30,46,0.01,435,0.037097384272442316,6.376964141501662,3.1343668538310308,1.2236290999999255,kriging_results\s030_tx46\map30_tx46_ratio0_0100.png
s030_tx46,30,46,0.02,869,0.03308327689673887,6.022081030423747,2.4749164589201116,1.7919572000000699,kriging_results\s030_tx46\map30_tx46_ratio0_0200.png
s030_tx51,30,51,0.005,218,0.03466076683701912,6.5480067980553365,3.592450974676066,0.8455093000002307,kriging_results\s030_tx51\map30_tx51_ratio0_0050.png
s030_tx51,30,51,0.01,435,0.035059998323348725,6.585609672820706,3.227209652336692,1.123888199999783,kriging_results\s030_tx51\map30_tx51_ratio0_0100.png
s030_tx51,30,51,0.02,869,0.027222500344668568,5.803019642665726,2.431214056746854,1.7345400000003792,kriging_results\s030_tx51\map30_tx51_ratio0_0200.png
s030_tx70,30,70,0.005,218,0.029322313391509404,6.008640357091875,3.4152317532670766,0.7721614999991289,kriging_results\s030_tx70\map30_tx70_ratio0_0050.png
s030_tx70,30,70,0.01,435,0.03032151224383951,6.110159164252853,3.0057889873994754,1.143771299999571,kriging_results\s030_tx70\map30_tx70_ratio0_0100.png
s030_tx70,30,70,0.02,869,0.02101781403707695,5.087106906788791,2.2059829036531946,1.676205600000685,kriging_results\s030_tx70\map30_tx70_ratio0_0200.png
s030_tx72,30,72,0.005,218,0.040275736401393175,6.229406362746299,3.48891952683933,0.7455860999998549,kriging_results\s030_tx72\map30_tx72_ratio0_0050.png
s030_tx72,30,72,0.01,435,0.03379346343263952,5.706124839824414,2.8191980357460515,1.138062600000012,kriging_results\s030_tx72\map30_tx72_ratio0_0100.png
s030_tx72,30,72,0.02,869,0.034019818491237475,5.725203282937704,2.3818273656260587,1.7055153999999675,kriging_results\s030_tx72\map30_tx72_ratio0_0200.png
s030_tx73,30,73,0.005,218,0.03842328483338608,5.963797775309942,3.242235712554416,0.785097400000268,kriging_results\s030_tx73\map30_tx73_ratio0_0050.png
s030_tx73,30,73,0.01,435,0.035268916420066874,5.713756380510547,2.8511394098067004,1.154381000000285,kriging_results\s030_tx73\map30_tx73_ratio0_0100.png
s030_tx73,30,73,0.02,869,0.03240324228831747,5.476711923046072,2.2737578529133486,1.7803158999995503,kriging_results\s030_tx73\map30_tx73_ratio0_0200.png
s030_tx78,30,78,0.005,218,0.04071334877915006,5.631726685446296,2.897511483160703,0.8109746999998606,kriging_results\s030_tx78\map30_tx78_ratio0_0050.png
s030_tx78,30,78,0.01,435,0.03351433565885476,5.109618471110367,2.3230970544511704,1.1407893999994485,kriging_results\s030_tx78\map30_tx78_ratio0_0100.png
s030_tx78,30,78,0.02,869,0.03132975877913781,4.940281456317797,1.9553838026642674,1.816248999999516,kriging_results\s030_tx78\map30_tx78_ratio0_0200.png
s030_tx79,30,79,0.005,218,0.03985223245798735,6.524756349186603,3.5758282742612035,0.860012000000097,kriging_results\s030_tx79\map30_tx79_ratio0_0050.png
s030_tx79,30,79,0.01,435,0.03738190761386479,6.319296029161972,3.044167517605986,1.1502419999997073,kriging_results\s030_tx79\map30_tx79_ratio0_0100.png
s030_tx79,30,79,0.02,869,0.03408903862797863,6.034556392012447,2.4658973780597204,1.784477700000025,kriging_results\s030_tx79\map30_tx79_ratio0_0200.png
s034_tx19,34,19,0.005,199,0.05320670421076284,6.589780621988725,3.7524007872613407,0.7438043000001926,kriging_results\s034_tx19\map34_tx19_ratio0_0050.png
s034_tx19,34,19,0.01,398,0.050721653150455355,6.434050783217651,3.2403970942580065,1.0801996999998664,kriging_results\s034_tx19\map34_tx19_ratio0_0100.png
s034_tx19,34,19,0.02,795,0.04447606106771531,6.024915180473597,2.624800943470169,1.5206175000002986,kriging_results\s034_tx19\map34_tx19_ratio0_0200.png
s034_tx20,34,20,0.005,199,0.038680296470949366,6.680066427381169,3.69296776929731,0.7542614000003596,kriging_results\s034_tx20\map34_tx20_ratio0_0050.png
s034_tx20,34,20,0.01,398,0.03414870416839487,6.276579032433932,3.110418678128146,1.0258592000000135,kriging_results\s034_tx20\map34_tx20_ratio0_0100.png
s034_tx20,34,20,0.02,795,0.03076364611839039,5.957372972483866,2.4908377589070465,1.5311259000000064,kriging_results\s034_tx20\map34_tx20_ratio0_0200.png
s034_tx21,34,21,0.005,199,0.05076222149735563,7.085912513644332,4.064874381260521,0.7261162000004333,kriging_results\s034_tx21\map34_tx21_ratio0_0050.png
s034_tx21,34,21,0.01,398,0.04661772744343985,6.790488563063695,3.2915712861129025,1.0400243000003684,kriging_results\s034_tx21\map34_tx21_ratio0_0100.png
s034_tx21,34,21,0.02,795,0.04370063485327573,6.574600171267107,2.8122876752752095,1.5048227999996016,kriging_results\s034_tx21\map34_tx21_ratio0_0200.png
s034_tx22,34,22,0.005,199,0.038195123737957914,6.751941435917011,3.707307885547084,0.7095377000005101,kriging_results\s034_tx22\map34_tx22_ratio0_0050.png
s034_tx22,34,22,0.01,398,0.03466244531705981,6.432122532902467,3.092329469340411,1.0790654000002178,kriging_results\s034_tx22\map34_tx22_ratio0_0100.png
s034_tx22,34,22,0.02,795,0.03463060206922881,6.429167329228015,2.6483289048919563,1.5681260000001203,kriging_results\s034_tx22\map34_tx22_ratio0_0200.png
s034_tx29,34,29,0.005,199,0.035360928917727893,6.495416967339813,3.6777853974640715,0.7288773000000219,kriging_results\s034_tx29\map34_tx29_ratio0_0050.png
s034_tx29,34,29,0.01,398,0.03010442984391403,5.993222588268262,2.899334684919717,1.0421249000000898,kriging_results\s034_tx29\map34_tx29_ratio0_0100.png
s034_tx29,34,29,0.02,795,0.02855842450472571,5.837304200431196,2.4723105368432967,1.5392228000000614,kriging_results\s034_tx29\map34_tx29_ratio0_0200.png
s034_tx30,34,30,0.005,199,0.052880683704174564,6.597003753469968,3.743029748286284,0.7294583000002604,kriging_results\s034_tx30\map34_tx30_ratio0_0050.png
s034_tx30,34,30,0.01,398,0.05129232624062837,6.497172617530222,3.2591946520974586,1.0386316000003717,kriging_results\s034_tx30\map34_tx30_ratio0_0100.png
s034_tx30,34,30,0.02,795,0.044480243880951835,6.050367919236406,2.579474718433287,1.55507900000066,kriging_results\s034_tx30\map34_tx30_ratio0_0200.png
s034_tx36,34,36,0.005,199,0.0670387377465402,7.626200089499792,4.178107148599421,0.7473200000003999,kriging_results\s034_tx36\map34_tx36_ratio0_0050.png
s034_tx36,34,36,0.01,398,0.04868126738859356,6.498695932376707,3.1415153847153587,1.01601859999937,kriging_results\s034_tx36\map34_tx36_ratio0_0100.png
s034_tx36,34,36,0.02,795,0.04798368144848317,6.451965890338159,2.729651843094268,1.5921131000004607,kriging_results\s034_tx36\map34_tx36_ratio0_0200.png
s034_tx37,34,37,0.005,199,0.05278908478925633,7.386308158216229,3.9144750532202597,0.7541828000003079,kriging_results\s034_tx37\map34_tx37_ratio0_0050.png
s034_tx37,34,37,0.01,398,0.047935774573448164,7.038582918915952,3.2270918050401614,1.031491000000642,kriging_results\s034_tx37\map34_tx37_ratio0_0100.png
s034_tx37,34,37,0.02,795,0.039093467904777156,6.35634486738831,2.5868715598785452,1.5391110999999,kriging_results\s034_tx37\map34_tx37_ratio0_0200.png
s034_tx48,34,48,0.005,199,0.0412736899960234,6.59012145782941,3.8093426133834414,0.7513048999999228,kriging_results\s034_tx48\map34_tx48_ratio0_0050.png
s034_tx48,34,48,0.01,398,0.03376627171460088,5.960714516762276,3.0175754780436894,1.0329649999994217,kriging_results\s034_tx48\map34_tx48_ratio0_0100.png
s034_tx48,34,48,0.02,795,0.031295719358837765,5.738511225957927,2.5070350067038816,1.565801200000351,kriging_results\s034_tx48\map34_tx48_ratio0_0200.png
s034_tx49,34,49,0.005,199,0.0378675222356773,6.668200100854573,3.6154595596616885,0.7256347000002279,kriging_results\s034_tx49\map34_tx49_ratio0_0050.png
s034_tx49,34,49,0.01,398,0.03336437238982549,6.259168770287023,3.0360893084364995,1.0288223000006838,kriging_results\s034_tx49\map34_tx49_ratio0_0100.png
s034_tx49,34,49,0.02,795,0.03217596240011797,6.14668490052042,2.5742272640816846,1.5846235999997589,kriging_results\s034_tx49\map34_tx49_ratio0_0200.png
s034_tx50,34,50,0.005,199,0.0599183965291657,7.422949440226913,4.0181438041819515,0.6919481000004453,kriging_results\s034_tx50\map34_tx50_ratio0_0050.png
s034_tx50,34,50,0.01,398,0.05102098901385866,6.849689017239025,3.3172875639355937,1.0459915000001274,kriging_results\s034_tx50\map34_tx50_ratio0_0100.png
s034_tx50,34,50,0.02,795,0.042616642298626085,6.260168551654834,2.6583030620030543,2.5433274999995774,kriging_results\s034_tx50\map34_tx50_ratio0_0200.png
s034_tx55,34,55,0.005,199,0.04495818415091844,6.617531794434855,3.5480643323528174,0.7417847000006077,kriging_results\s034_tx55\map34_tx55_ratio0_0050.png
s034_tx55,34,55,0.01,398,0.03755486619758765,6.048180740273323,2.916177687703768,1.062159199999769,kriging_results\s034_tx55\map34_tx55_ratio0_0100.png
s034_tx55,34,55,0.02,795,0.03708575215951568,6.01028687541301,2.3997980292066052,1.6377070999997159,kriging_results\s034_tx55\map34_tx55_ratio0_0200.png
s034_tx56,34,56,0.005,199,0.06223011609687554,7.148504763049971,4.133566693589935,0.7233412000005046,kriging_results\s034_tx56\map34_tx56_ratio0_0050.png
s034_tx56,34,56,0.01,398,0.059480654691319516,6.9888026374899335,3.451489589258132,1.0620720000006258,kriging_results\s034_tx56\map34_tx56_ratio0_0100.png
s034_tx56,34,56,0.02,795,0.04453914969015612,6.047639132672899,2.7771057658912013,1.5775660999997854,kriging_results\s034_tx56\map34_tx56_ratio0_0200.png
s034_tx58,34,58,0.005,199,0.046344319711458935,6.460445524428864,3.608163690074937,0.7126523999995698,kriging_results\s034_tx58\map34_tx58_ratio0_0050.png
s034_tx58,34,58,0.01,398,0.03561951569441855,5.663804002896564,2.7508000663567214,1.049729600000319,kriging_results\s034_tx58\map34_tx58_ratio0_0100.png
s034_tx58,34,58,0.02,795,0.034961703071439774,5.611261394043317,2.295006528249952,1.5216546000001472,kriging_results\s034_tx58\map34_tx58_ratio0_0200.png
s034_tx66,34,66,0.005,199,0.059188118524881796,7.195578217116766,4.163607212952874,0.7609998999996606,kriging_results\s034_tx66\map34_tx66_ratio0_0050.png
s034_tx66,34,66,0.01,398,0.05120255874367416,6.692590641481091,3.3235590330095577,1.0060010000006514,kriging_results\s034_tx66\map34_tx66_ratio0_0100.png
s034_tx66,34,66,0.02,795,0.04438058111372021,6.23081593196907,2.833754250530989,1.5474629000000277,kriging_results\s034_tx66\map34_tx66_ratio0_0200.png
s034_tx69,34,69,0.005,199,0.03642938001134707,6.452655816578994,3.6339954586494727,0.7333154999996623,kriging_results\s034_tx69\map34_tx69_ratio0_0050.png
s034_tx69,34,69,0.01,398,0.03100589088611883,5.952984074791459,2.8962986586767814,1.0567062000000078,kriging_results\s034_tx69\map34_tx69_ratio0_0100.png
s034_tx69,34,69,0.02,795,0.02970497253428393,5.82676078674827,2.4548252385118103,1.5185730000002877,kriging_results\s034_tx69\map34_tx69_ratio0_0200.png
s034_tx73,34,73,0.005,199,0.046200817586026476,6.402956024163546,3.651621897323228,0.7703129999999874,kriging_results\s034_tx73\map34_tx73_ratio0_0050.png
s034_tx73,34,73,0.01,398,0.03574040063502759,5.631646571005702,2.833241239903467,1.0043032000003222,kriging_results\s034_tx73\map34_tx73_ratio0_0100.png
s034_tx73,34,73,0.02,795,0.0347330557159117,5.551715192609734,2.3913318254771836,1.5783080000001064,kriging_results\s034_tx73\map34_tx73_ratio0_0200.png
s034_tx74,34,74,0.005,199,0.0750132391455704,7.801730981314449,4.319346401081138,0.6854671000000963,kriging_results\s034_tx74\map34_tx74_ratio0_0050.png
s034_tx74,34,74,0.01,398,0.05343726187717263,6.584823122477425,3.3202051419561287,1.0839292999999088,kriging_results\s034_tx74\map34_tx74_ratio0_0100.png
s034_tx74,34,74,0.02,795,0.05225879253695981,6.511809704493,2.889540962509205,1.5633309000004374,kriging_results\s034_tx74\map34_tx74_ratio0_0200.png
s034_tx76,34,76,0.005,199,0.05892125473991863,6.579299666652954,3.5352657100159965,0.7060407999997551,kriging_results\s034_tx76\map34_tx76_ratio0_0050.png
s034_tx76,34,76,0.01,398,0.05076656978817193,6.107065601758482,2.944423759070626,1.0271373000005042,kriging_results\s034_tx76\map34_tx76_ratio0_0100.png
s034_tx76,34,76,0.02,795,0.04179386430513934,5.54115037193934,2.3480087771872986,1.5950118999999177,kriging_results\s034_tx76\map34_tx76_ratio0_0200.png
s034_tx78,34,78,0.005,199,0.058597936380447434,7.320671717347507,4.179990662143418,0.7357750000001033,kriging_results\s034_tx78\map34_tx78_ratio0_0050.png
s034_tx78,34,78,0.01,398,0.059383482285928886,7.369577646637004,3.417250467756969,1.016811299999972,kriging_results\s034_tx78\map34_tx78_ratio0_0100.png
s034_tx78,34,78,0.02,795,0.04533250696787984,6.438943813807734,2.7854947846511315,1.5559727999998358,kriging_results\s034_tx78\map34_tx78_ratio0_0200.png
s048_tx04,48,4,0.005,212,0.06917541584158979,7.1834297854134785,4.151006832493026,0.7821954999999434,kriging_results\s048_tx04\map48_tx4_ratio0_0050.png
s048_tx04,48,4,0.01,423,0.0609604483539296,6.743417461557873,3.572365348439472,1.1942184999998062,kriging_results\s048_tx04\map48_tx4_ratio0_0100.png
s048_tx04,48,4,0.02,846,0.05361873882052509,6.324326286443398,2.8658488734235132,1.7759676999994554,kriging_results\s048_tx04\map48_tx4_ratio0_0200.png
s048_tx07,48,7,0.005,212,0.05574672063148169,7.294182450584012,4.126623498251171,0.7992667999997138,kriging_results\s048_tx07\map48_tx7_ratio0_0050.png
s048_tx07,48,7,0.01,423,0.050955390817958184,6.973680196084562,3.610402982855056,1.1030880999996953,kriging_results\s048_tx07\map48_tx7_ratio0_0100.png
s048_tx07,48,7,0.02,846,0.04232136403522223,6.355457045255713,2.786799111693092,1.7518670999997994,kriging_results\s048_tx07\map48_tx7_ratio0_0200.png
s048_tx11,48,11,0.005,212,0.043562030500246235,7.27303834879261,4.119431679628221,0.8143477000003259,kriging_results\s048_tx11\map48_tx11_ratio0_0050.png
s048_tx11,48,11,0.01,423,0.04333225250796932,7.253831376028764,3.7066347233259354,1.081782799999928,kriging_results\s048_tx11\map48_tx11_ratio0_0100.png
s048_tx11,48,11,0.02,846,0.03453393482365715,6.475672201608607,2.8799084929153675,1.6911870000003546,kriging_results\s048_tx11\map48_tx11_ratio0_0200.png
s048_tx13,48,13,0.005,212,0.04476677857510577,7.574264275986196,4.158865126176379,0.8260529999997743,kriging_results\s048_tx13\map48_tx13_ratio0_0050.png
s048_tx13,48,13,0.01,423,0.04410642433909957,7.51819278656186,3.865018764742695,1.175076600000466,kriging_results\s048_tx13\map48_tx13_ratio0_0100.png
s048_tx13,48,13,0.02,846,0.036363840475063566,6.82648914664127,2.979416229235781,1.7003586000000723,kriging_results\s048_tx13\map48_tx13_ratio0_0200.png
s048_tx17,48,17,0.005,212,0.05221329827643088,6.198341085494461,3.4977457477744456,0.8536518999999316,kriging_results\s048_tx17\map48_tx17_ratio0_0050.png
s048_tx17,48,17,0.01,423,0.04570025720558864,5.798881380911426,3.0023637196159583,1.1325047000000268,kriging_results\s048_tx17\map48_tx17_ratio0_0100.png
s048_tx17,48,17,0.02,846,0.03752264457805554,5.254502720681845,2.283471589066231,1.7072496000000683,kriging_results\s048_tx17\map48_tx17_ratio0_0200.png
s048_tx19,48,19,0.005,212,0.04212888453962354,7.044014497097709,3.8648661205745305,0.7740223000000697,kriging_results\s048_tx19\map48_tx19_ratio0_0050.png
s048_tx19,48,19,0.01,423,0.04274001131569187,7.09492116572765,3.617443766631023,1.0864562999995542,kriging_results\s048_tx19\map48_tx19_ratio0_0100.png
s048_tx19,48,19,0.02,846,0.03599335044554407,6.5109055877960085,2.9119259679413583,1.6423080999993545,kriging_results\s048_tx19\map48_tx19_ratio0_0200.png
s048_tx27,48,27,0.005,212,0.04606652385451426,6.9639682782512375,3.93894769028377,0.8228712999998606,kriging_results\s048_tx27\map48_tx27_ratio0_0050.png
s048_tx27,48,27,0.01,423,0.04433170258015681,6.831581746238902,3.5950518823936566,1.1467423999993116,kriging_results\s048_tx27\map48_tx27_ratio0_0100.png
s048_tx27,48,27,0.02,846,0.0358404400353964,6.1425787155252625,2.6912835811975113,1.68089449999934,kriging_results\s048_tx27\map48_tx27_ratio0_0200.png
s048_tx35,48,35,0.005,212,0.053735681318833696,7.278706925502372,3.995458236244476,0.8037375000003522,kriging_results\s048_tx35\map48_tx35_ratio0_0050.png
s048_tx35,48,35,0.01,423,0.04663683331968135,6.78090064329346,3.513489949014685,1.2092155000000275,kriging_results\s048_tx35\map48_tx35_ratio0_0100.png
s048_tx35,48,35,0.02,846,0.038059846952189856,6.125709154830893,2.733520790462835,1.719484199999897,kriging_results\s048_tx35\map48_tx35_ratio0_0200.png
s048_tx36,48,36,0.005,212,0.051034848372763966,7.1680045138173325,4.079707433504537,0.8366428999997879,kriging_results\s048_tx36\map48_tx36_ratio0_0050.png
s048_tx36,48,36,0.01,423,0.047293025393258886,6.9002274557952195,3.516058212054081,1.097887100000662,kriging_results\s048_tx36\map48_tx36_ratio0_0100.png
s048_tx36,48,36,0.02,846,0.03920070551365029,6.282200580660019,2.8703674470447975,1.6887980000001335,kriging_results\s048_tx36\map48_tx36_ratio0_0200.png
s048_tx40,48,40,0.005,212,0.04606663013765246,7.286187209646777,4.038925559971044,0.8266720999999961,kriging_results\s048_tx40\map48_tx40_ratio0_0050.png
s048_tx40,48,40,0.01,423,0.04432949763478404,7.147489224469607,3.5934624618161224,1.128239300000132,kriging_results\s048_tx40\map48_tx40_ratio0_0100.png
s048_tx40,48,40,0.02,846,0.03689153628551826,6.520343502937417,2.8640225906023944,1.7895607999998902,kriging_results\s048_tx40\map48_tx40_ratio0_0200.png
s048_tx46,48,46,0.005,212,0.048740609981627256,7.222288944885409,3.8902048980873785,0.8323718999999983,kriging_results\s048_tx46\map48_tx46_ratio0_0050.png
s048_tx46,48,46,0.01,423,0.04683103290917814,7.079396663929251,3.584586353835466,1.1374151999998503,kriging_results\s048_tx46\map48_tx46_ratio0_0100.png
s048_tx46,48,46,0.02,846,0.039286909074290936,6.48415386456583,2.861004365004301,1.7657492999996975,kriging_results\s048_tx46\map48_tx46_ratio0_0200.png
s048_tx48,48,48,0.005,212,0.04306904570024861,7.366639135077034,4.048484329659062,0.8213178999994852,kriging_results\s048_tx48\map48_tx48_ratio0_0050.png
s048_tx48,48,48,0.01,423,0.04240082573062509,7.3092687717844935,3.7113438009282875,1.242011399999683,kriging_results\s048_tx48\map48_tx48_ratio0_0100.png
s048_tx48,48,48,0.02,846,0.035478946041489295,6.686088641039553,2.9600386284630833,1.78493299999991,kriging_results\s048_tx48\map48_tx48_ratio0_0200.png
s048_tx60,48,60,0.005,212,0.04154932909278519,7.078599720083679,3.8324533246929127,0.8134410999991815,kriging_results\s048_tx60\map48_tx60_ratio0_0050.png
s048_tx60,48,60,0.01,423,0.0422489253249871,7.137944717230369,3.597476077998003,1.1487668999998277,kriging_results\s048_tx60\map48_tx60_ratio0_0100.png
s048_tx60,48,60,0.02,846,0.0358588974173989,6.576030406946937,2.8897490821234295,1.7307259999997768,kriging_results\s048_tx60\map48_tx60_ratio0_0200.png
s048_tx61,48,61,0.005,212,0.04293413175004637,7.3611144848951096,4.013760064069122,0.8226400000003196,kriging_results\s048_tx61\map48_tx61_ratio0_0050.png
s048_tx61,48,61,0.01,423,0.0435331421962964,7.4122872601545,3.8189301327880956,1.1472307000003639,kriging_results\s048_tx61\map48_tx61_ratio0_0100.png
s048_tx61,48,61,0.02,846,0.035511306174899476,6.694614200450637,2.9242199164241596,1.7260592000002362,kriging_results\s048_tx61\map48_tx61_ratio0_0200.png
s048_tx63,48,63,0.005,212,0.05613476259823191,7.383494045519495,4.188880633430779,0.7970959000003859,kriging_results\s048_tx63\map48_tx63_ratio0_0050.png
s048_tx63,48,63,0.01,423,0.049084976025903324,6.9043098281527815,3.5683386823619587,1.1847671000004993,kriging_results\s048_tx63\map48_tx63_ratio0_0100.png
s048_tx63,48,63,0.02,846,0.04044374713463396,6.2671728860402665,2.7295468941386924,1.7722127999995791,kriging_results\s048_tx63\map48_tx63_ratio0_0200.png
s048_tx67,48,67,0.005,212,0.04504365824931602,7.46740214011041,4.136562637367702,0.7728089000002001,kriging_results\s048_tx67\map48_tx67_ratio0_0050.png
s048_tx67,48,67,0.01,423,0.046034518586181856,7.549088417505532,3.976663524677199,1.0902599999999438,kriging_results\s048_tx67\map48_tx67_ratio0_0100.png
s048_tx67,48,67,0.02,846,0.037150607404104134,6.78165463681597,2.9500051167827634,1.6852784999991854,kriging_results\s048_tx67\map48_tx67_ratio0_0200.png
s048_tx70,48,70,0.005,212,0.05499094237922738,7.543593954996221,4.256485692247966,0.788903499999833,kriging_results\s048_tx70\map48_tx70_ratio0_0050.png
s048_tx70,48,70,0.01,423,0.050275501578159666,7.21291693831215,3.793690130474252,1.140033599999697,kriging_results\s048_tx70\map48_tx70_ratio0_0100.png
s048_tx70,48,70,0.02,846,0.04187447517484417,6.582750788798018,2.953651789697622,1.7191130000001067,kriging_results\s048_tx70\map48_tx70_ratio0_0200.png
s048_tx71,48,71,0.005,212,0.055597132883006564,7.11877179808886,4.036030416598903,0.824746000000232,kriging_results\s048_tx71\map48_tx71_ratio0_0050.png
s048_tx71,48,71,0.01,423,0.046768491302273535,6.529133586978427,3.3897047884529594,1.1267494000003353,kriging_results\s048_tx71\map48_tx71_ratio0_0100.png
s048_tx71,48,71,0.02,846,0.0387807821658505,5.945483174652977,2.6801830037146295,3.4824326000007204,kriging_results\s048_tx71\map48_tx71_ratio0_0200.png
s048_tx73,48,73,0.005,212,0.05738695952491414,6.71552544772761,3.731803833797141,2.8652354999994714,kriging_results\s048_tx73\map48_tx73_ratio0_0050.png
s048_tx73,48,73,0.01,423,0.04757585202663168,6.1145805761709235,3.0417372516884877,2.64529500000026,kriging_results\s048_tx73\map48_tx73_ratio0_0100.png
s048_tx73,48,73,0.02,846,0.03723595024828826,5.409468644661187,2.3912634145740888,3.100661100000252,kriging_results\s048_tx73\map48_tx73_ratio0_0200.png
s048_tx78,48,78,0.005,212,0.04819295383923495,7.1129692691160855,3.8409471965262822,2.035377399999561,kriging_results\s048_tx78\map48_tx78_ratio0_0050.png
s048_tx78,48,78,0.01,423,0.048635132647619414,7.1455260863991015,3.599470489968768,3.0921163000002707,kriging_results\s048_tx78\map48_tx78_ratio0_0100.png
s048_tx78,48,78,0.02,846,0.039731714654404865,6.458442735141721,2.830161299054909,4.046560900000259,kriging_results\s048_tx78\map48_tx78_ratio0_0200.png
s056_tx01,56,1,0.005,196,0.06323238053986706,7.283641850350157,4.205065796744244,1.3892359999999826,kriging_results\s056_tx01\map56_tx1_ratio0_0050.png
s056_tx01,56,1,0.01,392,0.058171376182070016,6.986078904701089,3.6031698090244477,2.328787000000375,kriging_results\s056_tx01\map56_tx1_ratio0_0100.png
s056_tx01,56,1,0.02,784,0.050684329304092966,6.521022079706497,2.9756666096242994,3.9711826000002475,kriging_results\s056_tx01\map56_tx1_ratio0_0200.png
s056_tx08,56,8,0.005,196,0.05619930797142534,7.406087711612266,4.313167133346876,2.3969317999999475,kriging_results\s056_tx08\map56_tx8_ratio0_0050.png
s056_tx08,56,8,0.01,392,0.04973747668439999,6.967311620910713,3.7075637201719647,1.873256300000321,kriging_results\s056_tx08\map56_tx8_ratio0_0100.png
s056_tx08,56,8,0.02,784,0.04247943229596702,6.438915329060667,3.060105658492637,3.9680719999996654,kriging_results\s056_tx08\map56_tx8_ratio0_0200.png
s056_tx09,56,9,0.005,196,0.06068454180849418,7.796456426298871,4.635232983437691,2.30594740000015,kriging_results\s056_tx09\map56_tx9_ratio0_0050.png
s056_tx09,56,9,0.01,392,0.0465383335934203,6.827530146916959,3.634320307770959,2.9718194000006406,kriging_results\s056_tx09\map56_tx9_ratio0_0100.png
s056_tx09,56,9,0.02,784,0.039882737671890975,6.32048917390935,2.963416399202234,2.3827470000005633,kriging_results\s056_tx09\map56_tx9_ratio0_0200.png
s056_tx16,56,16,0.005,196,0.059252073362360276,6.960307849028155,3.877003181803319,1.2451857000005475,kriging_results\s056_tx16\map56_tx16_ratio0_0050.png
s056_tx16,56,16,0.01,392,0.059928689596015036,6.999935836610236,3.461653858557094,3.355689799999709,kriging_results\s056_tx16\map56_tx16_ratio0_0100.png
s056_tx16,56,16,0.02,784,0.044760148759847684,6.049541105917531,2.8057106221729806,3.723903799999789,kriging_results\s056_tx16\map56_tx16_ratio0_0200.png
s056_tx18,56,18,0.005,196,0.06766873225653544,6.447943645953174,3.7467454510739797,2.2786222999993697,kriging_results\s056_tx18\map56_tx18_ratio0_0050.png
s056_tx18,56,18,0.01,392,0.0594746296991419,6.044955210964206,3.2050466640670234,2.204507399999784,kriging_results\s056_tx18\map56_tx18_ratio0_0100.png
s056_tx18,56,18,0.02,784,0.04708479840124635,5.378579213651997,2.5463771311883394,4.108321600000636,kriging_results\s056_tx18\map56_tx18_ratio0_0200.png
s056_tx22,56,22,0.005,196,0.057049176997060455,7.481434041575856,4.40694188584888,0.729096799999752,kriging_results\s056_tx22\map56_tx22_ratio0_0050.png
s056_tx22,56,22,0.01,392,0.04836727031846149,6.888678984642951,3.6188567840308257,1.0194955000006303,kriging_results\s056_tx22\map56_tx22_ratio0_0100.png
s056_tx22,56,22,0.02,784,0.04078484181031989,6.325713971975087,3.0219084543809935,1.4979725000002873,kriging_results\s056_tx22\map56_tx22_ratio0_0200.png
s056_tx24,56,24,0.005,196,0.05892729286462902,7.835190658967922,4.53010710486104,0.6976322999998956,kriging_results\s056_tx24\map56_tx24_ratio0_0050.png
s056_tx24,56,24,0.01,392,0.046048069818152244,6.926232005990131,3.690058855389322,0.9697286999999051,kriging_results\s056_tx24\map56_tx24_ratio0_0100.png
s056_tx24,56,24,0.02,784,0.038729209639558594,6.352002124307089,2.971437224664217,1.5255797999998322,kriging_results\s056_tx24\map56_tx24_ratio0_0200.png
s056_tx29,56,29,0.005,196,0.061733273877084355,7.442478635523568,4.377393635305496,0.7225122999998348,kriging_results\s056_tx29\map56_tx29_ratio0_0050.png
s056_tx29,56,29,0.01,392,0.05177838930494501,6.816041103063827,3.6341017352751,0.9754345000001194,kriging_results\s056_tx29\map56_tx29_ratio0_0100.png
s056_tx29,56,29,0.02,784,0.04288488396422846,6.20311824023422,2.9071917711057775,1.54169069999989,kriging_results\s056_tx29\map56_tx29_ratio0_0200.png
s056_tx33,56,33,0.005,196,0.05743289357649335,7.71494511652195,4.6321511661923624,0.6853025000000343,kriging_results\s056_tx33\map56_tx33_ratio0_0050.png
s056_tx33,56,33,0.01,392,0.04857715061727766,7.095263215728654,3.7391268812719294,1.0332758000004105,kriging_results\s056_tx33\map56_tx33_ratio0_0100.png
s056_tx33,56,33,0.02,784,0.04117886567370513,6.532654381861996,3.1060489545115746,1.5429255999997622,kriging_results\s056_tx33\map56_tx33_ratio0_0200.png
s056_tx34,56,34,0.005,196,0.05325497057940359,7.520825866928008,4.3777567574129925,0.6992315999996208,kriging_results\s056_tx34\map56_tx34_ratio0_0050.png
s056_tx34,56,34,0.01,392,0.045400318005260135,6.944083068495944,3.598638133449718,1.0206159999997908,kriging_results\s056_tx34\map56_tx34_ratio0_0100.png
s056_tx34,56,34,0.02,784,0.04172771253874147,6.657294248023002,3.027276713977594,1.5746165000000474,kriging_results\s056_tx34\map56_tx34_ratio0_0200.png
s056_tx35,56,35,0.005,196,0.057359027974798395,7.229261254685083,4.210583291768346,0.7262077000004865,kriging_results\s056_tx35\map56_tx35_ratio0_0050.png
s056_tx35,56,35,0.01,392,0.04814264370896663,6.623049510946715,3.4899734899724146,0.9978774000001067,kriging_results\s056_tx35\map56_tx35_ratio0_0100.png
s056_tx35,56,35,0.02,784,0.045320952873648075,6.426027036025697,2.936657730731832,1.4880257999993773,kriging_results\s056_tx35\map56_tx35_ratio0_0200.png
s056_tx37,56,37,0.005,196,0.05219481367749089,7.453121887776382,4.292712783268297,0.6884416000002602,kriging_results\s056_tx37\map56_tx37_ratio0_0050.png
s056_tx37,56,37,0.01,392,0.04628979958401687,7.018869999578072,3.627497834057261,1.0064026999998532,kriging_results\s056_tx37\map56_tx37_ratio0_0100.png
s056_tx37,56,37,0.02,784,0.03908631617740924,6.449661437228883,2.9759006441832074,1.5048874000003707,kriging_results\s056_tx37\map56_tx37_ratio0_0200.png
s056_tx45,56,45,0.005,196,0.051076318053562206,7.494408242136404,4.1368681316523706,0.7376982999994652,kriging_results\s056_tx45\map56_tx45_ratio0_0050.png
s056_tx45,56,45,0.01,392,0.04707857188120198,7.195139138769706,3.801564276388783,1.0113803999993252,kriging_results\s056_tx45\map56_tx45_ratio0_0100.png
s056_tx45,56,45,0.02,784,0.03692921132187445,6.372540038679924,2.9522711357422,1.5053329000002122,kriging_results\s056_tx45\map56_tx45_ratio0_0200.png
s056_tx46,56,46,0.005,196,0.06282803669524577,7.263919353152155,4.171330247523104,0.7201417999995101,kriging_results\s056_tx46\map56_tx46_ratio0_0050.png
s056_tx46,56,46,0.01,392,0.052669431188510855,6.650795207074574,3.4651899102173225,0.9738881999992373,kriging_results\s056_tx46\map56_tx46_ratio0_0100.png
s056_tx46,56,46,0.02,784,0.04500651972251503,6.147973374273567,2.808191880054404,1.4830737000002046,kriging_results\s056_tx46\map56_tx46_ratio0_0200.png
s056_tx54,56,54,0.005,196,0.08385218947949737,6.909839426396308,4.074106870451087,0.7286573000001226,kriging_results\s056_tx54\map56_tx54_ratio0_0050.png
s056_tx54,56,54,0.01,392,0.069157448938858,6.275238407308667,3.442713036153598,0.9752341000003071,kriging_results\s056_tx54\map56_tx54_ratio0_0100.png
s056_tx54,56,54,0.02,784,0.04982192985912001,5.326243589499327,2.570160997405545,1.5027814000004582,kriging_results\s056_tx54\map56_tx54_ratio0_0200.png
s056_tx55,56,55,0.005,196,0.06928204207163607,7.136594536133891,4.1105753003747765,0.725902700000006,kriging_results\s056_tx55\map56_tx55_ratio0_0050.png
s056_tx55,56,55,0.01,392,0.06344407862237882,6.829300630060551,3.4551022073209117,1.014470000000074,kriging_results\s056_tx55\map56_tx55_ratio0_0100.png
s056_tx55,56,55,0.02,784,0.046318571712947135,5.8352338412446665,2.6861497169127024,1.517380299999786,kriging_results\s056_tx55\map56_tx55_ratio0_0200.png
s056_tx60,56,60,0.005,196,0.05034760053867869,7.371688327638439,4.17480717546456,0.7240616999997656,kriging_results\s056_tx60\map56_tx60_ratio0_0050.png
s056_tx60,56,60,0.01,392,0.04302111341304183,6.8142553354102375,3.5418533196299355,1.0277774999995017,kriging_results\s056_tx60\map56_tx60_ratio0_0100.png
s056_tx60,56,60,0.02,784,0.03809706862724612,6.4124406001389564,3.0140157616250414,1.4872513999998773,kriging_results\s056_tx60\map56_tx60_ratio0_0200.png
s056_tx65,56,65,0.005,196,0.05511232911325849,7.428643511059186,4.392984844899362,0.7268251999994391,kriging_results\s056_tx65\map56_tx65_ratio0_0050.png
s056_tx65,56,65,0.01,392,0.0492201003671003,7.020311531667894,3.802160370539723,1.000358100000085,kriging_results\s056_tx65\map56_tx65_ratio0_0100.png
s056_tx65,56,65,0.02,784,0.040867989120588435,6.397006185578157,3.054611681918311,1.522025800000847,kriging_results\s056_tx65\map56_tx65_ratio0_0200.png
s056_tx73,56,73,0.005,196,0.065515243215587,7.4501601478439365,4.316971571506798,0.7171062999996138,kriging_results\s056_tx73\map56_tx73_ratio0_0050.png
s056_tx73,56,73,0.01,392,0.0588717905403728,7.062330680351755,3.6370625192167907,0.972338900000068,kriging_results\s056_tx73\map56_tx73_ratio0_0100.png
s056_tx73,56,73,0.02,784,0.051918113614891584,6.632142956961367,3.113104892098305,1.4822587999997268,kriging_results\s056_tx73\map56_tx73_ratio0_0200.png
s056_tx75,56,75,0.005,196,0.06257759137651166,8.288003876135084,4.919007383107457,0.7336702000002333,kriging_results\s056_tx75\map56_tx75_ratio0_0050.png
s056_tx75,56,75,0.01,392,0.049366661725053974,7.361348832959833,3.8370647179248043,0.9777726000002076,kriging_results\s056_tx75\map56_tx75_ratio0_0100.png
s056_tx75,56,75,0.02,784,0.04208323478526897,6.796652735825961,3.170981906588684,1.5121681000000535,kriging_results\s056_tx75\map56_tx75_ratio0_0200.png
s061_tx02,61,2,0.005,252,0.018124431904510938,5.520504088056831,2.53438577950131,1.049395099999856,kriging_results\s061_tx02\map61_tx2_ratio0_0050.png
s061_tx02,61,2,0.01,504,0.01563216992522326,5.126915644460636,2.127800200857139,1.4786215999993146,kriging_results\s061_tx02\map61_tx2_ratio0_0100.png
s061_tx02,61,2,0.02,1007,0.012272280068423895,4.5426488544053765,1.5856417886019274,2.3270205999997415,kriging_results\s061_tx02\map61_tx2_ratio0_0200.png
s061_tx04,61,4,0.005,252,0.01887164116762848,5.853054344630051,2.784628287442548,1.0655465999998341,kriging_results\s061_tx04\map61_tx4_ratio0_0050.png
s061_tx04,61,4,0.01,504,0.016243771121984208,5.430266579907635,2.262141241247045,1.5294086000003517,kriging_results\s061_tx04\map61_tx4_ratio0_0100.png
s061_tx04,61,4,0.02,1007,0.012324636293395955,4.730039619929045,1.6113891409107666,2.1915430999997625,kriging_results\s061_tx04\map61_tx4_ratio0_0200.png
s061_tx08,61,8,0.005,252,0.014769428701086077,5.321997552515967,2.5692573928939084,1.0237525000002279,kriging_results\s061_tx08\map61_tx8_ratio0_0050.png
s061_tx08,61,8,0.01,504,0.012972655664652943,4.987779711488626,2.045869839317877,1.5940049000000727,kriging_results\s061_tx08\map61_tx8_ratio0_0100.png
s061_tx08,61,8,0.02,1007,0.009579730297562983,4.286170688808908,1.5050990991520805,2.2877306999998837,kriging_results\s061_tx08\map61_tx8_ratio0_0200.png
s061_tx11,61,11,0.005,252,0.017899554874063774,5.89934880881892,2.85748171723936,0.9943633000002592,kriging_results\s061_tx11\map61_tx11_ratio0_0050.png
s061_tx11,61,11,0.01,504,0.01314085768160123,5.054693411908023,2.0144395055018105,1.524512699999832,kriging_results\s061_tx11\map61_tx11_ratio0_0100.png
s061_tx11,61,11,0.02,1007,0.010288681068331616,4.4726283544523,1.5616880777609277,2.335920499999702,kriging_results\s061_tx11\map61_tx11_ratio0_0200.png
s061_tx17,61,17,0.005,252,0.022912146050427486,5.991816292014594,2.978627170760806,1.0774677999997948,kriging_results\s061_tx17\map61_tx17_ratio0_0050.png
s061_tx17,61,17,0.01,504,0.017665715888680496,5.261277624573654,2.308374193737297,1.544887000000017,kriging_results\s061_tx17\map61_tx17_ratio0_0100.png
s061_tx17,61,17,0.02,1007,0.01318966875695215,4.546137290471504,1.622285882674558,3.483829599999808,kriging_results\s061_tx17\map61_tx17_ratio0_0200.png
s061_tx19,61,19,0.005,252,0.018965267124829266,5.883571171005692,2.760844600142405,1.097987699999976,kriging_results\s061_tx19\map61_tx19_ratio0_0050.png
s061_tx19,61,19,0.01,504,0.01641492800967822,5.473700349076808,2.2765643918764766,1.470256700000391,kriging_results\s061_tx19\map61_tx19_ratio0_0100.png
s061_tx19,61,19,0.02,1007,0.012293742087281151,4.737002104668232,1.6149606120906996,2.289050500000485,kriging_results\s061_tx19\map61_tx19_ratio0_0200.png
s061_tx20,61,20,0.005,252,0.016196786288649727,5.51604458882685,2.6148344949228197,1.0363428999999087,kriging_results\s061_tx20\map61_tx20_ratio0_0050.png
s061_tx20,61,20,0.01,504,0.01450123589512407,5.219343098053973,2.1426129287139632,1.5115138999999544,kriging_results\s061_tx20\map61_tx20_ratio0_0100.png
s061_tx20,61,20,0.02,1007,0.010711775020096395,4.485842920626863,1.5449828155957648,2.3747174000000086,kriging_results\s061_tx20\map61_tx20_ratio0_0200.png
s061_tx23,61,23,0.005,252,0.014256191653971434,5.218963252033025,2.457451523015663,1.0336508999998841,kriging_results\s061_tx23\map61_tx23_ratio0_0050.png
s061_tx23,61,23,0.01,504,0.012130434559782171,4.8141614743029075,1.9369714831120113,1.5055675000003248,kriging_results\s061_tx23\map61_tx23_ratio0_0100.png
s061_tx23,61,23,0.02,1007,0.009068278754119674,4.162410436237512,1.4222222473171202,2.311134300000049,kriging_results\s061_tx23\map61_tx23_ratio0_0200.png
s061_tx40,61,40,0.005,252,0.022930886254808915,5.961905344305677,3.029854644719624,1.027914199999941,kriging_results\s061_tx40\map61_tx40_ratio0_0050.png
s061_tx40,61,40,0.01,504,0.01721420864550834,5.165569200510449,2.31867781849625,1.553285899999537,kriging_results\s061_tx40\map61_tx40_ratio0_0100.png
s061_tx40,61,40,0.02,1007,0.012757797628668513,4.446952710836444,1.6054010886389816,2.2547960000001694,kriging_results\s061_tx40\map61_tx40_ratio0_0200.png
s061_tx41,61,41,0.005,252,0.024243715009859224,6.000881923722072,3.0394489070265114,1.0609035999996195,kriging_results\s061_tx41\map61_tx41_ratio0_0050.png
s061_tx41,61,41,0.01,504,0.019101017267348246,5.326522227966852,2.353870066490957,1.578276299999743,kriging_results\s061_tx41\map61_tx41_ratio0_0100.png
s061_tx41,61,41,0.02,1007,0.014504876183874743,4.641651230973594,1.7039571174188484,2.345064000000093,kriging_results\s061_tx41\map61_tx41_ratio0_0200.png
s061_tx45,61,45,0.005,252,0.01904634687466017,5.6091426923909715,2.6555889114333207,1.0611579999995229,kriging_results\s061_tx45\map61_tx45_ratio0_0050.png
s061_tx45,61,45,0.01,504,0.016763408222562188,5.262253991392011,2.1896753098623445,1.5188523999995596,kriging_results\s061_tx45\map61_tx45_ratio0_0100.png
s061_tx45,61,45,0.02,1007,0.012036394549362053,4.4590141221281545,1.5441072221753784,2.2840510999994876,kriging_results\s061_tx45\map61_tx45_ratio0_0200.png
s061_tx46,61,46,0.005,252,0.014533385381960565,5.270816205158141,2.503726698277946,1.0843285000000833,kriging_results\s061_tx46\map61_tx46_ratio0_0050.png
s061_tx46,61,46,0.01,504,0.012555487273398924,4.899043068298757,1.9639516701711752,1.5388151999995898,kriging_results\s061_tx46\map61_tx46_ratio0_0100.png
s061_tx46,61,46,0.02,1007,0.009567816299741136,4.2766222151079125,1.48314632469871,2.344361800000115,kriging_results\s061_tx46\map61_tx46_ratio0_0200.png
s061_tx48,61,48,0.005,252,0.015413698459224709,5.417003595232373,2.6259799074256245,1.0168025000002672,kriging_results\s061_tx48\map61_tx48_ratio0_0050.png
s061_tx48,61,48,0.01,504,0.013617242607418372,5.091553107632235,2.1014053200158127,1.5757338000003074,kriging_results\s061_tx48\map61_tx48_ratio0_0100.png
s061_tx48,61,48,0.02,1007,0.009808071217208203,4.321131623804355,1.509713323201638,2.2745561000001544,kriging_results\s061_tx48\map61_tx48_ratio0_0200.png
s061_tx50,61,50,0.005,252,0.024731213462412305,6.025713788229154,2.685909374741535,1.096670500000073,kriging_results\s061_tx50\map61_tx50_ratio0_0050.png
s061_tx50,61,50,0.01,504,0.017554409030977675,5.076669549083022,2.0126338809171007,1.5602456000005986,kriging_results\s061_tx50\map61_tx50_ratio0_0100.png
s061_tx50,61,50,0.02,1007,0.014773606466905885,4.6572445678196575,1.5754862611713272,2.3096139000008407,kriging_results\s061_tx50\map61_tx50_ratio0_0200.png
s061_tx52,61,52,0.005,252,0.024235909962514315,6.151471874516995,2.777330320744171,1.0918110999991768,kriging_results\s061_tx52\map61_tx52_ratio0_0050.png
s061_tx52,61,52,0.01,504,0.018612530721028458,5.390786028735968,2.1650398695979876,1.5291362999996636,kriging_results\s061_tx52\map61_tx52_ratio0_0100.png
s061_tx52,61,52,0.02,1007,0.014580538508163309,4.771293813523664,1.6787883344994339,2.3227516999995714,kriging_results\s061_tx52\map61_tx52_ratio0_0200.png
s061_tx55,61,55,0.005,252,0.018530943584311,5.4980053984405295,2.505403209915558,1.0266935999998168,kriging_results\s061_tx55\map61_tx55_ratio0_0050.png
s061_tx55,61,55,0.01,504,0.015298405589599324,4.9955059693295425,2.0293856450193277,1.5593982000000324,kriging_results\s061_tx55\map61_tx55_ratio0_0100.png
s061_tx55,61,55,0.02,1007,0.012995587694880722,4.604201883634421,1.600755223347841,2.333304199999475,kriging_results\s061_tx55\map61_tx55_ratio0_0200.png
s061_tx58,61,58,0.005,252,0.03498244520788036,5.917644489949242,2.825694843416953,1.0659224999999424,kriging_results\s061_tx58\map61_tx58_ratio0_0050.png
s061_tx58,61,58,0.01,504,0.03024504755186319,5.502384371028749,2.2980146085681326,1.5329807999996774,kriging_results\s061_tx58\map61_tx58_ratio0_0100.png
s061_tx58,61,58,0.02,1007,0.02304632956004666,4.803133642507714,1.7097201501352826,2.3546823000006043,kriging_results\s061_tx58\map61_tx58_ratio0_0200.png
s061_tx61,61,61,0.005,252,0.032309702529467944,5.6266385286740555,2.6386826764138838,1.0069166999992376,kriging_results\s061_tx61\map61_tx61_ratio0_0050.png
s061_tx61,61,61,0.01,504,0.024259332446771274,4.875531370028349,2.063534838732863,1.485748799999783,kriging_results\s061_tx61\map61_tx61_ratio0_0100.png
s061_tx61,61,61,0.02,1007,0.019748344034065,4.398938360613453,1.525805499127192,2.274808000000121,kriging_results\s061_tx61\map61_tx61_ratio0_0200.png
s061_tx68,61,68,0.005,252,0.03345045096727538,5.596991429730814,2.707930590225309,1.0294063000001188,kriging_results\s061_tx68\map61_tx68_ratio0_0050.png
s061_tx68,61,68,0.01,504,0.024664853760146807,4.80610141286537,2.130569383450507,1.6003472000002148,kriging_results\s061_tx68\map61_tx68_ratio0_0100.png
s061_tx68,61,68,0.02,1007,0.019966320759080485,4.324169172361634,1.6255017893062333,5.116707000000133,kriging_results\s061_tx68\map61_tx68_ratio0_0200.png
s061_tx70,61,70,0.005,252,0.01730839177456248,5.6571632792316855,2.6502389957466015,2.1777204999998503,kriging_results\s061_tx70\map61_tx70_ratio0_0050.png
s061_tx70,61,70,0.01,504,0.01479347001421733,5.230044455761908,2.0818427706467535,3.4131796000001486,kriging_results\s061_tx70\map61_tx70_ratio0_0100.png
s061_tx70,61,70,0.02,1007,0.01140910064240022,4.592995901529849,1.5625168122178024,4.874385099999927,kriging_results\s061_tx70\map61_tx70_ratio0_0200.png
s066_tx02,66,2,0.005,253,0.01854581299549701,5.655294328838195,2.551977507582356,2.888342699999157,kriging_results\s066_tx02\map66_tx2_ratio0_0050.png
s066_tx02,66,2,0.01,505,0.011606333631003817,4.473833295179135,1.7834088239800336,5.182738100000279,kriging_results\s066_tx02\map66_tx2_ratio0_0100.png
s066_tx02,66,2,0.02,1009,0.010446325944961372,4.244378035210589,1.4211089272131123,4.603675699999258,kriging_results\s066_tx02\map66_tx2_ratio0_0200.png
s066_tx10,66,10,0.005,253,0.016381352375767405,5.921253685157272,2.6790277977118393,3.547211800000696,kriging_results\s066_tx10\map66_tx10_ratio0_0050.png
s066_tx10,66,10,0.01,505,0.009890503693283086,4.600955127974971,1.8479518567255342,5.201712199999747,kriging_results\s066_tx10\map66_tx10_ratio0_0100.png
s066_tx10,66,10,0.02,1009,0.00870994418769029,4.317640473265036,1.410126970741773,4.3042568999999276,kriging_results\s066_tx10\map66_tx10_ratio0_0200.png
s066_tx16,66,16,0.005,253,0.015771905342693647,5.659013213974091,2.5682505525310133,2.2102663000005123,kriging_results\s066_tx16\map66_tx16_ratio0_0050.png
s066_tx16,66,16,0.01,505,0.010130936639809832,4.535481737927768,1.815756447763108,4.4664851999996245,kriging_results\s066_tx16\map66_tx16_ratio0_0100.png
s066_tx16,66,16,0.02,1009,0.00890317266710546,4.251782302327704,1.407844992200431,6.229099299999689,kriging_results\s066_tx16\map66_tx16_ratio0_0200.png
s066_tx19,66,19,0.005,253,0.017117577969917183,6.027439556171413,2.759244666906416,2.766039699999965,kriging_results\s066_tx19\map66_tx19_ratio0_0050.png
s066_tx19,66,19,0.01,505,0.010584235186785506,4.73959742227698,1.9068081462839677,2.133344500000021,kriging_results\s066_tx19\map66_tx19_ratio0_0100.png
s066_tx19,66,19,0.02,1009,0.009389194778473322,4.464017427789213,1.4667629277509868,4.956772800000181,kriging_results\s066_tx19\map66_tx19_ratio0_0200.png
s066_tx20,66,20,0.005,253,0.021402116590037715,6.417464030485379,2.9280131734474573,2.5217719000002035,kriging_results\s066_tx20\map66_tx20_ratio0_0050.png
s066_tx20,66,20,0.01,505,0.011473417407665845,4.6987407657651366,1.9102758135546818,4.184653000000253,kriging_results\s066_tx20\map66_tx20_ratio0_0100.png
s066_tx20,66,20,0.02,1009,0.010875122510111402,4.574589850501507,1.5094252078028525,4.813063000000511,kriging_results\s066_tx20\map66_tx20_ratio0_0200.png
s066_tx22,66,22,0.005,253,0.016443269247412132,5.8489971087987636,2.705076276752311,1.228169799999705,kriging_results\s066_tx22\map66_tx22_ratio0_0050.png
s066_tx22,66,22,0.01,505,0.009671885008059784,4.48583075026856,1.7427047301180612,3.7847019999999247,kriging_results\s066_tx22\map66_tx22_ratio0_0100.png
s066_tx22,66,22,0.02,1009,0.008060375273227643,4.095104114570122,1.3635907520308568,4.58273250000002,kriging_results\s066_tx22\map66_tx22_ratio0_0200.png
s066_tx29,66,29,0.005,253,0.02406276746066887,6.411596093548583,2.9345067904123687,2.0125665999994453,kriging_results\s066_tx29\map66_tx29_ratio0_0050.png
s066_tx29,66,29,0.01,505,0.01145114905849623,4.423009684817646,1.8452700175455794,3.7864270999998553,kriging_results\s066_tx29\map66_tx29_ratio0_0100.png
s066_tx29,66,29,0.02,1009,0.011050648255126848,4.344974500871296,1.5501759827834607,3.8250092999996923,kriging_results\s066_tx29\map66_tx29_ratio0_0200.png
s066_tx32,66,32,0.005,253,0.02097604782252267,6.423983310378553,3.0564004240847606,2.2104675000000498,kriging_results\s066_tx32\map66_tx32_ratio0_0050.png
s066_tx32,66,32,0.01,505,0.011150367715232866,4.6836794432688515,1.895034826059612,3.9192938000005597,kriging_results\s066_tx32\map66_tx32_ratio0_0100.png
s066_tx32,66,32,0.02,1009,0.010553568204153846,4.5566138264080625,1.537940847180803,4.776406400000269,kriging_results\s066_tx32\map66_tx32_ratio0_0200.png
s066_tx33,66,33,0.005,253,0.016304075287440236,5.868757547422776,2.65677920876692,2.971011200000248,kriging_results\s066_tx33\map66_tx33_ratio0_0050.png
s066_tx33,66,33,0.01,505,0.010097427118155767,4.618526583049564,1.8787975676781932,3.1186677000005147,kriging_results\s066_tx33\map66_tx33_ratio0_0100.png
s066_tx33,66,33,0.02,1009,0.008734956670832095,4.295645772313684,1.4179251257849694,6.930213200000253,kriging_results\s066_tx33\map66_tx33_ratio0_0200.png
s066_tx45,66,45,0.005,253,0.015389331715484159,5.5961433221694925,2.6412604047627326,3.259487100000115,kriging_results\s066_tx45\map66_tx45_ratio0_0050.png
s066_tx45,66,45,0.01,505,0.009744048393839324,4.452958593118048,1.7398383570578193,4.19378289999986,kriging_results\s066_tx45\map66_tx45_ratio0_0100.png
s066_tx45,66,45,0.02,1009,0.008151549075725916,4.072855638924671,1.3910466477738985,4.979799400000047,kriging_results\s066_tx45\map66_tx45_ratio0_0200.png
s066_tx52,66,52,0.005,253,0.021325956974001248,6.440367800181961,3.06142826152212,2.203113900000062,kriging_results\s066_tx52\map66_tx52_ratio0_0050.png
s066_tx52,66,52,0.01,505,0.011474571934750918,4.724160519060453,1.9390972150315653,4.016749299999901,kriging_results\s066_tx52\map66_tx52_ratio0_0100.png
s066_tx52,66,52,0.02,1009,0.010995475323487883,4.624485312038364,1.5827405006728033,6.5102288999996745,kriging_results\s066_tx52\map66_tx52_ratio0_0200.png
s066_tx57,66,57,0.005,253,0.0175384222651805,5.702188249790588,2.7598161076487258,3.9833831000005375,kriging_results\s066_tx57\map66_tx57_ratio0_0050.png
s066_tx57,66,57,0.01,505,0.010848237565480437,4.484622292611092,1.8778740586044533,5.652914199999941,kriging_results\s066_tx57\map66_tx57_ratio0_0100.png
s066_tx57,66,57,0.02,1009,0.010459386757456515,4.403514117810542,1.5514174258749156,6.864977600000202,kriging_results\s066_tx57\map66_tx57_ratio0_0200.png
s066_tx58,66,58,0.005,253,0.01808504241679328,6.172398980797255,2.799337612364742,2.908807899999374,kriging_results\s066_tx58\map66_tx58_ratio0_0050.png
s066_tx58,66,58,0.01,505,0.010882704654261605,4.7880938332885465,1.922482479756088,4.782674900000529,kriging_results\s066_tx58\map66_tx58_ratio0_0100.png
s066_tx58,66,58,0.02,1009,0.009880346099252087,4.5622629020393,1.5153176381648994,6.757752199999231,kriging_results\s066_tx58\map66_tx58_ratio0_0200.png
s066_tx60,66,60,0.005,253,0.01578948898155244,5.6921074356125,2.692932764108965,3.306330899999921,kriging_results\s066_tx60\map66_tx60_ratio0_0050.png
s066_tx60,66,60,0.01,505,0.010134047782739693,4.560164647726756,1.8738632070476682,4.811414299999342,kriging_results\s066_tx60\map66_tx60_ratio0_0100.png
s066_tx60,66,60,0.02,1009,0.008790622486576215,4.247162350157735,1.4420879918699865,6.887700600000244,kriging_results\s066_tx60\map66_tx60_ratio0_0200.png
s066_tx61,66,61,0.005,253,0.016901536947910446,5.908709562085841,2.751505986179442,3.1169191999997565,kriging_results\s066_tx61\map66_tx61_ratio0_0050.png
s066_tx61,66,61,0.01,505,0.010752849938135122,4.712933748149006,1.8685332504299703,3.672310500000094,kriging_results\s066_tx61\map66_tx61_ratio0_0100.png
s066_tx61,66,61,0.02,1009,0.00991685871299934,4.526021453148958,1.4915646300857868,6.5620543000004545,kriging_results\s066_tx61\map66_tx61_ratio0_0200.png
s066_tx63,66,63,0.005,253,0.016897132001576977,5.685757289107671,2.659874506191563,2.599037699999826,kriging_results\s066_tx63\map66_tx63_ratio0_0050.png
s066_tx63,66,63,0.01,505,0.011772349501788923,4.745843239116101,1.898197423037828,4.095978499999546,kriging_results\s066_tx63\map66_tx63_ratio0_0100.png
s066_tx63,66,63,0.02,1009,0.010798727670473083,4.545358178610384,1.494400009128031,5.550783799999408,kriging_results\s066_tx63\map66_tx63_ratio0_0200.png
s066_tx68,66,68,0.005,253,0.020523878444053293,6.16372344527724,2.8015728369896147,3.2479476999997132,kriging_results\s066_tx68\map66_tx68_ratio0_0050.png
s066_tx68,66,68,0.01,505,0.01336774160622026,4.974419969183645,1.9238137437199534,3.5049416000001656,kriging_results\s066_tx68\map66_tx68_ratio0_0100.png
s066_tx68,66,68,0.02,1009,0.012081644434921294,4.729077739310725,1.532444642711504,5.354714699999931,kriging_results\s066_tx68\map66_tx68_ratio0_0200.png
s066_tx70,66,70,0.005,253,0.01574570623387097,5.673607256349268,2.789386993844082,1.6752387999995335,kriging_results\s066_tx70\map66_tx70_ratio0_0050.png
s066_tx70,66,70,0.01,505,0.009569068280021721,4.422960128073273,1.7843647957415696,1.5832977999998548,kriging_results\s066_tx70\map66_tx70_ratio0_0100.png
s066_tx70,66,70,0.02,1009,0.008156457855232661,4.083466501005978,1.3938882380907225,2.3808719999997265,kriging_results\s066_tx70\map66_tx70_ratio0_0200.png
s066_tx74,66,74,0.005,253,0.01774320016441171,6.015996730605098,2.8226211734008184,1.0861152000006769,kriging_results\s066_tx74\map66_tx74_ratio0_0050.png
s066_tx74,66,74,0.01,505,0.010849086870312288,4.704226327636107,1.8749282688594153,1.6932060999997702,kriging_results\s066_tx74\map66_tx74_ratio0_0100.png
s066_tx74,66,74,0.02,1009,0.010338995889502007,4.592305779141398,1.5107750895476915,2.5801227000001745,kriging_results\s066_tx74\map66_tx74_ratio0_0200.png
s066_tx78,66,78,0.005,253,0.024881415756407777,6.58777482349044,3.1272873621000183,1.1162922000003164,kriging_results\s066_tx78\map66_tx78_ratio0_0050.png
s066_tx78,66,78,0.01,505,0.012581924959078254,4.684624067478244,1.9261370842950114,1.5912428000001455,kriging_results\s066_tx78\map66_tx78_ratio0_0100.png
s066_tx78,66,78,0.02,1009,0.012760751272374837,4.717797842737664,1.6042403741952707,2.3629079000002093,kriging_results\s066_tx78\map66_tx78_ratio0_0200.png
s080_tx03,80,3,0.005,230,0.022454981479291716,5.256930263163445,2.5547100880793416,0.9266649000001053,kriging_results\s080_tx03\map80_tx3_ratio0_0050.png
s080_tx03,80,3,0.01,460,0.01635163879116121,4.485971425744061,1.756946665001734,1.3465066999997362,kriging_results\s080_tx03\map80_tx3_ratio0_0100.png
s080_tx03,80,3,0.02,919,0.01491248728458529,4.284014285650332,1.4453152672403704,2.0240641999998843,kriging_results\s080_tx03\map80_tx3_ratio0_0200.png
s080_tx05,80,5,0.005,230,0.029095485700642864,6.561147368764335,3.245356384879546,0.8658950999997614,kriging_results\s080_tx05\map80_tx5_ratio0_0050.png
s080_tx05,80,5,0.01,460,0.02091169119119364,5.562391675436837,2.264576558377372,1.3121541999998954,kriging_results\s080_tx05\map80_tx5_ratio0_0100.png
s080_tx05,80,5,0.02,919,0.01691173606487937,5.002200363032357,1.7917812120506043,2.0815083999996205,kriging_results\s080_tx05\map80_tx5_ratio0_0200.png
s080_tx08,80,8,0.005,230,0.029243649942125735,5.630995539859829,2.7760943982185378,0.9015560999996524,kriging_results\s080_tx08\map80_tx8_ratio0_0050.png
s080_tx08,80,8,0.01,460,0.0194408823099933,4.591212334181634,1.869035373320756,1.3346181999995679,kriging_results\s080_tx08\map80_tx8_ratio0_0100.png
s080_tx08,80,8,0.02,919,0.016782685041503057,4.265796296795257,1.4989403996837216,1.9456342000003133,kriging_results\s080_tx08\map80_tx8_ratio0_0200.png
s080_tx11,80,11,0.005,230,0.028266669477639776,6.125900150089532,3.2201033945689934,0.8928161000003456,kriging_results\s080_tx11\map80_tx11_ratio0_0050.png
s080_tx11,80,11,0.01,460,0.019520412516994837,5.0906951086767585,2.073560793361955,1.2978130999999848,kriging_results\s080_tx11\map80_tx11_ratio0_0100.png
s080_tx11,80,11,0.02,919,0.016540329334362416,4.686025723748755,1.7544374918549779,1.928788700000041,kriging_results\s080_tx11\map80_tx11_ratio0_0200.png
s080_tx16,80,16,0.005,230,0.027583739966262778,5.7263538599621935,2.7505876616205303,0.9463482999999542,kriging_results\s080_tx16\map80_tx16_ratio0_0050.png
s080_tx16,80,16,0.01,460,0.02015488568760234,4.8948767429624445,1.8959489252048372,1.3231267999999545,kriging_results\s080_tx16\map80_tx16_ratio0_0100.png
s080_tx16,80,16,0.02,919,0.01670275325530227,4.456004573846928,1.5887737151619044,2.0476079000000027,kriging_results\s080_tx16\map80_tx16_ratio0_0200.png
s080_tx18,80,18,0.005,230,0.025697315242522386,6.103521504006236,2.8749028062694766,0.9177880999995978,kriging_results\s080_tx18\map80_tx18_ratio0_0050.png
s080_tx18,80,18,0.01,460,0.017521030385325886,5.039836109212377,1.9591843665673032,1.382059699999445,kriging_results\s080_tx18\map80_tx18_ratio0_0100.png
s080_tx18,80,18,0.02,919,0.015129431352547766,4.683255953158121,1.5959727322790693,2.0785592000002,kriging_results\s080_tx18\map80_tx18_ratio0_0200.png
s080_tx19,80,19,0.005,230,0.021743331961821162,4.953809061285845,2.394884288089011,0.8636724999996659,kriging_results\s080_tx19\map80_tx19_ratio0_0050.png
s080_tx19,80,19,0.01,460,0.016629667051224383,4.332294707956968,1.6688793056831097,1.328355499999816,kriging_results\s080_tx19\map80_tx19_ratio0_0100.png
s080_tx19,80,19,0.02,919,0.015700277376928296,4.209493911690529,1.4433173941373643,1.960129699999925,kriging_results\s080_tx19\map80_tx19_ratio0_0200.png
s080_tx29,80,29,0.005,230,0.028622626611684257,6.671236825105843,3.301497917066451,0.8972050000002127,kriging_results\s080_tx29\map80_tx29_ratio0_0050.png
s080_tx29,80,29,0.01,460,0.017654450695655913,5.239365751768464,2.078506690235058,1.2676492999999027,kriging_results\s080_tx29\map80_tx29_ratio0_0100.png
s080_tx29,80,29,0.02,919,0.015572733482402012,4.920780996364019,1.7063948493551897,1.9359497999994346,kriging_results\s080_tx29\map80_tx29_ratio0_0200.png
s080_tx38,80,38,0.005,230,0.02799020936071917,5.649697880935905,2.6172908470308847,0.8537186000003203,kriging_results\s080_tx38\map80_tx38_ratio0_0050.png
s080_tx38,80,38,0.01,460,0.018361393780809313,4.575883587181444,1.8444317251939129,1.3702849000001152,kriging_results\s080_tx38\map80_tx38_ratio0_0100.png
s080_tx38,80,38,0.02,919,0.01787723400576107,4.515151323047232,1.561663384786831,2.2870589000003747,kriging_results\s080_tx38\map80_tx38_ratio0_0200.png
s080_tx40,80,40,0.005,230,0.02566956797492478,5.8099467148599455,2.7932004464349522,0.9118392000000313,kriging_results\s080_tx40\map80_tx40_ratio0_0050.png
s080_tx40,80,40,0.01,460,0.017603439365415457,4.81129099277604,1.884912624072071,1.3983851000002687,kriging_results\s080_tx40\map80_tx40_ratio0_0100.png
s080_tx40,80,40,0.02,919,0.01620211852899872,4.615818940096928,1.6234463729162143,2.2679978000005576,kriging_results\s080_tx40\map80_tx40_ratio0_0200.png
s080_tx51,80,51,0.005,230,0.027785570677491857,5.724570396834528,2.790705503979248,0.9601853999993182,kriging_results\s080_tx51\map80_tx51_ratio0_0050.png
s080_tx51,80,51,0.01,460,0.019290937079285853,4.769906877536949,1.8614989727222078,1.4036742999996932,kriging_results\s080_tx51\map80_tx51_ratio0_0100.png
s080_tx51,80,51,0.02,919,0.01719908158466681,4.503870192277544,1.54032880717319,2.23445029999948,kriging_results\s080_tx51\map80_tx51_ratio0_0200.png
s080_tx58,80,58,0.005,230,0.030501904554962322,5.758062519870348,2.7045165516780614,0.9070677999998225,kriging_results\s080_tx58\map80_tx58_ratio0_0050.png
s080_tx58,80,58,0.01,460,0.01906111470608962,4.551840627907812,1.7674224446729796,1.3768631000002642,kriging_results\s080_tx58\map80_tx58_ratio0_0100.png
s080_tx58,80,58,0.02,919,0.016082250168953795,4.181059029950695,1.3975514908838924,2.1607393000003867,kriging_results\s080_tx58\map80_tx58_ratio0_0200.png
s080_tx61,80,61,0.005,230,0.028346408326140042,5.411730359777263,2.573452362837561,0.8764578999998776,kriging_results\s080_tx61\map80_tx61_ratio0_0050.png
s080_tx61,80,61,0.01,460,0.019059418720451617,4.437536723721652,1.7691286895581129,1.4699735000003784,kriging_results\s080_tx61\map80_tx61_ratio0_0100.png
s080_tx61,80,61,0.02,919,0.020426447475359273,4.593921363135146,1.559928639801825,2.229057599999578,kriging_results\s080_tx61\map80_tx61_ratio0_0200.png
s080_tx63,80,63,0.005,230,0.02975101406724028,5.901075687509982,2.9100902463403524,0.9132896999999502,kriging_results\s080_tx63\map80_tx63_ratio0_0050.png
s080_tx63,80,63,0.01,460,0.02007192559545328,4.8470200444350695,1.9088510723470034,1.430435100000068,kriging_results\s080_tx63\map80_tx63_ratio0_0100.png
s080_tx63,80,63,0.02,919,0.018116123984327083,4.604822978776039,1.5704603118128775,2.160567400000218,kriging_results\s080_tx63\map80_tx63_ratio0_0200.png
s080_tx72,80,72,0.005,230,0.03371092932927433,5.308445373701659,2.5884784798770335,0.913929399999688,kriging_results\s080_tx72\map80_tx72_ratio0_0050.png
s080_tx72,80,72,0.01,460,0.025743099368283444,4.6388721120325505,1.8049109349271462,1.4184264000004987,kriging_results\s080_tx72\map80_tx72_ratio0_0100.png
s080_tx72,80,72,0.02,919,0.019172682522953562,4.00334871573369,1.4211631738178623,2.228523299999324,kriging_results\s080_tx72\map80_tx72_ratio0_0200.png
s080_tx73,80,73,0.005,230,0.027550830423033898,6.224652933152682,2.91585262269421,0.9405640000004496,kriging_results\s080_tx73\map80_tx73_ratio0_0050.png
s080_tx73,80,73,0.01,460,0.016385408988592698,4.800389019045899,1.951796106799583,1.474323600000389,kriging_results\s080_tx73\map80_tx73_ratio0_0100.png
s080_tx73,80,73,0.02,919,0.014176757687776608,4.4651520585856455,1.6053961520230007,2.372648499999741,kriging_results\s080_tx73\map80_tx73_ratio0_0200.png
s080_tx74,80,74,0.005,230,0.02687958267791748,6.1927746514284685,2.992338581885732,1.0009136000007857,kriging_results\s080_tx74\map80_tx74_ratio0_0050.png
s080_tx74,80,74,0.01,460,0.016554499149694386,4.859952642478141,2.013383344868326,1.4971576999996614,kriging_results\s080_tx74\map80_tx74_ratio0_0100.png
s080_tx74,80,74,0.02,919,0.014072847301153374,4.480897391305042,1.6154227612068592,2.287819000000127,kriging_results\s080_tx74\map80_tx74_ratio0_0200.png
s080_tx75,80,75,0.005,230,0.027201897536687974,6.296711405317195,3.1277493549214235,1.0113415000005261,kriging_results\s080_tx75\map80_tx75_ratio0_0050.png
s080_tx75,80,75,0.01,460,0.020752027352605906,5.499769118055079,2.207279293808154,1.4678168999998888,kriging_results\s080_tx75\map80_tx75_ratio0_0100.png
s080_tx75,80,75,0.02,919,0.017287644509456666,5.019750138517814,1.789781878141131,2.2228699999996024,kriging_results\s080_tx75\map80_tx75_ratio0_0200.png
s080_tx76,80,76,0.005,230,0.029151406723115156,6.335246446585427,3.0916927996430155,0.9459473000006255,kriging_results\s080_tx76\map80_tx76_ratio0_0050.png
s080_tx76,80,76,0.01,460,0.016794690469234246,4.808612161531347,1.9689489751012401,1.453317700000298,kriging_results\s080_tx76\map80_tx76_ratio0_0100.png
s080_tx76,80,76,0.02,919,0.014040413883618624,4.396668311183441,1.5574374785599938,2.193708599999809,kriging_results\s080_tx76\map80_tx76_ratio0_0200.png
s080_tx79,80,79,0.005,230,0.02858604353532448,6.53186071543135,3.267154257654731,0.9585501999999906,kriging_results\s080_tx79\map80_tx79_ratio0_0050.png
s080_tx79,80,79,0.01,460,0.020461139230308595,5.526177146901824,2.250710499475411,1.3507879999997385,kriging_results\s080_tx79\map80_tx79_ratio0_0100.png
s080_tx79,80,79,0.02,919,0.01724110669064952,5.072738367609387,1.8320724289229233,2.0806210999999166,kriging_results\s080_tx79\map80_tx79_ratio0_0200.png
s094_tx04,94,4,0.005,305,0.0028116564505123952,2.437529756125979,0.7622842104692193,1.3939340999995693,kriging_results\s094_tx04\map94_tx4_ratio0_0050.png
s094_tx04,94,4,0.01,609,0.002247500713317396,2.1793085397308145,0.5332257605704025,2.1757778999999573,kriging_results\s094_tx04\map94_tx4_ratio0_0100.png
s094_tx04,94,4,0.02,1218,0.0014487375495143204,1.749700245868491,0.37863792053420137,3.4360194999999294,kriging_results\s094_tx04\map94_tx4_ratio0_0200.png
s094_tx09,94,9,0.005,305,0.0024717627769336834,2.401113089279191,0.8091214773762112,1.3594487999998819,kriging_results\s094_tx09\map94_tx9_ratio0_0050.png
s094_tx09,94,9,0.01,609,0.0022086657880132973,2.2697302442810945,0.6257861272389709,1.9658964999998716,kriging_results\s094_tx09\map94_tx9_ratio0_0100.png
s094_tx09,94,9,0.02,1218,0.0015930875755541913,1.9276538730215698,0.4633588672324491,3.570334900000489,kriging_results\s094_tx09\map94_tx9_ratio0_0200.png
s094_tx12,94,12,0.005,305,0.003614536919506925,2.4508882098063807,0.9930051028927209,1.489195899999686,kriging_results\s094_tx12\map94_tx12_ratio0_0050.png
s094_tx12,94,12,0.01,609,0.0026279968259939252,2.0898233777070216,0.7028229000600225,2.506396499999937,kriging_results\s094_tx12\map94_tx12_ratio0_0100.png
s094_tx12,94,12,0.02,1218,0.0018205695525871908,1.7394053602792625,0.4904584262351759,3.6295280000003913,kriging_results\s094_tx12\map94_tx12_ratio0_0200.png
s094_tx15,94,15,0.005,305,0.0029885372311351894,2.6790534668048664,0.9260315247649623,1.5350993000001836,kriging_results\s094_tx15\map94_tx15_ratio0_0050.png
s094_tx15,94,15,0.01,609,0.002630938046219258,2.513664693699643,0.6907731554814304,2.3031220000002577,kriging_results\s094_tx15\map94_tx15_ratio0_0100.png
s094_tx15,94,15,0.02,1218,0.001663277986320808,1.9986394804812768,0.46510264644315497,4.1594829999994545,kriging_results\s094_tx15\map94_tx15_ratio0_0200.png
s094_tx17,94,17,0.005,305,0.0024496988579624577,2.3620640190091207,0.8187539767280779,1.4562135999995007,kriging_results\s094_tx17\map94_tx17_ratio0_0050.png
s094_tx17,94,17,0.01,609,0.0023210724372825066,2.299215527474884,0.6286158784043115,2.508282199999485,kriging_results\s094_tx17\map94_tx17_ratio0_0100.png
s094_tx17,94,17,0.02,1218,0.0015720160587313354,1.8921859744371716,0.42959408900489776,4.067833200000678,kriging_results\s094_tx17\map94_tx17_ratio0_0200.png
s094_tx19,94,19,0.005,305,0.002909800566346276,2.639089122266961,1.002527458883474,1.5694608000003427,kriging_results\s094_tx19\map94_tx19_ratio0_0050.png
s094_tx19,94,19,0.01,609,0.0024295043948181446,2.411466748477326,0.6591221523396119,2.515727500000139,kriging_results\s094_tx19\map94_tx19_ratio0_0100.png
s094_tx19,94,19,0.02,1218,0.001754957747305515,2.0495370042507566,0.5113013328900466,4.0920238000007885,kriging_results\s094_tx19\map94_tx19_ratio0_0200.png
s094_tx23,94,23,0.005,305,0.002605176202252615,2.4493950185862534,0.8368102358470132,1.5846510999999737,kriging_results\s094_tx23\map94_tx23_ratio0_0050.png
s094_tx23,94,23,0.01,609,0.002400114485177068,2.351019736879639,0.6674603004185536,2.406395699999848,kriging_results\s094_tx23\map94_tx23_ratio0_0100.png
s094_tx23,94,23,0.02,1218,0.001588110619157088,1.9124084755219368,0.46241982343003546,4.016180700000405,kriging_results\s094_tx23\map94_tx23_ratio0_0200.png
s094_tx24,94,24,0.005,305,0.002740551622996569,2.464389944049239,0.8424804456689733,1.5086215999999695,kriging_results\s094_tx24\map94_tx24_ratio0_0050.png
s094_tx24,94,24,0.01,609,0.002213819361818225,2.2149377352491313,0.5851583994425397,2.3578613999998197,kriging_results\s094_tx24\map94_tx24_ratio0_0100.png
s094_tx24,94,24,0.02,1218,0.0015650192709584707,1.8623027155890586,0.43804484367417595,3.8013809000003675,kriging_results\s094_tx24\map94_tx24_ratio0_0200.png
s094_tx27,94,27,0.005,305,0.0027488276422784606,2.5383433288340638,0.8658321034211878,1.450934899999993,kriging_results\s094_tx27\map94_tx27_ratio0_0050.png
s094_tx27,94,27,0.01,609,0.0024900451914213854,2.4159069597492393,0.6436140500962914,2.433186399999613,kriging_results\s094_tx27\map94_tx27_ratio0_0100.png
s094_tx27,94,27,0.02,1218,0.0016534938143551842,1.9686924968951716,0.4419933308252987,3.6134617000006983,kriging_results\s094_tx27\map94_tx27_ratio0_0200.png
s094_tx30,94,30,0.005,305,0.0031451856147768275,2.7197531874119654,1.0109582335534617,1.396478599999682,kriging_results\s094_tx30\map94_tx30_ratio0_0050.png
s094_tx30,94,30,0.01,609,0.002766753452865445,2.5508892197217845,0.7300581478075228,2.2136915000000954,kriging_results\s094_tx30\map94_tx30_ratio0_0100.png
s094_tx30,94,30,0.02,1218,0.0016704120106194578,1.9820662398927031,0.48885719128526833,3.7288369999996576,kriging_results\s094_tx30\map94_tx30_ratio0_0200.png
s094_tx36,94,36,0.005,305,0.002332377199846086,2.349669096762235,0.7950067610517229,1.5246079999997164,kriging_results\s094_tx36\map94_tx36_ratio0_0050.png
s094_tx36,94,36,0.01,609,0.002431144482700617,2.3989029659128303,0.6506396301831896,2.3712132999999085,kriging_results\s094_tx36\map94_tx36_ratio0_0100.png
s094_tx36,94,36,0.02,1218,0.0017230340999962596,2.0195482783504377,0.46892011719110877,3.7221097000001464,kriging_results\s094_tx36\map94_tx36_ratio0_0200.png
s094_tx41,94,41,0.005,305,0.002296557417777887,2.3215701281728207,0.7827420190902034,1.4627065999993647,kriging_results\s094_tx41\map94_tx41_ratio0_0050.png
s094_tx41,94,41,0.01,609,0.0021006719610899187,2.2203542684866284,0.5500466370564177,2.350376999999753,kriging_results\s094_tx41\map94_tx41_ratio0_0100.png
s094_tx41,94,41,0.02,1218,0.0016087559935293236,1.9430691019655253,0.3965762036541404,3.7227709999997387,kriging_results\s094_tx41\map94_tx41_ratio0_0200.png
s094_tx43,94,43,0.005,305,0.002541030754852942,2.37380200236917,0.7853073794754798,1.4827565000005052,kriging_results\s094_tx43\map94_tx43_ratio0_0050.png
s094_tx43,94,43,0.01,609,0.0026230554647269765,2.411810917562077,0.5650230192316988,2.3561145000003307,kriging_results\s094_tx43\map94_tx43_ratio0_0100.png
s094_tx43,94,43,0.02,1218,0.001632337920598074,1.9025871575160913,0.3938990031640885,3.9185929999994187,kriging_results\s094_tx43\map94_tx43_ratio0_0200.png
s094_tx46,94,46,0.005,305,0.0030298051710492577,2.720422819447423,0.9654802071810696,1.4929116000002978,kriging_results\s094_tx46\map94_tx46_ratio0_0050.png
s094_tx46,94,46,0.01,609,0.002362970851254626,2.402471397143375,0.6316371935705757,2.3163721999999325,kriging_results\s094_tx46\map94_tx46_ratio0_0100.png
s094_tx46,94,46,0.02,1218,0.0016279077734581173,1.9940862742643148,0.4471346271418471,3.8289574999998877,kriging_results\s094_tx46\map94_tx46_ratio0_0200.png
s094_tx48,94,48,0.005,305,0.003086811609021006,2.6110046194211227,0.8278797843905914,1.5446130999998786,kriging_results\s094_tx48\map94_tx48_ratio0_0050.png
s094_tx48,94,48,0.01,609,0.0022719264083787584,2.2400087709334953,0.5362580186744662,2.3273880999995527,kriging_results\s094_tx48\map94_tx48_ratio0_0100.png
s094_tx48,94,48,0.02,1218,0.0018590685664608387,2.026283906494799,0.3837989325835619,3.74062959999992,kriging_results\s094_tx48\map94_tx48_ratio0_0200.png
s094_tx50,94,50,0.005,305,0.0024669513274368543,2.369058215495148,0.7935083201232005,1.4469732999996268,kriging_results\s094_tx50\map94_tx50_ratio0_0050.png
s094_tx50,94,50,0.01,609,0.0021970629667617094,2.2357163517241943,0.5946885908278668,2.5305129999997007,kriging_results\s094_tx50\map94_tx50_ratio0_0100.png
s094_tx50,94,50,0.02,1218,0.0016574423695284789,1.941845454692725,0.43265321232136317,3.7884796000007555,kriging_results\s094_tx50\map94_tx50_ratio0_0200.png
s094_tx56,94,56,0.005,305,0.0025292941697112386,2.4795924486697962,0.900879367118709,1.48808149999968,kriging_results\s094_tx56\map94_tx56_ratio0_0050.png
s094_tx56,94,56,0.01,609,0.002524349807081164,2.47716757274527,0.6650917813443009,2.326657300000079,kriging_results\s094_tx56\map94_tx56_ratio0_0100.png
s094_tx56,94,56,0.02,1218,0.0017042566065629738,2.035392276573413,0.5060208535968542,3.795550699999694,kriging_results\s094_tx56\map94_tx56_ratio0_0200.png
s094_tx59,94,59,0.005,305,0.00292970144808694,2.6515653100065513,0.9267189252303527,1.5030114999999569,kriging_results\s094_tx59\map94_tx59_ratio0_0050.png
s094_tx59,94,59,0.01,609,0.0025756997249992155,2.486212514428413,0.6587018388239465,2.334748799999943,kriging_results\s094_tx59\map94_tx59_ratio0_0100.png
s094_tx59,94,59,0.02,1218,0.0017263502171945843,2.0354249363798784,0.4361123532624103,3.9120707000001858,kriging_results\s094_tx59\map94_tx59_ratio0_0200.png
s094_tx67,94,67,0.005,305,0.0027518854652296997,2.467187712193304,0.8294058140377487,1.492793299999903,kriging_results\s094_tx67\map94_tx67_ratio0_0050.png
s094_tx67,94,67,0.01,609,0.002357981553243996,2.2837954677382566,0.5679030842785531,2.3812751000004937,kriging_results\s094_tx67\map94_tx67_ratio0_0100.png
s094_tx67,94,67,0.02,1218,0.00161704612073381,1.8912468385060965,0.389642952811511,3.954803399999946,kriging_results\s094_tx67\map94_tx67_ratio0_0200.png
s094_tx74,94,74,0.005,305,0.002993952790990354,2.6685312937676184,0.9560998640361624,1.5179964999997537,kriging_results\s094_tx74\map94_tx74_ratio0_0050.png
s094_tx74,94,74,0.01,609,0.002514217076714233,2.4454072792601638,0.6622944041382499,2.383381499999814,kriging_results\s094_tx74\map94_tx74_ratio0_0100.png
s094_tx74,94,74,0.02,1218,0.001739607496969859,2.0341147615477206,0.43612544466537717,3.930837999999312,kriging_results\s094_tx74\map94_tx74_ratio0_0200.png
s099_tx01,99,1,0.005,282,0.0039611863571359695,3.020452285704963,0.9970341635924125,1.4135645999995177,kriging_results\s099_tx01\map99_tx1_ratio0_0050.png
s099_tx01,99,1,0.01,564,0.0029782322812542364,2.6190188115249886,0.6743447137074594,3.179454000000078,kriging_results\s099_tx01\map99_tx1_ratio0_0100.png
s099_tx01,99,1,0.02,1127,0.0023196448381175914,2.3113732810776444,0.5370624888977716,4.747896700000638,kriging_results\s099_tx01\map99_tx1_ratio0_0200.png
s099_tx04,99,4,0.005,282,0.004788172737191112,3.3320018790110857,1.0464438206475484,2.2456101999996463,kriging_results\s099_tx04\map99_tx4_ratio0_0050.png
s099_tx04,99,4,0.01,564,0.0030951029872570857,2.6789085011169975,0.6411876895942346,4.975522800000363,kriging_results\s099_tx04\map99_tx4_ratio0_0100.png
s099_tx04,99,4,0.02,1127,0.002683442301342796,2.4944020797596806,0.5352096075241517,5.769740299999285,kriging_results\s099_tx04\map99_tx4_ratio0_0200.png
s099_tx10,99,10,0.005,282,0.0035009238588126026,2.874644654380839,0.9430704554143614,2.546581000000515,kriging_results\s099_tx10\map99_tx10_ratio0_0050.png
s099_tx10,99,10,0.01,564,0.0025495948808344233,2.453174316937889,0.6160667211307461,3.5534288999997443,kriging_results\s099_tx10\map99_tx10_ratio0_0100.png
s099_tx10,99,10,0.02,1127,0.0021596691761651154,2.2578050737769066,0.5274256607764052,5.714130299999852,kriging_results\s099_tx10\map99_tx10_ratio0_0200.png
s099_tx13,99,13,0.005,282,0.005256623952632535,3.4921515285472116,1.0544224887682998,3.4129877000004853,kriging_results\s099_tx13\map99_tx13_ratio0_0050.png
s099_tx13,99,13,0.01,564,0.003204103126909416,2.7264206324358122,0.6408806524661889,4.706094799999846,kriging_results\s099_tx13\map99_tx13_ratio0_0100.png
s099_tx13,99,13,0.02,1127,0.0026958519233912463,2.500849969794897,0.5210200733762987,6.177719100000104,kriging_results\s099_tx13\map99_tx13_ratio0_0200.png
s099_tx14,99,14,0.005,282,0.0032106722061033864,2.7800936555529066,0.870925756846127,3.0899670999997397,kriging_results\s099_tx14\map99_tx14_ratio0_0050.png
s099_tx14,99,14,0.01,564,0.0026739328876872652,2.537094727617832,0.6405545078416203,4.112184499999785,kriging_results\s099_tx14\map99_tx14_ratio0_0100.png
s099_tx14,99,14,0.02,1127,0.002002803005048809,2.1957382544753368,0.5059091244625316,7.020449300000109,kriging_results\s099_tx14\map99_tx14_ratio0_0200.png
s099_tx16,99,16,0.005,282,0.003813791445418644,2.9152883809405505,0.9861219780985315,3.696785699999964,kriging_results\s099_tx16\map99_tx16_ratio0_0050.png
s099_tx16,99,16,0.01,564,0.0029256899772483118,2.553390246492061,0.6613448138974283,6.120710099999997,kriging_results\s099_tx16\map99_tx16_ratio0_0100.png
s099_tx16,99,16,0.02,1127,0.002243738086927491,2.236089239507267,0.5288687705214534,5.8228477000002385,kriging_results\s099_tx16\map99_tx16_ratio0_0200.png
s099_tx25,99,25,0.005,282,0.003961489246397162,3.0416278467277036,0.987027432327181,3.093149100000119,kriging_results\s099_tx25\map99_tx25_ratio0_0050.png
s099_tx25,99,25,0.01,564,0.002972907324437129,2.634920419790413,0.659118247066887,3.7758004999996047,kriging_results\s099_tx25\map99_tx25_ratio0_0100.png
s099_tx25,99,25,0.02,1127,0.0023304861227730757,2.3329212919578652,0.5527799658693522,6.33252900000025,kriging_results\s099_tx25\map99_tx25_ratio0_0200.png
s099_tx29,99,29,0.005,282,0.0041795542571922955,3.1315849585118505,0.9651733829052636,3.785910999999942,kriging_results\s099_tx29\map99_tx29_ratio0_0050.png
s099_tx29,99,29,0.01,564,0.003054516721462402,2.677136173398527,0.6344625266861061,5.854017399999975,kriging_results\s099_tx29\map99_tx29_ratio0_0100.png
s099_tx29,99,29,0.02,1127,0.0025470675316052295,2.4446655070660315,0.5531868731891292,5.438994300000559,kriging_results\s099_tx29\map99_tx29_ratio0_0200.png
s099_tx30,99,30,0.005,282,0.005496463156902954,3.3846536687028745,1.181107137968192,2.000577499999963,kriging_results\s099_tx30\map99_tx30_ratio0_0050.png
s099_tx30,99,30,0.01,564,0.004017491873065234,2.8936772009610405,0.7806805906145712,2.6491305999998076,kriging_results\s099_tx30\map99_tx30_ratio0_0100.png
s099_tx30,99,30,0.02,1127,0.0038402386589517206,2.82912202540496,0.6644475093612966,4.610719999999674,kriging_results\s099_tx30\map99_tx30_ratio0_0200.png
s099_tx36,99,36,0.005,282,0.005816465218580808,3.583104150153346,1.3021747609571646,3.311444500000107,kriging_results\s099_tx36\map99_tx36_ratio0_0050.png
s099_tx36,99,36,0.01,564,0.003731626547681673,2.8699805369370215,0.7370912873486246,3.491236100000606,kriging_results\s099_tx36\map99_tx36_ratio0_0100.png
s099_tx36,99,36,0.02,1127,0.003774650302853562,2.886477790238139,0.681950084439807,6.08690789999946,kriging_results\s099_tx36\map99_tx36_ratio0_0200.png
s099_tx47,99,47,0.005,282,0.004383077047142219,3.2481235620714672,1.1059644884255768,2.170293899999706,kriging_results\s099_tx47\map99_tx47_ratio0_0050.png
s099_tx47,99,47,0.01,564,0.003023958952157396,2.6979315565024975,0.7268212518653738,2.0135355000002164,kriging_results\s099_tx47\map99_tx47_ratio0_0100.png
s099_tx47,99,47,0.02,1127,0.0023325970754031126,2.3695334702624047,0.5517302696621786,2.9543902999994316,kriging_results\s099_tx47\map99_tx47_ratio0_0200.png
s099_tx63,99,63,0.005,282,0.005638522841785478,3.354353650495773,1.2237949470929497,1.2564041999994515,kriging_results\s099_tx63\map99_tx63_ratio0_0050.png
s099_tx63,99,63,0.01,564,0.004145423927879498,2.876144187181886,0.8433214569118896,1.7215520999998262,kriging_results\s099_tx63\map99_tx63_ratio0_0100.png
s099_tx63,99,63,0.02,1127,0.004259456681948372,2.915434480512874,0.7445127804046524,2.811013499999717,kriging_results\s099_tx63\map99_tx63_ratio0_0200.png
s099_tx65,99,65,0.005,282,0.0038161591901098384,3.0694012819265604,0.9601214368936245,1.2931938000001537,kriging_results\s099_tx65\map99_tx65_ratio0_0050.png
s099_tx65,99,65,0.01,564,0.0029635843776229585,2.7048866106902785,0.6413747249342165,1.9720981999998912,kriging_results\s099_tx65\map99_tx65_ratio0_0100.png
s099_tx65,99,65,0.02,1127,0.0020873946207703897,2.2700880637922705,0.5057519774443218,2.8802420000001803,kriging_results\s099_tx65\map99_tx65_ratio0_0200.png
s099_tx67,99,67,0.005,282,0.004513975287258749,3.330786402829363,1.1631213934668063,1.2367229000001316,kriging_results\s099_tx67\map99_tx67_ratio0_0050.png
s099_tx67,99,67,0.01,564,0.002818229591951319,2.6318151124489,0.6949510431728351,1.841320600000472,kriging_results\s099_tx67\map99_tx67_ratio0_0100.png
s099_tx67,99,67,0.02,1127,0.002307088422653168,2.3812189052754174,0.5844397158181185,2.8242442999999184,kriging_results\s099_tx67\map99_tx67_ratio0_0200.png
s099_tx69,99,69,0.005,282,0.003236852051763892,2.789874636352827,0.8796731525215591,1.3619220999999015,kriging_results\s099_tx69\map99_tx69_ratio0_0050.png
s099_tx69,99,69,0.01,564,0.0026221099860517694,2.511011568735306,0.6251812568588401,2.0061618999998245,kriging_results\s099_tx69\map99_tx69_ratio0_0100.png
s099_tx69,99,69,0.02,1127,0.0020232606567809437,2.2057139564952357,0.5092528653526773,3.008557400000427,kriging_results\s099_tx69\map99_tx69_ratio0_0200.png
s099_tx71,99,71,0.005,282,0.0045937822199847685,3.3037040956698123,1.1226143070560102,1.3086578000002191,kriging_results\s099_tx71\map99_tx71_ratio0_0050.png
s099_tx71,99,71,0.01,564,0.0029741212720353527,2.6582466562125315,0.6794934307826423,1.8935394999998607,kriging_results\s099_tx71\map99_tx71_ratio0_0100.png
s099_tx71,99,71,0.02,1127,0.002502653576194613,2.438463793286311,0.5568835908505428,2.934609900000396,kriging_results\s099_tx71\map99_tx71_ratio0_0200.png
s099_tx72,99,72,0.005,282,0.003874385072222285,2.8819694237979143,0.940931377438666,1.357165299999906,kriging_results\s099_tx72\map99_tx72_ratio0_0050.png
s099_tx72,99,72,0.01,564,0.002838772980863575,2.4669100228212626,0.6562598427671676,1.9064765000002808,kriging_results\s099_tx72\map99_tx72_ratio0_0100.png
s099_tx72,99,72,0.02,1127,0.0020840785840716344,2.1137081249004956,0.5046779640833785,2.900231900000108,kriging_results\s099_tx72\map99_tx72_ratio0_0200.png
s099_tx73,99,73,0.005,282,0.0037557868742353617,3.0210486639125755,0.9321039691892936,1.2809502999998585,kriging_results\s099_tx73\map99_tx73_ratio0_0050.png
s099_tx73,99,73,0.01,564,0.002759826055330999,2.5896919142613575,0.5934599536064737,1.936729899999591,kriging_results\s099_tx73\map99_tx73_ratio0_0100.png
s099_tx73,99,73,0.02,1127,0.0022339443870608914,2.3299329756850073,0.5180984301681066,2.8537766999997984,kriging_results\s099_tx73\map99_tx73_ratio0_0200.png
s099_tx77,99,77,0.005,282,0.003527148524968853,2.922004984503087,0.9383918237284742,1.2634539000000586,kriging_results\s099_tx77\map99_tx77_ratio0_0050.png
s099_tx77,99,77,0.01,564,0.0027148651554296803,2.5635582369918044,0.6380547148946022,1.962300199999845,kriging_results\s099_tx77\map99_tx77_ratio0_0100.png
s099_tx77,99,77,0.02,1127,0.0018227975706558229,2.10057545134341,0.4843013008564009,2.996157900000071,kriging_results\s099_tx77\map99_tx77_ratio0_0200.png
s099_tx78,99,78,0.005,282,0.004500980586361357,3.1100032652390768,1.0409747337704716,1.3650047000000995,kriging_results\s099_tx78\map99_tx78_ratio0_0050.png
s099_tx78,99,78,0.01,564,0.0032228973692977705,2.63166439896984,0.6974705002453807,1.886296499999844,kriging_results\s099_tx78\map99_tx78_ratio0_0100.png
s099_tx78,99,78,0.02,1127,0.0025908203932124628,2.3595323220092177,0.5488722957065972,2.8454754999993384,kriging_results\s099_tx78\map99_tx78_ratio0_0200.png
s103_tx00,103,0,0.005,273,0.006652243129012036,3.7504025785774338,1.338106327418542,1.1766410000000178,kriging_results\s103_tx00\map103_tx0_ratio0_0050.png
s103_tx00,103,0,0.01,546,0.00491163798090238,3.2226044735244135,0.9298975408585002,1.836893799999416,kriging_results\s103_tx00\map103_tx0_ratio0_0100.png
s103_tx00,103,0,0.02,1092,0.004283324287170351,3.009430498508901,0.8075663672203741,2.7073233000000982,kriging_results\s103_tx00\map103_tx0_ratio0_0200.png
s103_tx05,103,5,0.005,273,0.005608375096559873,3.255652785259289,1.3123388767198754,1.201706799999556,kriging_results\s103_tx05\map103_tx5_ratio0_0050.png
s103_tx05,103,5,0.01,546,0.004459490234463052,2.9031011768034216,0.9314302837738375,1.6901545000000624,kriging_results\s103_tx05\map103_tx5_ratio0_0100.png
s103_tx05,103,5,0.02,1092,0.0038376682927490488,2.6931049659003437,0.7662036654996579,2.6922597000002497,kriging_results\s103_tx05\map103_tx5_ratio0_0200.png
s103_tx21,103,21,0.005,273,0.014087257622807738,4.250466106023096,1.634905343345313,1.2006916000000274,kriging_results\s103_tx21\map103_tx21_ratio0_0050.png
s103_tx21,103,21,0.01,546,0.010721516141044872,3.708099918425484,1.1461737870099924,1.7713936999998623,kriging_results\s103_tx21\map103_tx21_ratio0_0100.png
s103_tx21,103,21,0.02,1092,0.011400073606680371,3.8236414376572028,1.0944903266182027,2.642840000000433,kriging_results\s103_tx21\map103_tx21_ratio0_0200.png
s103_tx22,103,22,0.005,273,0.00877711161415295,4.084825437716878,1.4553336032812572,1.1611597999999503,kriging_results\s103_tx22\map103_tx22_ratio0_0050.png
s103_tx22,103,22,0.01,546,0.005572356010922649,3.2547461208121815,1.0219146468541753,1.7723363999994035,kriging_results\s103_tx22\map103_tx22_ratio0_0100.png
s103_tx22,103,22,0.02,1092,0.0052453787811870345,3.1578109307719453,0.8733109630288752,2.7295647999999346,kriging_results\s103_tx22\map103_tx22_ratio0_0200.png
s103_tx28,103,28,0.005,273,0.014873999932836173,4.279207732160403,1.6638267776364861,1.228761200000008,kriging_results\s103_tx28\map103_tx28_ratio0_0050.png
s103_tx28,103,28,0.01,546,0.012271599430717452,3.886870421861931,1.2193458450204169,1.8077838999997766,kriging_results\s103_tx28\map103_tx28_ratio0_0100.png
s103_tx28,103,28,0.02,1092,0.012255745401689515,3.8843588411930066,1.1181414428163035,2.630224200000157,kriging_results\s103_tx28\map103_tx28_ratio0_0200.png
s103_tx29,103,29,0.005,273,0.009370278116491947,4.045540564527256,1.3956981142132647,1.1710147000003417,kriging_results\s103_tx29\map103_tx29_ratio0_0050.png
s103_tx29,103,29,0.01,546,0.006463787461845777,3.3600353870785837,0.9950024578153536,1.7120899999999892,kriging_results\s103_tx29\map103_tx29_ratio0_0100.png
s103_tx29,103,29,0.02,1092,0.00610276764431406,3.2648537810902414,0.9034027862758485,2.6598037000003387,kriging_results\s103_tx29\map103_tx29_ratio0_0200.png
s103_tx32,103,32,0.005,273,0.005432071156320002,3.4253743546246413,1.2119241979867534,1.2328325999997105,kriging_results\s103_tx32\map103_tx32_ratio0_0050.png
s103_tx32,103,32,0.01,546,0.004206819649794785,3.0144095825243338,0.9036373577657785,1.8705477000003157,kriging_results\s103_tx32\map103_tx32_ratio0_0100.png
s103_tx32,103,32,0.02,1092,0.003546925180765257,2.76790593680321,0.7749878101605706,3.0008765999991738,kriging_results\s103_tx32\map103_tx32_ratio0_0200.png
s103_tx37,103,37,0.005,273,0.011408459540334943,4.290951119207989,1.512974374604616,1.2009428000001208,kriging_results\s103_tx37\map103_tx37_ratio0_0050.png
s103_tx37,103,37,0.01,546,0.007717795257888232,3.5292846906448414,0.9928546562729448,1.786955300000045,kriging_results\s103_tx37\map103_tx37_ratio0_0100.png
s103_tx37,103,37,0.02,1092,0.007794203987920432,3.5467121783732423,0.9471325986057976,2.699356400000397,kriging_results\s103_tx37\map103_tx37_ratio0_0200.png
s103_tx38,103,38,0.005,273,0.007672724579980347,3.8114182583713654,1.387721209671511,1.1750478000003568,kriging_results\s103_tx38\map103_tx38_ratio0_0050.png
s103_tx38,103,38,0.01,546,0.004715804068965903,2.9880625298524675,0.9213984564305706,1.727299099999982,kriging_results\s103_tx38\map103_tx38_ratio0_0100.png
s103_tx38,103,38,0.02,1092,0.004183220277572268,2.8142791690584286,0.7888771731523495,3.1572268999998414,kriging_results\s103_tx38\map103_tx38_ratio0_0200.png
s103_tx41,103,41,0.005,273,0.0066492674414679225,3.613581110793216,1.4642162457527537,2.7481926000000385,kriging_results\s103_tx41\map103_tx41_ratio0_0050.png
s103_tx41,103,41,0.01,546,0.005168476090714428,3.1859001964212212,1.011465889767455,5.208142399999815,kriging_results\s103_tx41\map103_tx41_ratio0_0100.png
s103_tx41,103,41,0.02,1092,0.004650555659422367,3.022061763780572,0.8487145206108628,8.652365500000087,kriging_results\s103_tx41\map103_tx41_ratio0_0200.png
s103_tx42,103,42,0.005,273,0.006681240817184855,3.599048273007564,1.4281510602841505,4.246046899999783,kriging_results\s103_tx42\map103_tx42_ratio0_0050.png
s103_tx42,103,42,0.01,546,0.005169565887546705,3.165819511126644,0.9961132889933079,6.261076400000093,kriging_results\s103_tx42\map103_tx42_ratio0_0100.png
s103_tx42,103,42,0.02,1092,0.004466329437184872,2.9426220714846765,0.8059037157802821,8.143571900000097,kriging_results\s103_tx42\map103_tx42_ratio0_0200.png
s103_tx44,103,44,0.005,273,0.006157003885335856,3.5926226170482125,1.4792384623651311,3.584790600000815,kriging_results\s103_tx44\map103_tx44_ratio0_0050.png
s103_tx44,103,44,0.01,546,0.005167324139062989,3.291241357960105,1.0568372723120871,4.150043499999811,kriging_results\s103_tx44\map103_tx44_ratio0_0100.png
s103_tx44,103,44,0.02,1092,0.0045541872949293955,3.0898139643957347,0.876085057563918,6.103686899999957,kriging_results\s103_tx44\map103_tx44_ratio0_0200.png
s103_tx45,103,45,0.005,273,0.00806368888274939,3.9203236555835845,1.4223566123610878,3.991433000000143,kriging_results\s103_tx45\map103_tx45_ratio0_0050.png
s103_tx45,103,45,0.01,546,0.004936207883197043,3.0672682819668853,0.9137376534214843,5.869830300000103,kriging_results\s103_tx45\map103_tx45_ratio0_0100.png
s103_tx45,103,45,0.02,1092,0.004576982631669256,2.953552415687419,0.8277917638130324,7.948872300000403,kriging_results\s103_tx45\map103_tx45_ratio0_0200.png
s103_tx50,103,50,0.005,273,0.01592128823606066,4.747728817366091,1.797637465350235,3.9143936000000394,kriging_results\s103_tx50\map103_tx50_ratio0_0050.png
s103_tx50,103,50,0.01,546,0.011552337758379516,4.044191705024601,1.2200660243623584,5.323239899999862,kriging_results\s103_tx50\map103_tx50_ratio0_0100.png
s103_tx50,103,50,0.02,1092,0.010824854392635478,3.914784256239394,1.0857856738607754,7.812253000000055,kriging_results\s103_tx50\map103_tx50_ratio0_0200.png
s103_tx51,103,51,0.005,273,0.0138884555611356,4.430206534775103,1.7754141607421696,1.584071500000391,kriging_results\s103_tx51\map103_tx51_ratio0_0050.png
s103_tx51,103,51,0.01,546,0.010270266119643604,3.809674278427089,1.1880148402367188,1.7122713000007934,kriging_results\s103_tx51\map103_tx51_ratio0_0100.png
s103_tx51,103,51,0.02,1092,0.010581019380346343,3.8668805655440353,1.092903923837652,2.7162631999999576,kriging_results\s103_tx51\map103_tx51_ratio0_0200.png
s103_tx58,103,58,0.005,273,0.014486424491143185,4.264783259281293,1.6700358339879084,1.2256804999997257,kriging_results\s103_tx58\map103_tx58_ratio0_0050.png
s103_tx58,103,58,0.01,546,0.011865760425047089,3.859794229950006,1.257726874809688,1.7715813000004346,kriging_results\s103_tx58\map103_tx58_ratio0_0100.png
s103_tx58,103,58,0.02,1092,0.011445937042092288,3.7908975256773707,1.071840242192107,2.6564280000002327,kriging_results\s103_tx58\map103_tx58_ratio0_0200.png
s103_tx65,103,65,0.005,273,0.014987325931718008,4.475163362157901,1.8878095669635893,1.1930872000002637,kriging_results\s103_tx65\map103_tx65_ratio0_0050.png
s103_tx65,103,65,0.01,546,0.010817043565029183,3.8019036783489333,1.3084353572841616,1.7437218000004577,kriging_results\s103_tx65\map103_tx65_ratio0_0100.png
s103_tx65,103,65,0.02,1092,0.011059237086889634,3.8442304232271516,1.1994918869366584,2.6695616999995764,kriging_results\s103_tx65\map103_tx65_ratio0_0200.png
s103_tx68,103,68,0.005,273,0.006987095695536763,3.6826470730078387,1.4892180879332049,1.256205399999999,kriging_results\s103_tx68\map103_tx68_ratio0_0050.png
s103_tx68,103,68,0.01,546,0.005090472658649965,3.1433360329623983,0.9830060030259393,1.777364800000214,kriging_results\s103_tx68\map103_tx68_ratio0_0100.png
s103_tx68,103,68,0.02,1092,0.0045397970864204905,2.9684515839136743,0.8374456277225135,2.645564100000229,kriging_results\s103_tx68\map103_tx68_ratio0_0200.png
s103_tx73,103,73,0.005,273,0.006617710633681938,3.619617387271969,1.5202225076679434,1.2524926000005507,kriging_results\s103_tx73\map103_tx73_ratio0_0050.png
s103_tx73,103,73,0.01,546,0.00509328088080922,3.1754669184596365,1.0537676263403695,1.7140571999998429,kriging_results\s103_tx73\map103_tx73_ratio0_0100.png
s103_tx73,103,73,0.02,1092,0.004379975422508672,2.944724162511727,0.8490445684838493,2.642990899999859,kriging_results\s103_tx73\map103_tx73_ratio0_0200.png
s103_tx76,103,76,0.005,273,0.006261993564027837,3.6498932131012323,1.2214369071253908,1.2054837000005136,kriging_results\s103_tx76\map103_tx76_ratio0_0050.png
s103_tx76,103,76,0.01,546,0.0036853619968644155,2.800038046117917,0.8219606218358104,1.780900599999768,kriging_results\s103_tx76\map103_tx76_ratio0_0100.png
s103_tx76,103,76,0.02,1092,0.0032427103574599546,2.6265031820852354,0.7145236989610348,2.7093275000006543,kriging_results\s103_tx76\map103_tx76_ratio0_0200.png
s106_tx02,106,2,0.005,220,0.018766216287090423,5.620826133018491,2.670747082739528,0.8529798999998093,kriging_results\s106_tx02\map106_tx2_ratio0_0050.png
s106_tx02,106,2,0.01,439,0.02092051867104829,5.934689717551149,2.3043634816071075,1.1889110000001892,kriging_results\s106_tx02\map106_tx2_ratio0_0100.png
s106_tx02,106,2,0.02,877,0.014344859807734407,4.914280511330661,1.542033883659682,1.7780767000003834,kriging_results\s106_tx02\map106_tx2_ratio0_0200.png
s106_tx06,106,6,0.005,220,0.020907674796854386,5.574867135198527,2.5801785822046295,0.8448800000005576,kriging_results\s106_tx06\map106_tx6_ratio0_0050.png
s106_tx06,106,6,0.01,439,0.018409267427597253,5.231182847414823,2.0874365751645687,1.2017667000000074,kriging_results\s106_tx06\map106_tx6_ratio0_0100.png
s106_tx06,106,6,0.02,877,0.01457526838061139,4.654681050872243,1.5035612835366845,1.8034850000003644,kriging_results\s106_tx06\map106_tx6_ratio0_0200.png
s106_tx09,106,9,0.005,220,0.022568933570561032,5.225957033376829,2.5047570615942263,0.8025943999991796,kriging_results\s106_tx09\map106_tx9_ratio0_0050.png
s106_tx09,106,9,0.01,439,0.021576365956703467,5.109747751542324,2.019351574669437,1.2441251000000193,kriging_results\s106_tx09\map106_tx9_ratio0_0100.png
s106_tx09,106,9,0.02,877,0.01536172188607973,4.311518503927576,1.4020560582116242,1.8468425000000934,kriging_results\s106_tx09\map106_tx9_ratio0_0200.png
s106_tx12,106,12,0.005,220,0.025332240710266418,5.887708986621878,2.6663180034816287,0.9072298000000956,kriging_results\s106_tx12\map106_tx12_ratio0_0050.png
s106_tx12,106,12,0.01,439,0.02264024413550911,5.5660881610342505,2.11978158203487,1.2679403000001912,kriging_results\s106_tx12\map106_tx12_ratio0_0100.png
s106_tx12,106,12,0.02,877,0.016228046780190845,4.712405440413057,1.4811389162941018,1.8522892000000866,kriging_results\s106_tx12\map106_tx12_ratio0_0200.png
s106_tx13,106,13,0.005,220,0.02672470168443228,5.494923212548142,2.526175181912196,0.8305607000002055,kriging_results\s106_tx13\map106_tx13_ratio0_0050.png
s106_tx13,106,13,0.01,439,0.023073583203065965,5.1057872174435746,1.9593510671802485,1.1818947000001572,kriging_results\s106_tx13\map106_tx13_ratio0_0100.png
s106_tx13,106,13,0.02,877,0.015461791965682455,4.1796036309704485,1.3171793764831676,1.8421778000001723,kriging_results\s106_tx13\map106_tx13_ratio0_0200.png
s106_tx16,106,16,0.005,220,0.0224582775807073,5.800585765348992,2.962695887902722,0.8910660999999891,kriging_results\s106_tx16\map106_tx16_ratio0_0050.png
s106_tx16,106,16,0.01,439,0.019996710773158056,5.473472146770746,2.322000253128464,1.2201286999998047,kriging_results\s106_tx16\map106_tx16_ratio0_0100.png
s106_tx16,106,16,0.02,877,0.014824018003465287,4.712665266110427,1.6150384667336608,1.852338100000452,kriging_results\s106_tx16\map106_tx16_ratio0_0200.png
s106_tx24,106,24,0.005,220,0.0313678424264644,5.24390443582207,2.355255636391651,0.8764387999999599,kriging_results\s106_tx24\map106_tx24_ratio0_0050.png
s106_tx24,106,24,0.01,439,0.025797190582084573,4.755526955346399,1.7692488299518079,1.243925699999636,kriging_results\s106_tx24\map106_tx24_ratio0_0100.png
s106_tx24,106,24,0.02,877,0.015679481619820464,3.7074755157339236,1.1370881665537536,1.875088499999947,kriging_results\s106_tx24\map106_tx24_ratio0_0200.png
s106_tx25,106,25,0.005,220,0.018788120888154795,5.602825169423675,2.704424141167751,0.864966899999672,kriging_results\s106_tx25\map106_tx25_ratio0_0050.png
s106_tx25,106,25,0.01,439,0.02091227737604662,5.911069445661571,2.273111845381763,1.267140300000392,kriging_results\s106_tx25\map106_tx25_ratio0_0100.png
s106_tx25,106,25,0.02,877,0.01446576389097983,4.916274037585896,1.5526636779165546,1.8690174000003026,kriging_results\s106_tx25\map106_tx25_ratio0_0200.png
s106_tx28,106,28,0.005,220,0.020152673657788337,5.613832915804644,2.715360688602991,0.8815434999996796,kriging_results\s106_tx28\map106_tx28_ratio0_0050.png
s106_tx28,106,28,0.01,439,0.019315888383360413,5.496047668170184,2.252206230315866,1.237468500000432,kriging_results\s106_tx28\map106_tx28_ratio0_0100.png
s106_tx28,106,28,0.02,877,0.014684611442671079,4.7920834549731754,1.5229060158566927,1.9186548999996376,kriging_results\s106_tx28\map106_tx28_ratio0_0200.png
s106_tx30,106,30,0.005,220,0.020920978107691772,5.328005174353276,2.5478408872652887,0.8687772000002951,kriging_results\s106_tx30\map106_tx30_ratio0_0050.png
s106_tx30,106,30,0.01,439,0.021703285713530817,5.426707094197976,2.145730654521884,1.2777990000004138,kriging_results\s106_tx30\map106_tx30_ratio0_0100.png
s106_tx30,106,30,0.02,877,0.015150653257816997,4.534081421479984,1.4868213975988391,1.9335860000001048,kriging_results\s106_tx30\map106_tx30_ratio0_0200.png
s106_tx31,106,31,0.005,220,0.024113698075751613,6.249960187678914,2.7454562876751285,0.8517993000004935,kriging_results\s106_tx31\map106_tx31_ratio0_0050.png
s106_tx31,106,31,0.01,439,0.021909286300343233,5.957437009367575,2.069998722243937,1.3751015999996525,kriging_results\s106_tx31\map106_tx31_ratio0_0100.png
s106_tx31,106,31,0.02,877,0.014481576644918854,4.843432635004781,1.4487812610067963,2.170528099999501,kriging_results\s106_tx31\map106_tx31_ratio0_0200.png
s106_tx41,106,41,0.005,220,0.021776504061961362,5.762138598434906,2.6917328740656545,0.9346913999997923,kriging_results\s106_tx41\map106_tx41_ratio0_0050.png
s106_tx41,106,41,0.01,439,0.019703039504204566,5.480955020159987,2.242765674610645,1.3729235999999219,kriging_results\s106_tx41\map106_tx41_ratio0_0100.png
s106_tx41,106,41,0.02,877,0.015267870749060816,4.824794896572889,1.596614189056574,2.3033682000004774,kriging_results\s106_tx41\map106_tx41_ratio0_0200.png
s106_tx46,106,46,0.005,220,0.021561603704394132,6.053767371840791,2.723933304127149,0.9503003999998327,kriging_results\s106_tx46\map106_tx46_ratio0_0050.png
s106_tx46,106,46,0.01,439,0.021448274457668174,6.037836893145759,2.3222170066028522,1.3524231000001237,kriging_results\s106_tx46\map106_tx46_ratio0_0100.png
s106_tx46,106,46,0.02,877,0.014851358030020998,5.024215753558707,1.5089581022787981,2.1264147000001685,kriging_results\s106_tx46\map106_tx46_ratio0_0200.png
s106_tx53,106,53,0.005,220,0.0226707882259428,5.042494667436706,2.4511491779211214,0.9179816000005303,kriging_results\s106_tx53\map106_tx53_ratio0_0050.png
s106_tx53,106,53,0.01,439,0.018559259841221937,4.562390528926129,1.8107052814896571,1.384752699999808,kriging_results\s106_tx53\map106_tx53_ratio0_0100.png
s106_tx53,106,53,0.02,877,0.013435797296319505,3.881895656487304,1.256248391448289,2.1792599000000337,kriging_results\s106_tx53\map106_tx53_ratio0_0200.png
s106_tx58,106,58,0.005,220,0.018860104011943952,5.6450171932689015,2.78185038122223,0.983462199999849,kriging_results\s106_tx58\map106_tx58_ratio0_0050.png
s106_tx58,106,58,0.01,439,0.02140919803121843,6.01441543393171,2.4582488051186377,1.4345562999997128,kriging_results\s106_tx58\map106_tx58_ratio0_0100.png
s106_tx58,106,58,0.02,877,0.014840290789667547,5.007424731676486,1.633424660095375,2.219036899999992,kriging_results\s106_tx58\map106_tx58_ratio0_0200.png
s106_tx60,106,60,0.005,220,0.021376737728760354,5.363313317541852,2.5346421539491133,0.9344717000003584,kriging_results\s106_tx60\map106_tx60_ratio0_0050.png
s106_tx60,106,60,0.01,439,0.0181542157690047,4.942551492796695,1.9152629757873876,1.4070628999998007,kriging_results\s106_tx60\map106_tx60_ratio0_0100.png
s106_tx60,106,60,0.02,877,0.014108484295201371,4.357151245779106,1.3891163307869598,2.1845266999998785,kriging_results\s106_tx60\map106_tx60_ratio0_0200.png
s106_tx65,106,65,0.005,220,0.017872967731910105,5.187044819465408,2.4243243562409664,0.9454353999999512,kriging_results\s106_tx65\map106_tx65_ratio0_0050.png
s106_tx65,106,65,0.01,439,0.02140816960769993,5.676902354704254,2.2614476526451175,1.4155307000000903,kriging_results\s106_tx65\map106_tx65_ratio0_0100.png
s106_tx65,106,65,0.02,877,0.01373902595432415,4.547781914548846,1.4470586954915048,2.2017713999994157,kriging_results\s106_tx65\map106_tx65_ratio0_0200.png
s106_tx67,106,67,0.005,220,0.020476685921621454,5.9832848763858575,2.9277222083478884,0.9657818000005136,kriging_results\s106_tx67\map106_tx67_ratio0_0050.png
s106_tx67,106,67,0.01,439,0.019541296229646964,5.845027194000175,2.323297663736849,1.3903238000002602,kriging_results\s106_tx67\map106_tx67_ratio0_0100.png
s106_tx67,106,67,0.02,877,0.014542448847426852,5.042299327449231,1.6040809733165742,2.1471996000000217,kriging_results\s106_tx67\map106_tx67_ratio0_0200.png
s106_tx73,106,73,0.005,220,0.020975222152876668,6.103120584355024,2.962149632652877,0.9145134000000326,kriging_results\s106_tx73\map106_tx73_ratio0_0050.png
s106_tx73,106,73,0.01,439,0.01980029350447372,5.929723990775313,2.3140171363006448,1.3483797999997478,kriging_results\s106_tx73\map106_tx73_ratio0_0100.png
s106_tx73,106,73,0.02,877,0.014587959865428386,5.089744071587136,1.620624385157999,2.0946637000006376,kriging_results\s106_tx73\map106_tx73_ratio0_0200.png
s106_tx78,106,78,0.005,220,0.024649198447553342,5.942307593508757,2.7561457967600447,0.8979123999997682,kriging_results\s106_tx78\map106_tx78_ratio0_0050.png
s106_tx78,106,78,0.01,439,0.020880426711294874,5.469195043375655,2.123682608157889,1.3976916000001438,kriging_results\s106_tx78\map106_tx78_ratio0_0100.png
s106_tx78,106,78,0.02,877,0.015309511562540436,4.683110323926572,1.4390784365320146,2.169380100000126,kriging_results\s106_tx78\map106_tx78_ratio0_0200.png
s109_tx00,109,0,0.005,259,0.015667290500558057,4.768169639234933,2.0582757074470153,1.1727376999997432,kriging_results\s109_tx00\map109_tx0_ratio0_0050.png
s109_tx00,109,0,0.01,517,0.011306283179077484,4.050556343274011,1.5343252689726847,1.8422098999999434,kriging_results\s109_tx00\map109_tx0_ratio0_0100.png
s109_tx00,109,0,0.02,1033,0.008653472637074637,3.543643009051931,1.1124893223349066,2.839168699999391,kriging_results\s109_tx00\map109_tx0_ratio0_0200.png
s109_tx06,109,6,0.005,259,0.015372854382128633,4.546554852483721,2.1888479661897198,1.2426611999999295,kriging_results\s109_tx06\map109_tx6_ratio0_0050.png
s109_tx06,109,6,0.01,517,0.012346533300273427,4.074531598650438,1.6309870599333554,1.7516218000000663,kriging_results\s109_tx06\map109_tx6_ratio0_0100.png
s109_tx06,109,6,0.02,1033,0.009438915629203747,3.562593131318695,1.198029549158059,2.8008260000005976,kriging_results\s109_tx06\map109_tx6_ratio0_0200.png
s109_tx07,109,7,0.005,259,0.014611655731709753,4.508048054492336,2.069132737194306,1.1595016999999643,kriging_results\s109_tx07\map109_tx7_ratio0_0050.png
s109_tx07,109,7,0.01,517,0.012007576186875826,4.086641079763339,1.520957491513853,1.7249771000006149,kriging_results\s109_tx07\map109_tx7_ratio0_0100.png
s109_tx07,109,7,0.02,1033,0.00906556049946258,3.5508812175478686,1.1268231464607044,3.018275999999787,kriging_results\s109_tx07\map109_tx7_ratio0_0200.png
s109_tx12,109,12,0.005,259,0.014140019015099004,4.467813082624682,2.1954438840785113,1.1975175999996281,kriging_results\s109_tx12\map109_tx12_ratio0_0050.png
s109_tx12,109,12,0.01,517,0.01114782637262964,3.9670264644165654,1.6128898896334671,1.7427685000002384,kriging_results\s109_tx12\map109_tx12_ratio0_0100.png
s109_tx12,109,12,0.02,1033,0.008113610220969843,3.384363995174487,1.1844078129867965,2.8150181000000885,kriging_results\s109_tx12\map109_tx12_ratio0_0200.png
s109_tx17,109,17,0.005,259,0.01901233574781338,4.597595806171897,2.0434125323099064,1.1520878999999695,kriging_results\s109_tx17\map109_tx17_ratio0_0050.png
s109_tx17,109,17,0.01,517,0.012043802782317486,3.6592733843318146,1.4385371165339114,1.7452423000004273,kriging_results\s109_tx17\map109_tx17_ratio0_0100.png
s109_tx17,109,17,0.02,1033,0.009518463020769788,3.2530928444536267,1.0627249885277739,2.9230852000000596,kriging_results\s109_tx17\map109_tx17_ratio0_0200.png
s109_tx21,109,21,0.005,259,0.015086864374898423,4.405673789432631,2.0848321450691234,1.2202151999999842,kriging_results\s109_tx21\map109_tx21_ratio0_0050.png
s109_tx21,109,21,0.01,517,0.012231948708475012,3.9669859887403396,1.530595362278785,1.761867600000187,kriging_results\s109_tx21\map109_tx21_ratio0_0100.png
s109_tx21,109,21,0.02,1033,0.00942556880423283,3.4823035727960034,1.1156266139763074,3.0071296999994956,kriging_results\s109_tx21\map109_tx21_ratio0_0200.png
s109_tx22,109,22,0.005,259,0.014642888959299988,4.650024142804422,2.201382670418781,1.1854135000003225,kriging_results\s109_tx22\map109_tx22_ratio0_0050.png
s109_tx22,109,22,0.01,517,0.01155348714920068,4.130459512829552,1.5834717138802854,1.810324899999614,kriging_results\s109_tx22\map109_tx22_ratio0_0100.png
s109_tx22,109,22,0.02,1033,0.008506935156513917,3.544283004955679,1.1907153201982412,2.9166466999995464,kriging_results\s109_tx22\map109_tx22_ratio0_0200.png
s109_tx29,109,29,0.005,259,0.01857406058252364,4.319108691281479,2.2356627666436744,1.2102194999997664,kriging_results\s109_tx29\map109_tx29_ratio0_0050.png
s109_tx29,109,29,0.01,517,0.013946394624092993,3.7425850589980763,1.5750784092286367,1.7794702000001053,kriging_results\s109_tx29\map109_tx29_ratio0_0100.png
s109_tx29,109,29,0.02,1033,0.011200595003439284,3.35398609722868,1.1480552468242238,3.0625496000002386,kriging_results\s109_tx29\map109_tx29_ratio0_0200.png
s109_tx34,109,34,0.005,259,0.017083434650018117,4.421945121946715,2.2026274800485304,1.206833000000188,kriging_results\s109_tx34\map109_tx34_ratio0_0050.png
s109_tx34,109,34,0.01,517,0.013023535859876161,3.8609147173757887,1.5241035592049905,1.8659420999993017,kriging_results\s109_tx34\map109_tx34_ratio0_0100.png
s109_tx34,109,34,0.02,1033,0.01053529011179465,3.472553987443743,1.138606360352442,2.853329699999449,kriging_results\s109_tx34\map109_tx34_ratio0_0200.png
s109_tx37,109,37,0.005,259,0.013829817124111188,4.207356202950597,1.9099215555383133,1.173695299999963,kriging_results\s109_tx37\map109_tx37_ratio0_0050.png
s109_tx37,109,37,0.01,517,0.010460977024525133,3.659208676427815,1.3329959384125012,1.8094208999991679,kriging_results\s109_tx37\map109_tx37_ratio0_0100.png
s109_tx37,109,37,0.02,1033,0.008992784985677982,3.3927210633618152,1.045758780363288,3.049048199999561,kriging_results\s109_tx37\map109_tx37_ratio0_0200.png
s109_tx38,109,38,0.005,259,0.01775418755545147,4.509268905445203,1.9608773025226622,1.2426346000002013,kriging_results\s109_tx38\map109_tx38_ratio0_0050.png
s109_tx38,109,38,0.01,517,0.011458065819318537,3.622524955550884,1.422792465279706,1.811880100000053,kriging_results\s109_tx38\map109_tx38_ratio0_0100.png
s109_tx38,109,38,0.02,1033,0.009184063550061036,3.2431957772165805,1.0521182660758033,2.8390673000003517,kriging_results\s109_tx38\map109_tx38_ratio0_0200.png
s109_tx47,109,47,0.005,259,0.013544604552338909,4.560186488611478,2.1464260929983614,1.2145029000002978,kriging_results\s109_tx47\map109_tx47_ratio0_0050.png
s109_tx47,109,47,0.01,517,0.010808698501423006,4.073672737619338,1.581109072794883,1.752749700000095,kriging_results\s109_tx47\map109_tx47_ratio0_0100.png
s109_tx47,109,47,0.02,1033,0.008220166348804457,3.552546263887445,1.1866240389102525,3.0362032000002728,kriging_results\s109_tx47\map109_tx47_ratio0_0200.png
s109_tx52,109,52,0.005,259,0.01764503431492588,4.478090638701191,2.124414112237647,1.2329091000001426,kriging_results\s109_tx52\map109_tx52_ratio0_0050.png
s109_tx52,109,52,0.01,517,0.014570178508323013,4.069247059156432,1.5643352778068,1.8286974000002374,kriging_results\s109_tx52\map109_tx52_ratio0_0100.png
s109_tx52,109,52,0.02,1033,0.01135765110092942,3.5927407782248317,1.141524839150045,2.9937216999996963,kriging_results\s109_tx52\map109_tx52_ratio0_0200.png
s109_tx56,109,56,0.005,259,0.017325944202071057,4.432148519095014,2.2165142131139888,1.231738100000257,kriging_results\s109_tx56\map109_tx56_ratio0_0050.png
s109_tx56,109,56,0.01,517,0.013845469199661661,3.9620475515789395,1.6133077192646377,1.793627099999867,kriging_results\s109_tx56\map109_tx56_ratio0_0100.png
s109_tx56,109,56,0.02,1033,0.011533936880442831,3.6162182161005783,1.1844786155471352,2.7289419999997335,kriging_results\s109_tx56\map109_tx56_ratio0_0200.png
s109_tx57,109,57,0.005,259,0.01911099675905428,4.400881961570663,2.1808188724783797,1.1038278999994873,kriging_results\s109_tx57\map109_tx57_ratio0_0050.png
s109_tx57,109,57,0.01,517,0.014094822064733678,3.779443387510974,1.470008799414314,1.7419395999995686,kriging_results\s109_tx57\map109_tx57_ratio0_0100.png
s109_tx57,109,57,0.02,1033,0.011217055444144216,3.3716110992997677,1.1297483722011779,2.380521499999304,kriging_results\s109_tx57\map109_tx57_ratio0_0200.png
s109_tx65,109,65,0.005,259,0.014072441316241784,4.69501442760887,2.0860481076023327,1.091964100000041,kriging_results\s109_tx65\map109_tx65_ratio0_0050.png
s109_tx65,109,65,0.01,517,0.011349679821013994,4.216421428361492,1.5343561550763358,1.589435500000036,kriging_results\s109_tx65\map109_tx65_ratio0_0100.png
s109_tx65,109,65,0.02,1033,0.008319919241874427,3.610037959511273,1.1345560869122941,2.401872500000536,kriging_results\s109_tx65\map109_tx65_ratio0_0200.png
s109_tx67,109,67,0.005,259,0.01505026509566132,4.3353171003297,2.030892798137399,1.0819540000002235,kriging_results\s109_tx67\map109_tx67_ratio0_0050.png
s109_tx67,109,67,0.01,517,0.01153876183061184,3.79601919127542,1.4579798732706737,1.6882833999998184,kriging_results\s109_tx67\map109_tx67_ratio0_0100.png
s109_tx67,109,67,0.02,1033,0.008335592593714252,3.226391215863132,1.064699554797995,2.509166699999696,kriging_results\s109_tx67\map109_tx67_ratio0_0200.png
s109_tx70,109,70,0.005,259,0.012690650856155013,4.44306360189384,1.8905204065746666,1.1408462999997937,kriging_results\s109_tx70\map109_tx70_ratio0_0050.png
s109_tx70,109,70,0.01,517,0.010130078072802947,3.96960211785788,1.3905458265611326,1.6836397999995825,kriging_results\s109_tx70\map109_tx70_ratio0_0100.png
s109_tx70,109,70,0.02,1033,0.008343653437201807,3.602622100540287,1.0398277404473077,2.803691699999945,kriging_results\s109_tx70\map109_tx70_ratio0_0200.png
s109_tx71,109,71,0.005,259,0.016256367370826214,4.551277884444773,2.121642854215931,1.2092037000002165,kriging_results\s109_tx71\map109_tx71_ratio0_0050.png
s109_tx71,109,71,0.01,517,0.012687988272859397,4.020851026552222,1.5176717035904144,1.8899051999997027,kriging_results\s109_tx71\map109_tx71_ratio0_0100.png
s109_tx71,109,71,0.02,1033,0.01020279174558321,3.6056295383072827,1.1338830904433113,2.980935500000669,kriging_results\s109_tx71\map109_tx71_ratio0_0200.png
s109_tx75,109,75,0.005,259,0.013554219295886811,4.639187456762786,2.0795606730484466,1.1339148999995814,kriging_results\s109_tx75\map109_tx75_ratio0_0050.png
s109_tx75,109,75,0.01,517,0.010732257469351645,4.128100047562991,1.5500740566082254,1.6804192000008698,kriging_results\s109_tx75\map109_tx75_ratio0_0100.png
s109_tx75,109,75,0.02,1033,0.008820318648400438,3.7423706737012576,1.1550598208070133,2.477842999999666,kriging_results\s109_tx75\map109_tx75_ratio0_0200.png
s115_tx00,115,0,0.005,269,0.0100263047496462,4.2604192874921365,1.9086339661737082,1.2245136000001366,kriging_results\s115_tx00\map115_tx0_ratio0_0050.png
s115_tx00,115,0,0.01,538,0.008900948388899274,4.014209501511708,1.5554441433784076,1.7998416000000361,kriging_results\s115_tx00\map115_tx0_ratio0_0100.png
s115_tx00,115,0,0.02,1075,0.005927509395497843,3.275804836452637,1.0445269525421552,3.0538195999997697,kriging_results\s115_tx00\map115_tx0_ratio0_0200.png
s115_tx06,115,6,0.005,269,0.013047199301579299,4.3201298951049685,2.127759422190663,1.2575083000001541,kriging_results\s115_tx06\map115_tx6_ratio0_0050.png
s115_tx06,115,6,0.01,538,0.011252197020765301,4.01196213210149,1.682430201321025,1.9978050999998231,kriging_results\s115_tx06\map115_tx6_ratio0_0100.png
s115_tx06,115,6,0.02,1075,0.007126314869828693,3.1927922190870697,1.1349711108494291,3.0625583999999435,kriging_results\s115_tx06\map115_tx6_ratio0_0200.png
s115_tx07,115,7,0.005,269,0.012292901811723498,4.449862138682596,2.2187588254357826,1.183643899999879,kriging_results\s115_tx07\map115_tx7_ratio0_0050.png
s115_tx07,115,7,0.01,538,0.009401089860386787,3.891423093064244,1.6304796610761907,2.0599113999996916,kriging_results\s115_tx07\map115_tx7_ratio0_0100.png
s115_tx07,115,7,0.02,1075,0.006755353868169486,3.298704408890066,1.1150010414772307,3.1290654000003997,kriging_results\s115_tx07\map115_tx7_ratio0_0200.png
s115_tx09,115,9,0.005,269,0.018721018834819615,5.339111481580298,2.247712764532014,1.2696243999998842,kriging_results\s115_tx09\map115_tx9_ratio0_0050.png
s115_tx09,115,9,0.01,538,0.014102400867865999,4.63394389881365,1.7109762904925365,2.0735443000003215,kriging_results\s115_tx09\map115_tx9_ratio0_0100.png
s115_tx09,115,9,0.02,1075,0.00881544422196345,3.66375437162281,1.0660376779280085,3.3855156999998144,kriging_results\s115_tx09\map115_tx9_ratio0_0200.png
s115_tx13,115,13,0.005,269,0.011351871625367944,4.3403256088207804,1.994858738672551,1.321802000000389,kriging_results\s115_tx13\map115_tx13_ratio0_0050.png
s115_tx13,115,13,0.01,538,0.009596510682898445,3.9906647979265966,1.5872801008100623,2.0935546999999133,kriging_results\s115_tx13\map115_tx13_ratio0_0100.png
s115_tx13,115,13,0.02,1075,0.006313012976172776,3.2367333542733276,1.078406502256386,3.2938130000002275,kriging_results\s115_tx13\map115_tx13_ratio0_0200.png
s115_tx16,115,16,0.005,269,0.01998973462572025,5.044337582958631,2.2483660910988514,1.4089925999996922,kriging_results\s115_tx16\map115_tx16_ratio0_0050.png
s115_tx16,115,16,0.01,538,0.01249388290844387,3.987946669078477,1.5758287906025639,2.076673700000356,kriging_results\s115_tx16\map115_tx16_ratio0_0100.png
s115_tx16,115,16,0.02,1075,0.008538203428200027,3.296733746601841,1.0803729333395242,3.2050626000000193,kriging_results\s115_tx16\map115_tx16_ratio0_0200.png
s115_tx22,115,22,0.005,269,0.016562219431085174,5.096371599894446,2.220884698258278,1.3564626999996108,kriging_results\s115_tx22\map115_tx22_ratio0_0050.png
s115_tx22,115,22,0.01,538,0.01152883393244988,4.252012320833547,1.6068786297985158,2.036682699999801,kriging_results\s115_tx22\map115_tx22_ratio0_0100.png
s115_tx22,115,22,0.02,1075,0.007859064468847677,3.510647700171296,1.102282058717524,3.0493143999992753,kriging_results\s115_tx22\map115_tx22_ratio0_0200.png
s115_tx24,115,24,0.005,269,0.015208009286006347,4.472087002789041,2.085975758129962,1.1537427000002936,kriging_results\s115_tx24\map115_tx24_ratio0_0050.png
s115_tx24,115,24,0.01,538,0.012530484454318017,4.059363920126213,1.6522152731652937,1.7896781999997984,kriging_results\s115_tx24\map115_tx24_ratio0_0100.png
s115_tx24,115,24,0.02,1075,0.008555914517844135,3.354341456305986,1.0830151158047088,3.2299818999999843,kriging_results\s115_tx24\map115_tx24_ratio0_0200.png
s115_tx25,115,25,0.005,269,0.011729897460192422,4.1818531727985935,1.995646292441682,1.314407800000481,kriging_results\s115_tx25\map115_tx25_ratio0_0050.png
s115_tx25,115,25,0.01,538,0.010285055158581326,3.915840456465577,1.566818504337755,1.9293164000000615,kriging_results\s115_tx25\map115_tx25_ratio0_0100.png
s115_tx25,115,25,0.02,1075,0.007388243465495913,3.318885530322585,1.1324630188758291,3.036861799999315,kriging_results\s115_tx25\map115_tx25_ratio0_0200.png
s115_tx29,115,29,0.005,269,0.011256953044169404,4.36066270870328,1.8997874689920238,1.2783366000003298,kriging_results\s115_tx29\map115_tx29_ratio0_0050.png
s115_tx29,115,29,0.01,538,0.009134006774150612,3.928011340721411,1.5331285970788022,1.9736396999996941,kriging_results\s115_tx29\map115_tx29_ratio0_0100.png
s115_tx29,115,29,0.02,1075,0.006015147357361448,3.187610245990954,1.0306485908510856,3.1383349999996426,kriging_results\s115_tx29\map115_tx29_ratio0_0200.png
s115_tx30,115,30,0.005,269,0.014252698911537414,4.424792870935937,2.1072442476131257,1.3007536999994045,kriging_results\s115_tx30\map115_tx30_ratio0_0050.png
s115_tx30,115,30,0.01,538,0.00952737405014339,3.6176870738487295,1.5463266269402325,2.0217603999999483,kriging_results\s115_tx30\map115_tx30_ratio0_0100.png
s115_tx30,115,30,0.02,1075,0.0068742373245420695,3.072958150208768,1.0999564901629255,3.0978204000002734,kriging_results\s115_tx30\map115_tx30_ratio0_0200.png
s115_tx32,115,32,0.005,269,0.012156614176315424,4.297493157412122,2.055060744653801,1.173104699999385,kriging_results\s115_tx32\map115_tx32_ratio0_0050.png
s115_tx32,115,32,0.01,538,0.010656774341591804,4.02366454042244,1.6722766848821775,1.72669439999936,kriging_results\s115_tx32\map115_tx32_ratio0_0100.png
s115_tx32,115,32,0.02,1075,0.007478137518178689,3.3705875259302718,1.1824039740173993,2.6402568000003157,kriging_results\s115_tx32\map115_tx32_ratio0_0200.png
s115_tx36,115,36,0.005,269,0.01812660233821929,5.216313232283722,2.5072463177795283,1.2375447000003987,kriging_results\s115_tx36\map115_tx36_ratio0_0050.png
s115_tx36,115,36,0.01,538,0.012262957432078893,4.290452217959485,1.7950619688378673,1.746748900000057,kriging_results\s115_tx36\map115_tx36_ratio0_0100.png
s115_tx36,115,36,0.02,1075,0.008934445836478478,3.6621764690665293,1.2181483706659246,2.627533300000323,kriging_results\s115_tx36\map115_tx36_ratio0_0200.png
s115_tx39,115,39,0.005,269,0.014617847966923702,4.355399678182402,2.1818510067395933,1.153450700000576,kriging_results\s115_tx39\map115_tx39_ratio0_0050.png
s115_tx39,115,39,0.01,538,0.010928871498867466,3.7659447553430616,1.558921093500826,1.8007824000005712,kriging_results\s115_tx39\map115_tx39_ratio0_0100.png
s115_tx39,115,39,0.02,1075,0.0073066627476311196,3.079256191347869,1.06750787426428,2.7289670000000115,kriging_results\s115_tx39\map115_tx39_ratio0_0200.png
s115_tx45,115,45,0.005,269,0.014148619798603853,4.404577651982144,2.189390203150785,1.1499185000002399,kriging_results\s115_tx45\map115_tx45_ratio0_0050.png
s115_tx45,115,45,0.01,538,0.010191796079536885,3.73828664350947,1.5363001770721398,1.7443350000003193,kriging_results\s115_tx45\map115_tx45_ratio0_0100.png
s115_tx45,115,45,0.02,1075,0.007317575427267286,3.167603704783083,1.1049282770588784,2.6672586999993655,kriging_results\s115_tx45\map115_tx45_ratio0_0200.png
s115_tx48,115,48,0.005,269,0.019909991337371664,5.384354917967075,2.411487796691597,1.175190300000395,kriging_results\s115_tx48\map115_tx48_ratio0_0050.png
s115_tx48,115,48,0.01,538,0.013195390951665463,4.3833815151443085,1.6467231596316079,1.718490600000223,kriging_results\s115_tx48\map115_tx48_ratio0_0100.png
s115_tx48,115,48,0.02,1075,0.008428090365587816,3.503182252101577,1.0828034067077625,2.7368099000004804,kriging_results\s115_tx48\map115_tx48_ratio0_0200.png
s115_tx66,115,66,0.005,269,0.02171233792624431,5.1582012285339145,2.2574561228639807,1.189865500000451,kriging_results\s115_tx66\map115_tx66_ratio0_0050.png
s115_tx66,115,66,0.01,538,0.01255550906178564,3.9224926892580925,1.517068519860596,1.7644670000008773,kriging_results\s115_tx66\map115_tx66_ratio0_0100.png
s115_tx66,115,66,0.02,1075,0.008735608633360606,3.2718362749725216,1.0329731910736515,2.6735707000007096,kriging_results\s115_tx66\map115_tx66_ratio0_0200.png
s115_tx69,115,69,0.005,269,0.012409746528088707,4.131304790431043,1.9824422975640743,1.2006024000002071,kriging_results\s115_tx69\map115_tx69_ratio0_0050.png
s115_tx69,115,69,0.01,538,0.010334300341131053,3.7700431821812432,1.515479385633214,1.6906546000000162,kriging_results\s115_tx69\map115_tx69_ratio0_0100.png
s115_tx69,115,69,0.02,1075,0.007039014241940839,3.111441937932127,1.0497777895614933,2.66184179999982,kriging_results\s115_tx69\map115_tx69_ratio0_0200.png
s115_tx74,115,74,0.005,269,0.014819903280130373,4.189839483524054,1.9846309127941062,1.1791774999992413,kriging_results\s115_tx74\map115_tx74_ratio0_0050.png
s115_tx74,115,74,0.01,538,0.010755226222268576,3.5693116821625974,1.391426397041598,1.7585358000005726,kriging_results\s115_tx74\map115_tx74_ratio0_0100.png
s115_tx74,115,74,0.02,1075,0.007045332024672369,2.888852915767476,0.9639338801798044,2.7914734999994835,kriging_results\s115_tx74\map115_tx74_ratio0_0200.png
s115_tx78,115,78,0.005,269,0.011131886854542125,4.16471508891673,1.9941537942304657,1.2826044000003094,kriging_results\s115_tx78\map115_tx78_ratio0_0050.png
s115_tx78,115,78,0.01,538,0.009712196476370822,3.890089852454474,1.6130285837658196,1.8698761000005106,kriging_results\s115_tx78\map115_tx78_ratio0_0100.png
s115_tx78,115,78,0.02,1075,0.00722833570469065,3.355985387499706,1.1182520926976904,3.169030400000338,kriging_results\s115_tx78\map115_tx78_ratio0_0200.png
s123_tx01,123,1,0.005,243,0.03314526659908369,6.2448918928507835,3.2138937490142845,1.0843205999999554,kriging_results\s123_tx01\map123_tx1_ratio0_0050.png
s123_tx01,123,1,0.01,486,0.024689817653153114,5.3898056483132155,2.232646580589138,1.6288683000002493,kriging_results\s123_tx01\map123_tx1_ratio0_0100.png
s123_tx01,123,1,0.02,971,0.019870208733074518,4.835210379938733,1.685622361764958,2.564843899999687,kriging_results\s123_tx01\map123_tx1_ratio0_0200.png
s123_tx04,123,4,0.005,243,0.025012214860975705,6.064784353348803,3.138837175352564,1.0675572999998622,kriging_results\s123_tx04\map123_tx4_ratio0_0050.png
s123_tx04,123,4,0.01,486,0.01669771284309426,4.955275131949848,2.0385662239554834,1.6168969999998808,kriging_results\s123_tx04\map123_tx4_ratio0_0100.png
s123_tx04,123,4,0.02,971,0.015166845875433096,4.722662608960232,1.7039324280407515,2.641784099999313,kriging_results\s123_tx04\map123_tx4_ratio0_0200.png
s123_tx09,123,9,0.005,243,0.04890719911145046,6.400005036874469,2.9428243778726566,1.0891538000005312,kriging_results\s123_tx09\map123_tx9_ratio0_0050.png
s123_tx09,123,9,0.01,486,0.028594471449092416,4.893673103463986,1.871117432948207,1.7137976000003619,kriging_results\s123_tx09\map123_tx9_ratio0_0100.png
s123_tx09,123,9,0.02,971,0.026001416389987105,4.666512401207288,1.5945717399330779,2.755352600000151,kriging_results\s123_tx09\map123_tx9_ratio0_0200.png
s123_tx10,123,10,0.005,243,0.025579070543773563,5.97186774193208,3.20365587793009,1.099836299999879,kriging_results\s123_tx10\map123_tx10_ratio0_0050.png
s123_tx10,123,10,0.01,486,0.017034658851745165,4.87342753529059,2.1302282320997574,1.6720842000004268,kriging_results\s123_tx10\map123_tx10_ratio0_0100.png
s123_tx10,123,10,0.02,971,0.01520363635023203,4.604065904256832,1.7608964937921041,2.6525324999993245,kriging_results\s123_tx10\map123_tx10_ratio0_0200.png
s123_tx15,123,15,0.005,243,0.03259968197762322,5.8506241174286275,2.928527654438999,1.0123274000006859,kriging_results\s123_tx15\map123_tx15_ratio0_0050.png
s123_tx15,123,15,0.01,486,0.019766349351719226,4.555738083160602,1.819306036937076,1.65752109999994,kriging_results\s123_tx15\map123_tx15_ratio0_0100.png
s123_tx15,123,15,0.02,971,0.016819417422192874,4.202434804507256,1.4695609105776435,2.716158799999903,kriging_results\s123_tx15\map123_tx15_ratio0_0200.png
s123_tx18,123,18,0.005,243,0.023351977298965855,5.846111083015728,3.0288850764460147,1.0667073000004166,kriging_results\s123_tx18\map123_tx18_ratio0_0050.png
s123_tx18,123,18,0.01,486,0.015166857134880906,4.711433124524668,1.925788449872742,1.6516853000002811,kriging_results\s123_tx18\map123_tx18_ratio0_0100.png
s123_tx18,123,18,0.02,971,0.014428877268972686,4.5953807851996284,1.6821852209099242,2.5307746999997107,kriging_results\s123_tx18\map123_tx18_ratio0_0200.png
s123_tx20,123,20,0.005,243,0.03405189629007049,6.38631136229217,3.3685641913571653,1.0427687000001242,kriging_results\s123_tx20\map123_tx20_ratio0_0050.png
s123_tx20,123,20,0.01,486,0.026027512503126553,5.583361832446499,2.267154975786601,1.6048446999993757,kriging_results\s123_tx20\map123_tx20_ratio0_0100.png
s123_tx20,123,20,0.02,971,0.02161977345822694,5.088678437080976,1.8189129564491748,2.5121829999998226,kriging_results\s123_tx20\map123_tx20_ratio0_0200.png
s123_tx28,123,28,0.005,243,0.03378421935885047,5.905349387849332,2.9400438956809665,1.1102043000000776,kriging_results\s123_tx28\map123_tx28_ratio0_0050.png
s123_tx28,123,28,0.01,486,0.020799574841581264,4.633571627265176,1.8343404694656495,1.647158799999488,kriging_results\s123_tx28\map123_tx28_ratio0_0100.png
s123_tx28,123,28,0.02,971,0.01768788383739421,4.272937964829804,1.4725297073488415,2.664142399999946,kriging_results\s123_tx28\map123_tx28_ratio0_0200.png
s123_tx33,123,33,0.005,243,0.024302681307866135,5.941239953369845,3.0213738085791655,1.0475015000001804,kriging_results\s123_tx33\map123_tx33_ratio0_0050.png
s123_tx33,123,33,0.01,486,0.01583516044221127,4.795801890863574,1.9736669564175917,1.6956437999997434,kriging_results\s123_tx33\map123_tx33_ratio0_0100.png
s123_tx33,123,33,0.02,971,0.01410627587567557,4.526433908775543,1.6669131732500229,2.626357299999654,kriging_results\s123_tx33\map123_tx33_ratio0_0200.png
s123_tx34,123,34,0.005,243,0.02337127095639814,5.797499315983757,2.9532771907440605,1.0396652999997968,kriging_results\s123_tx34\map123_tx34_ratio0_0050.png
s123_tx34,123,34,0.01,486,0.015841286257477126,4.7730365331214255,1.9938062759982482,1.6665759999996226,kriging_results\s123_tx34\map123_tx34_ratio0_0100.png
s123_tx34,123,34,0.02,971,0.013755948680044537,4.4477955097832735,1.646455869557794,2.590233199999602,kriging_results\s123_tx34\map123_tx34_ratio0_0200.png
s123_tx36,123,36,0.005,243,0.03311754334672699,6.483724068527246,3.2296157091969575,1.0751513999994131,kriging_results\s123_tx36\map123_tx36_ratio0_0050.png
s123_tx36,123,36,0.01,486,0.023075849142625945,5.412205956768793,2.174827319982185,1.5458012999997663,kriging_results\s123_tx36\map123_tx36_ratio0_0100.png
s123_tx36,123,36,0.02,971,0.01963404032153129,4.992295739893323,1.6950516031532237,2.7338318999991316,kriging_results\s123_tx36\map123_tx36_ratio0_0200.png
s123_tx42,123,42,0.005,243,0.024882876984510183,6.106227290638319,3.1278993913621242,1.0301884999998947,kriging_results\s123_tx42\map123_tx42_ratio0_0050.png
s123_tx42,123,42,0.01,486,0.016049141485371062,4.903978642204582,2.058582343705492,1.6130337000004147,kriging_results\s123_tx42\map123_tx42_ratio0_0100.png
s123_tx42,123,42,0.02,971,0.015018496607430236,4.743904097387521,1.7582917282885584,2.664387699999679,kriging_results\s123_tx42\map123_tx42_ratio0_0200.png
s123_tx43,123,43,0.005,243,0.037714989538270946,6.260670668234111,2.9393742289353084,1.0840709999993123,kriging_results\s123_tx43\map123_tx43_ratio0_0050.png
s123_tx43,123,43,0.01,486,0.018457813487684372,4.379797027607505,1.8572278765254955,1.6932973000002676,kriging_results\s123_tx43\map123_tx43_ratio0_0100.png
s123_tx43,123,43,0.02,971,0.01689752677455481,4.19059249764443,1.5571094636703964,2.6853132000005644,kriging_results\s123_tx43\map123_tx43_ratio0_0200.png
s123_tx52,123,52,0.005,243,0.03037043363695661,6.399569967751375,3.0975650312333536,1.0856065999996645,kriging_results\s123_tx52\map123_tx52_ratio0_0050.png
s123_tx52,123,52,0.01,486,0.023495818096017022,5.62886160642764,2.1702930835091694,1.6832321000001684,kriging_results\s123_tx52\map123_tx52_ratio0_0100.png
s123_tx52,123,52,0.02,971,0.02023424540653346,5.223586580767314,1.772692751022529,2.5799494000002596,kriging_results\s123_tx52\map123_tx52_ratio0_0200.png
s123_tx65,123,65,0.005,243,0.027671603279988147,6.266758783332142,3.104895667978708,1.1382915000003777,kriging_results\s123_tx65\map123_tx65_ratio0_0050.png
s123_tx65,123,65,0.01,486,0.016354767404925554,4.81779147676416,1.9442091328609812,1.654059500000585,kriging_results\s123_tx65\map123_tx65_ratio0_0100.png
s123_tx65,123,65,0.02,971,0.014603866359855036,4.552602573770619,1.6204805535039373,2.7140964999998687,kriging_results\s123_tx65\map123_tx65_ratio0_0200.png
s123_tx66,123,66,0.005,243,0.031308278828594195,6.456876969057976,3.212035962449668,1.1115917000006448,kriging_results\s123_tx66\map123_tx66_ratio0_0050.png
s123_tx66,123,66,0.01,486,0.023355488661536784,5.5768298002613035,2.2863642411345446,1.5775363999991896,kriging_results\s123_tx66\map123_tx66_ratio0_0100.png
s123_tx66,123,66,0.02,971,0.021208191024065345,5.314283559480092,1.883081417730066,2.558300199999394,kriging_results\s123_tx66\map123_tx66_ratio0_0200.png
s123_tx69,123,69,0.005,243,0.024690928864414596,4.9462017360476525,2.559871334508514,1.0657812999997986,kriging_results\s123_tx69\map123_tx69_ratio0_0050.png
s123_tx69,123,69,0.01,486,0.0174543717558067,4.158677288106826,1.7137240534892522,1.6376541999998153,kriging_results\s123_tx69\map123_tx69_ratio0_0100.png
s123_tx69,123,69,0.02,971,0.01527044077786318,3.8898145276012186,1.418431505428577,2.7476706999996168,kriging_results\s123_tx69\map123_tx69_ratio0_0200.png
s123_tx71,123,71,0.005,243,0.02892376381268354,6.156191424693781,3.05675162660043,1.1206850000007762,kriging_results\s123_tx71\map123_tx71_ratio0_0050.png
s123_tx71,123,71,0.01,486,0.022782300356612314,5.463657873670513,2.2249009753467,1.7163468999997349,kriging_results\s123_tx71\map123_tx71_ratio0_0100.png
s123_tx71,123,71,0.02,971,0.019681459147068134,5.078241580755491,1.7660339152730693,2.6004007000001366,kriging_results\s123_tx71\map123_tx71_ratio0_0200.png
s123_tx73,123,73,0.005,243,0.023725769539463815,5.73904518278409,2.9986538666114098,1.0789881000000605,kriging_results\s123_tx73\map123_tx73_ratio0_0050.png
s123_tx73,123,73,0.01,486,0.015547593541254697,4.645806032875177,1.9809238082975325,1.6673484000002645,kriging_results\s123_tx73\map123_tx73_ratio0_0100.png
s123_tx73,123,73,0.02,971,0.01360808068446271,4.346382268157172,1.6616667230142257,2.703452300000208,kriging_results\s123_tx73\map123_tx73_ratio0_0200.png
s123_tx75,123,75,0.005,243,0.030249348037410057,6.137963075976381,3.141882050286632,1.1037339000004067,kriging_results\s123_tx75\map123_tx75_ratio0_0050.png
s123_tx75,123,75,0.01,486,0.02237646126638435,5.279125198408229,2.0556283609569226,1.6270978000002287,kriging_results\s123_tx75\map123_tx75_ratio0_0100.png
s123_tx75,123,75,0.02,971,0.020238175491538758,5.020557449709682,1.7530059014502188,2.612660699999651,kriging_results\s123_tx75\map123_tx75_ratio0_0200.png
s140_tx03,140,3,0.005,231,0.029169130883840374,6.230029052901441,3.1391459250383504,1.0742142999997668,kriging_results\s140_tx03\map140_tx3_ratio0_0050.png
s140_tx03,140,3,0.01,462,0.02772549340348729,6.0739047030216655,2.793772412559215,1.553203399999802,kriging_results\s140_tx03\map140_tx3_ratio0_0100.png
s140_tx03,140,3,0.02,924,0.02253418937705584,5.475821728062654,2.012231446833123,2.4852038999997603,kriging_results\s140_tx03\map140_tx3_ratio0_0200.png
s140_tx04,140,4,0.005,231,0.03389150713642099,5.847470869220516,2.943776216562535,1.0038768000003984,kriging_results\s140_tx04\map140_tx4_ratio0_0050.png
s140_tx04,140,4,0.01,462,0.030949571573401242,5.587917015399657,2.544275170138655,1.461605800000143,kriging_results\s140_tx04\map140_tx4_ratio0_0100.png
s140_tx04,140,4,0.02,924,0.027998175775136306,5.314806909507029,1.9334949647205981,2.3345531000004485,kriging_results\s140_tx04\map140_tx4_ratio0_0200.png
s140_tx05,140,5,0.005,231,0.03485862512116963,5.689982027147481,2.8438307072225366,1.0112867999996524,kriging_results\s140_tx05\map140_tx5_ratio0_0050.png
s140_tx05,140,5,0.01,462,0.0343120716194695,5.6451987580249945,2.525251805522769,1.5337038999996366,kriging_results\s140_tx05\map140_tx5_ratio0_0100.png
s140_tx05,140,5,0.02,924,0.030432054277625763,5.316445961171281,1.9675493452954393,2.363179100000707,kriging_results\s140_tx05\map140_tx5_ratio0_0200.png
s140_tx13,140,13,0.005,231,0.031225393219795488,6.397555726629643,3.3105967515944483,0.9891205999992962,kriging_results\s140_tx13\map140_tx13_ratio0_0050.png
s140_tx13,140,13,0.01,462,0.028520000707991496,6.114133004006755,2.832010352014191,1.5257848000001104,kriging_results\s140_tx13\map140_tx13_ratio0_0100.png
s140_tx13,140,13,0.02,924,0.02158004253050345,5.318464474972027,1.9525498116836872,2.5099217999995744,kriging_results\s140_tx13\map140_tx13_ratio0_0200.png
s140_tx18,140,18,0.005,231,0.0350053609230821,6.285050966294687,3.2101164231688464,1.07111839999925,kriging_results\s140_tx18\map140_tx18_ratio0_0050.png
s140_tx18,140,18,0.01,462,0.032106159263343495,6.019157408021596,2.694883797414025,1.5197030999997878,kriging_results\s140_tx18\map140_tx18_ratio0_0100.png
s140_tx18,140,18,0.02,924,0.025841618740193775,5.400094735299509,2.021259800658828,2.432756399999562,kriging_results\s140_tx18\map140_tx18_ratio0_0200.png
s140_tx31,140,31,0.005,231,0.03976126250460807,6.0386159913829065,3.177675413179936,0.9969741999993857,kriging_results\s140_tx31\map140_tx31_ratio0_0050.png
s140_tx31,140,31,0.01,462,0.035364447062948376,5.694961100490894,2.5575321357588376,1.5212695000000167,kriging_results\s140_tx31\map140_tx31_ratio0_0100.png
s140_tx31,140,31,0.02,924,0.027631067995217244,5.0339182992758875,1.8882395602736388,2.4565160000001924,kriging_results\s140_tx31\map140_tx31_ratio0_0200.png
s140_tx32,140,32,0.005,231,0.034460108544697034,6.551589859046754,3.3177548184980874,0.9869330000001355,kriging_results\s140_tx32\map140_tx32_ratio0_0050.png
s140_tx32,140,32,0.01,462,0.030095753600812954,6.122672010923787,2.7182150235629896,1.5340385999998034,kriging_results\s140_tx32\map140_tx32_ratio0_0100.png
s140_tx32,140,32,0.02,924,0.025747729239107637,5.663147120710431,2.06664833662717,2.303397500000756,kriging_results\s140_tx32\map140_tx32_ratio0_0200.png
s140_tx33,140,33,0.005,231,0.03441718274467301,6.806659099337069,3.58631545444324,1.0088265000003958,kriging_results\s140_tx33\map140_tx33_ratio0_0050.png
s140_tx33,140,33,0.01,462,0.030005011730093727,6.355405121990143,2.988713134158698,1.4864144000002852,kriging_results\s140_tx33\map140_tx33_ratio0_0100.png
s140_tx33,140,33,0.02,924,0.02399134158768502,5.68294694263216,2.1589769093038234,2.3538925000002564,kriging_results\s140_tx33\map140_tx33_ratio0_0200.png
s140_tx36,140,36,0.005,231,0.03107892889304784,6.751037848240058,3.444348204298339,1.0166870000002746,kriging_results\s140_tx36\map140_tx36_ratio0_0050.png
s140_tx36,140,36,0.01,462,0.028995771454937553,6.52085969923643,3.0993659531998623,1.495600100000047,kriging_results\s140_tx36\map140_tx36_ratio0_0100.png
s140_tx36,140,36,0.02,924,0.024041006646722096,5.937639760616198,2.17137132888986,2.382223000000522,kriging_results\s140_tx36\map140_tx36_ratio0_0200.png
s140_tx37,140,37,0.005,231,0.03453751046346586,5.571674033720425,2.8108528120843808,1.0150856000000203,kriging_results\s140_tx37\map140_tx37_ratio0_0050.png
s140_tx37,140,37,0.01,462,0.03416350550611463,5.541424261947953,2.4982363961748555,1.561692899999798,kriging_results\s140_tx37\map140_tx37_ratio0_0100.png
s140_tx37,140,37,0.02,924,0.030567647171163993,5.241688340200254,1.9489380656677298,2.4431893999999375,kriging_results\s140_tx37\map140_tx37_ratio0_0200.png
s140_tx39,140,39,0.005,231,0.03448740029144638,5.984651750553164,2.9456295415979574,1.0677808000000368,kriging_results\s140_tx39\map140_tx39_ratio0_0050.png
s140_tx39,140,39,0.01,462,0.03160407231102235,5.729017929748178,2.6094560728331584,1.5683301999997639,kriging_results\s140_tx39\map140_tx39_ratio0_0100.png
s140_tx39,140,39,0.02,924,0.030181194351238998,5.598566869121642,1.9811158422895991,2.3986887000000934,kriging_results\s140_tx39\map140_tx39_ratio0_0200.png
s140_tx51,140,51,0.005,231,0.035622262290887705,6.122445153017885,3.2771069386118055,1.0087038000001485,kriging_results\s140_tx51\map140_tx51_ratio0_0050.png
s140_tx51,140,51,0.01,462,0.02790937137274479,5.419249978671178,2.636445248461944,1.4416518000007272,kriging_results\s140_tx51\map140_tx51_ratio0_0100.png
s140_tx51,140,51,0.02,924,0.0240921075518509,5.035024077163055,1.9728288284612825,2.257824199999959,kriging_results\s140_tx51\map140_tx51_ratio0_0200.png
s140_tx52,140,52,0.005,231,0.03263941945762998,5.938824122692952,3.0773028344359497,0.9912002999999459,kriging_results\s140_tx52\map140_tx52_ratio0_0050.png
s140_tx52,140,52,0.01,462,0.030219086868666315,5.714390573151148,2.666469257205732,1.3244575999997323,kriging_results\s140_tx52\map140_tx52_ratio0_0100.png
s140_tx52,140,52,0.02,924,0.025811283462676995,5.281217429145709,2.0118441556003583,2.2614495999996507,kriging_results\s140_tx52\map140_tx52_ratio0_0200.png
s140_tx57,140,57,0.005,231,0.03626767886757489,5.81664222675078,2.9503779520300775,1.0023705000003247,kriging_results\s140_tx57\map140_tx57_ratio0_0050.png
s140_tx57,140,57,0.01,462,0.031210466409907336,5.395883991325503,2.4634047991512693,1.6488632000000507,kriging_results\s140_tx57\map140_tx57_ratio0_0100.png
s140_tx57,140,57,0.02,924,0.028750026322285467,5.178829308000398,1.9405967341998454,2.439579099999719,kriging_results\s140_tx57\map140_tx57_ratio0_0200.png
s140_tx62,140,62,0.005,231,0.035150788437994865,6.195713445266364,3.057538515102223,1.0734002999997756,kriging_results\s140_tx62\map140_tx62_ratio0_0050.png
s140_tx62,140,62,0.01,462,0.03321145991102028,6.022374716190424,2.6397190058044635,1.4340253999998822,kriging_results\s140_tx62\map140_tx62_ratio0_0100.png
s140_tx62,140,62,0.02,924,0.027822137598571235,5.512124748043739,2.0006137650302063,2.2748867000000246,kriging_results\s140_tx62\map140_tx62_ratio0_0200.png
s140_tx66,140,66,0.005,231,0.03355964777521998,6.165763757320136,3.2303516169184636,0.9631943000003957,kriging_results\s140_tx66\map140_tx66_ratio0_0050.png
s140_tx66,140,66,0.01,462,0.0313877948673881,5.962914553424662,2.7427569676340164,1.4505828000001202,kriging_results\s140_tx66\map140_tx66_ratio0_0100.png
s140_tx66,140,66,0.02,924,0.025152830150626693,5.337914458703113,1.9599330547315161,2.3829438000002483,kriging_results\s140_tx66\map140_tx66_ratio0_0200.png
s140_tx69,140,69,0.005,231,0.038194397506332335,5.839215303059591,2.9688552831321977,1.0402444000001196,kriging_results\s140_tx69\map140_tx69_ratio0_0050.png
s140_tx69,140,69,0.01,462,0.03093714142601103,5.255266476993594,2.408918238881375,1.5302412000000913,kriging_results\s140_tx69\map140_tx69_ratio0_0100.png
s140_tx69,140,69,0.02,924,0.02634854008071638,4.8499016599188485,1.769775289470524,2.444865899999968,kriging_results\s140_tx69\map140_tx69_ratio0_0200.png
s140_tx73,140,73,0.005,231,0.033578516840671535,6.391988289012979,3.2323842303287362,1.0415668999994523,kriging_results\s140_tx73\map140_tx73_ratio0_0050.png
s140_tx73,140,73,0.01,462,0.03203861780404482,6.2437010587413635,2.7903160004803897,1.5406949999996868,kriging_results\s140_tx73\map140_tx73_ratio0_0100.png
s140_tx73,140,73,0.02,924,0.03022182650323907,6.06408896333342,2.160501026766855,2.4797551000001476,kriging_results\s140_tx73\map140_tx73_ratio0_0200.png
s140_tx75,140,75,0.005,231,0.03256198178617601,5.952083668367453,3.138343627568705,1.045763299999635,kriging_results\s140_tx75\map140_tx75_ratio0_0050.png
s140_tx75,140,75,0.01,462,0.029160404002483167,5.6326190726449665,2.6675415298560092,1.5066922999994858,kriging_results\s140_tx75\map140_tx75_ratio0_0100.png
s140_tx75,140,75,0.02,924,0.02233759333417706,4.929828442408305,1.904077553584316,2.351947099999961,kriging_results\s140_tx75\map140_tx75_ratio0_0200.png
s140_tx76,140,76,0.005,231,0.032478619578693156,6.168370958583377,3.353161476733751,1.0228402000002461,kriging_results\s140_tx76\map140_tx76_ratio0_0050.png
s140_tx76,140,76,0.01,462,0.02892334113226708,5.820977621927238,2.7844625727685464,1.561436699999831,kriging_results\s140_tx76\map140_tx76_ratio0_0100.png
s140_tx76,140,76,0.02,924,0.022186221060864972,5.098158894616032,1.9898226190944404,2.3791307000001325,kriging_results\s140_tx76\map140_tx76_ratio0_0200.png
s163_tx01,163,1,0.005,235,0.04431983936329513,6.559458240097419,3.397608615004895,0.9994977000005747,kriging_results\s163_tx01\map163_tx1_ratio0_0050.png
s163_tx01,163,1,0.01,470,0.035333440077529435,5.856819503367819,2.4971114694095546,1.6178455999997823,kriging_results\s163_tx01\map163_tx1_ratio0_0100.png
s163_tx01,163,1,0.02,940,0.02806622832161897,5.2198846771755,2.012267502246017,2.3651457000005394,kriging_results\s163_tx01\map163_tx1_ratio0_0200.png
s163_tx04,163,4,0.005,235,0.03972451706577032,6.202260487499386,3.1131743586012144,1.0004160999997112,kriging_results\s163_tx04\map163_tx4_ratio0_0050.png
s163_tx04,163,4,0.01,470,0.02850770037482389,5.2541417448106875,2.201704275203714,1.5790882000001147,kriging_results\s163_tx04\map163_tx4_ratio0_0100.png
s163_tx04,163,4,0.02,940,0.02765405573543444,5.174877874749941,1.886347147963547,2.390796799999407,kriging_results\s163_tx04\map163_tx4_ratio0_0200.png
s163_tx07,163,7,0.005,235,0.02997074791435186,6.488769496021281,3.314422439878462,1.0191980000008698,kriging_results\s163_tx07\map163_tx7_ratio0_0050.png
s163_tx07,163,7,0.01,470,0.021824265668646585,5.537112761287336,2.334830566158182,1.5576940000000832,kriging_results\s163_tx07\map163_tx7_ratio0_0100.png
s163_tx07,163,7,0.02,940,0.019913307104237533,5.289142214210607,1.9399509508670552,2.420170500000495,kriging_results\s163_tx07\map163_tx7_ratio0_0200.png
s163_tx08,163,8,0.005,235,0.03256307264360656,6.38529728234595,3.2885764995808247,0.9907358999998905,kriging_results\s163_tx08\map163_tx8_ratio0_0050.png
s163_tx08,163,8,0.01,470,0.025388672420010822,5.63817335112563,2.3876255178429213,1.594894199999544,kriging_results\s163_tx08\map163_tx8_ratio0_0100.png
s163_tx08,163,8,0.02,940,0.023173683492822155,5.386615387227576,2.0481810600000547,2.411068200000045,kriging_results\s163_tx08\map163_tx8_ratio0_0200.png
s163_tx10,163,10,0.005,235,0.042283704073514256,6.86728742533429,3.4105455389062196,1.0965910000004442,kriging_results\s163_tx10\map163_tx10_ratio0_0050.png
s163_tx10,163,10,0.01,470,0.03540165452739334,6.283628432347397,2.58969017243433,1.5385527999997066,kriging_results\s163_tx10\map163_tx10_ratio0_0100.png
s163_tx10,163,10,0.02,940,0.028112958578072375,5.599535354921997,2.065439831182166,2.423663600000509,kriging_results\s163_tx10\map163_tx10_ratio0_0200.png
s163_tx15,163,15,0.005,235,0.030718213274527707,6.275687218115886,3.1591399871791106,0.9961366000006819,kriging_results\s163_tx15\map163_tx15_ratio0_0050.png
s163_tx15,163,15,0.01,470,0.02439508563022033,5.59260938387976,2.4114832457833715,1.5416436999994403,kriging_results\s163_tx15\map163_tx15_ratio0_0100.png
s163_tx15,163,15,0.02,940,0.02164493406545214,5.267947678403913,1.9947955018739303,2.4054242000001977,kriging_results\s163_tx15\map163_tx15_ratio0_0200.png
s163_tx18,163,18,0.005,235,0.02373692716404539,5.702195298351431,3.0213194551348974,1.0777512999993633,kriging_results\s163_tx18\map163_tx18_ratio0_0050.png
s163_tx18,163,18,0.01,470,0.017044209719582565,4.831903732038369,2.170049182667643,1.6016092999998364,kriging_results\s163_tx18\map163_tx18_ratio0_0100.png
s163_tx18,163,18,0.02,940,0.01581820943188787,4.654880159905023,1.809854375538321,2.5089065000001938,kriging_results\s163_tx18\map163_tx18_ratio0_0200.png
s163_tx21,163,21,0.005,235,0.02506839769893699,5.897114626604854,2.9795263728502075,1.109640099999524,kriging_results\s163_tx21\map163_tx21_ratio0_0050.png
s163_tx21,163,21,0.01,470,0.02102763189641547,5.400966271649538,2.2993817996455186,1.6409395999999106,kriging_results\s163_tx21\map163_tx21_ratio0_0100.png
s163_tx21,163,21,0.02,940,0.018327018216663896,5.042224575371306,1.8704522606889893,2.4775712000000567,kriging_results\s163_tx21\map163_tx21_ratio0_0200.png
s163_tx25,163,25,0.005,235,0.02387990015268481,5.489873779131781,2.7038363456604313,0.9912672999998904,kriging_results\s163_tx25\map163_tx25_ratio0_0050.png
s163_tx25,163,25,0.01,470,0.019467119762754403,4.956749342780542,2.0284041122928116,1.599505400000453,kriging_results\s163_tx25\map163_tx25_ratio0_0100.png
s163_tx25,163,25,0.02,940,0.016602966916815363,4.57761177607166,1.63359563557773,2.55770769999981,kriging_results\s163_tx25\map163_tx25_ratio0_0200.png
s163_tx26,163,26,0.005,235,0.03444113601763297,6.44082015353994,3.3122706090398926,1.1048885000000155,kriging_results\s163_tx26\map163_tx26_ratio0_0050.png
s163_tx26,163,26,0.01,470,0.025627929110307732,5.5559611067872225,2.293029121151832,1.5507101000002876,kriging_results\s163_tx26\map163_tx26_ratio0_0100.png
s163_tx26,163,26,0.02,940,0.024359154361925484,5.416684538210714,2.0341189616172017,2.3562448000002405,kriging_results\s163_tx26\map163_tx26_ratio0_0200.png
s163_tx30,163,30,0.005,235,0.036649630130225354,6.298532452556378,3.336872922312317,1.056857399999899,kriging_results\s163_tx30\map163_tx30_ratio0_0050.png
s163_tx30,163,30,0.01,470,0.028218345245928374,5.526756651428436,2.4075435780157775,1.579449800000475,kriging_results\s163_tx30\map163_tx30_ratio0_0100.png
s163_tx30,163,30,0.02,940,0.02614383090182731,5.319725041485832,2.0731493880932708,2.4924473000000944,kriging_results\s163_tx30\map163_tx30_ratio0_0200.png
s163_tx38,163,38,0.005,235,0.027805343022330127,5.931966022380341,3.1609294164199526,1.0755732000006901,kriging_results\s163_tx38\map163_tx38_ratio0_0050.png
s163_tx38,163,38,0.01,470,0.022572754428984664,5.344742727545248,2.2577266706914836,1.6538934999998673,kriging_results\s163_tx38\map163_tx38_ratio0_0100.png
s163_tx38,163,38,0.02,940,0.021161016648927236,5.174909862817921,1.9649099723457777,2.3618428999998287,kriging_results\s163_tx38\map163_tx38_ratio0_0200.png
s163_tx39,163,39,0.005,235,0.02722558020113308,6.1863719958840555,3.208400840936237,1.0371855000003052,kriging_results\s163_tx39\map163_tx39_ratio0_0050.png
s163_tx39,163,39,0.01,470,0.020744902032654812,5.4001166754135355,2.3359383175858803,1.5106371000001673,kriging_results\s163_tx39\map163_tx39_ratio0_0100.png
s163_tx39,163,39,0.02,940,0.019612811203030454,5.250702025299083,2.005910050713235,2.3555824999994,kriging_results\s163_tx39\map163_tx39_ratio0_0200.png
s163_tx54,163,54,0.005,235,0.04112580795313377,6.641751575055185,3.3364378484344517,0.9812226000003648,kriging_results\s163_tx54\map163_tx54_ratio0_0050.png
s163_tx54,163,54,0.01,470,0.036224649286535245,6.233435978441557,2.5521820221940836,1.564311500000258,kriging_results\s163_tx54\map163_tx54_ratio0_0100.png
s163_tx54,163,54,0.02,940,0.02753308061348364,5.43441510504963,2.013276805034286,2.4184639999994033,kriging_results\s163_tx54\map163_tx54_ratio0_0200.png
s163_tx55,163,55,0.005,235,0.03605459028399071,6.524608353966893,3.2606457985730537,1.0458815000001778,kriging_results\s163_tx55\map163_tx55_ratio0_0050.png
s163_tx55,163,55,0.01,470,0.02573835566622527,5.512702533288621,2.2236357357429233,1.556097800000316,kriging_results\s163_tx55\map163_tx55_ratio0_0100.png
s163_tx55,163,55,0.02,940,0.025633691398845453,5.5014825146217055,2.0732055771537055,2.388494000000719,kriging_results\s163_tx55\map163_tx55_ratio0_0200.png
s163_tx61,163,61,0.005,235,0.026831126468517347,5.768289810580698,2.883239790252479,1.013904299999922,kriging_results\s163_tx61\map163_tx61_ratio0_0050.png
s163_tx61,163,61,0.01,470,0.02148186602408066,5.16135367427125,2.196599260687285,1.6366223999993963,kriging_results\s163_tx61\map163_tx61_ratio0_0100.png
s163_tx61,163,61,0.02,940,0.018737800186438038,4.820442631005711,1.8102748867764993,2.494727199999943,kriging_results\s163_tx61\map163_tx61_ratio0_0200.png
s163_tx65,163,65,0.005,235,0.0377929409676086,6.877283129605757,3.5141339332706223,0.9892344999998386,kriging_results\s163_tx65\map163_tx65_ratio0_0050.png
s163_tx65,163,65,0.01,470,0.02730491140568372,5.845638326567435,2.578239423546704,1.5357924999998431,kriging_results\s163_tx65\map163_tx65_ratio0_0100.png
s163_tx65,163,65,0.02,940,0.025325595122785458,5.629779482385554,2.147086561093986,2.548527500000091,kriging_results\s163_tx65\map163_tx65_ratio0_0200.png
s163_tx68,163,68,0.005,235,0.029712569541193255,6.200348098495992,3.3873957627356477,1.0280013999999937,kriging_results\s163_tx68\map163_tx68_ratio0_0050.png
s163_tx68,163,68,0.01,470,0.021727990311503954,5.302195545834643,2.346598353452691,1.6317583999998533,kriging_results\s163_tx68\map163_tx68_ratio0_0100.png
s163_tx68,163,68,0.02,940,0.020630045309716703,5.166495520531301,2.0423216819154377,2.4438831999996182,kriging_results\s163_tx68\map163_tx68_ratio0_0200.png
s163_tx72,163,72,0.005,235,0.036473818123266534,6.463724127710151,3.2728423239419007,0.9911355000003823,kriging_results\s163_tx72\map163_tx72_ratio0_0050.png
s163_tx72,163,72,0.01,470,0.026735262644175056,5.533939677538955,2.3177978936756407,1.630786700000499,kriging_results\s163_tx72\map163_tx72_ratio0_0100.png
s163_tx72,163,72,0.02,940,0.026580529486010758,5.517902280800296,2.0979167139316592,2.5130630000003293,kriging_results\s163_tx72\map163_tx72_ratio0_0200.png
s163_tx77,163,77,0.005,235,0.027660340738975452,5.856922110607545,3.033479914835891,1.0390812000005099,kriging_results\s163_tx77\map163_tx77_ratio0_0050.png
s163_tx77,163,77,0.01,470,0.02241515315567935,5.272438690597423,2.2057079765377297,1.6121713000002273,kriging_results\s163_tx77\map163_tx77_ratio0_0100.png
s163_tx77,163,77,0.02,940,0.020508241258521003,5.043184972811383,1.8540352305366714,2.5049048999999286,kriging_results\s163_tx77\map163_tx77_ratio0_0200.png
s211_tx00,211,0,0.005,246,0.024210515035676755,5.773761178588748,2.7592104999684786,1.1169319000000542,kriging_results\s211_tx00\map211_tx0_ratio0_0050.png
s211_tx00,211,0,0.01,492,0.02031610393545271,5.289042026372355,2.1571055440356006,1.7475807999999233,kriging_results\s211_tx00\map211_tx0_ratio0_0100.png
s211_tx00,211,0,0.02,983,0.015915491281938175,4.681303838537296,1.5759597782981383,2.5551358000002438,kriging_results\s211_tx00\map211_tx0_ratio0_0200.png
s211_tx02,211,2,0.005,246,0.021193787026774106,5.549551925579765,2.715529174618245,1.079350599999998,kriging_results\s211_tx02\map211_tx2_ratio0_0050.png
s211_tx02,211,2,0.01,492,0.017044629946393407,4.976768341911397,2.03575384996292,1.642155300000013,kriging_results\s211_tx02\map211_tx2_ratio0_0100.png
s211_tx02,211,2,0.02,983,0.015432860792596445,4.735620095864933,1.6147052494162104,2.6585046999998667,kriging_results\s211_tx02\map211_tx2_ratio0_0200.png
s211_tx05,211,5,0.005,246,0.023263427600255116,5.217477843649606,2.6245736026870734,1.1073790000000372,kriging_results\s211_tx05\map211_tx5_ratio0_0050.png
s211_tx05,211,5,0.01,492,0.017315416488047932,4.501323551430571,1.9193103493139998,1.7238436999996338,kriging_results\s211_tx05\map211_tx5_ratio0_0100.png
s211_tx05,211,5,0.02,983,0.0150007040498919,4.189667658357882,1.4609500729252347,2.5356029000004128,kriging_results\s211_tx05\map211_tx5_ratio0_0200.png
s211_tx06,211,6,0.005,246,0.024191269705265313,5.658813116610895,2.785015806216182,1.1885125000007974,kriging_results\s211_tx06\map211_tx6_ratio0_0050.png
s211_tx06,211,6,0.01,492,0.01896047942960837,5.009803238455839,2.1584852906329948,1.7357107999996515,kriging_results\s211_tx06\map211_tx6_ratio0_0100.png
s211_tx06,211,6,0.02,983,0.0152573189573819,4.494021286989401,1.5867187016802424,2.6351286999997683,kriging_results\s211_tx06\map211_tx6_ratio0_0200.png
s211_tx09,211,9,0.005,246,0.02119528184466007,5.217794416629453,2.680215756604997,1.058142300000327,kriging_results\s211_tx09\map211_tx9_ratio0_0050.png
s211_tx09,211,9,0.01,492,0.018338378582277617,4.853419428598246,2.1313638738211345,1.7916965000003984,kriging_results\s211_tx09\map211_tx9_ratio0_0100.png
s211_tx09,211,9,0.02,983,0.014923531241623595,4.378276211688451,1.5560676146665449,2.8163033999999243,kriging_results\s211_tx09\map211_tx9_ratio0_0200.png
s211_tx13,211,13,0.005,246,0.029015705061984625,5.368632625794187,2.5129600617346894,1.1140167000003203,kriging_results\s211_tx13\map211_tx13_ratio0_0050.png
s211_tx13,211,13,0.01,492,0.023729782220149744,4.855053225585344,2.066435342222959,1.6713676999997915,kriging_results\s211_tx13\map211_tx13_ratio0_0100.png
s211_tx13,211,13,0.02,983,0.01768027944412121,4.190749260580256,1.4623037896225741,2.5720630999994682,kriging_results\s211_tx13\map211_tx13_ratio0_0200.png
s211_tx17,211,17,0.005,246,0.023776713441250694,5.25800948898316,2.5899453237238563,1.1761922999994567,kriging_results\s211_tx17\map211_tx17_ratio0_0050.png
s211_tx17,211,17,0.01,492,0.019654032996069312,4.780477694829647,1.9531245811251878,1.6311076000001776,kriging_results\s211_tx17\map211_tx17_ratio0_0100.png
s211_tx17,211,17,0.02,983,0.018125912258675606,4.590874152240557,1.5392098561504346,2.611106000000291,kriging_results\s211_tx17\map211_tx17_ratio0_0200.png
s211_tx21,211,21,0.005,246,0.021215221512181692,5.35512634098498,2.5032919278274472,1.1303997000004529,kriging_results\s211_tx21\map211_tx21_ratio0_0050.png
s211_tx21,211,21,0.01,492,0.019095775378551415,5.080595152455979,2.1963175290520134,1.6385291999995388,kriging_results\s211_tx21\map211_tx21_ratio0_0100.png
s211_tx21,211,21,0.02,983,0.01454649065542382,4.434299820288686,1.5335488811431162,2.7439212999997835,kriging_results\s211_tx21\map211_tx21_ratio0_0200.png
s211_tx22,211,22,0.005,246,0.021813396674087708,5.123347162220459,2.5338458781450663,1.176458900000398,kriging_results\s211_tx22\map211_tx22_ratio0_0050.png
s211_tx22,211,22,0.01,492,0.019885344058674932,4.891687347255515,2.0960596404460645,1.7725510000000213,kriging_results\s211_tx22\map211_tx22_ratio0_0100.png
s211_tx22,211,22,0.02,983,0.01636104426813524,4.437083966873819,1.590431003630762,2.5376502999997683,kriging_results\s211_tx22\map211_tx22_ratio0_0200.png
s211_tx26,211,26,0.005,246,0.024569659090296587,5.0697314963134374,2.523466015337878,1.1021412000000055,kriging_results\s211_tx26\map211_tx26_ratio0_0050.png
s211_tx26,211,26,0.01,492,0.020480045967914327,4.628612815778026,1.998040737613934,1.618421500000295,kriging_results\s211_tx26\map211_tx26_ratio0_0100.png
s211_tx26,211,26,0.02,983,0.01787892275706828,4.324700729042042,1.5467238464759427,2.6057067999990977,kriging_results\s211_tx26\map211_tx26_ratio0_0200.png
s211_tx27,211,27,0.005,246,0.023970074090393277,5.802736940692236,2.783389411338198,1.136340499999278,kriging_results\s211_tx27\map211_tx27_ratio0_0050.png
s211_tx27,211,27,0.01,492,0.01753137876761969,4.962565321160963,2.108150073945698,1.7435761000006096,kriging_results\s211_tx27\map211_tx27_ratio0_0100.png
s211_tx27,211,27,0.02,983,0.014778266353438235,4.5562751086151065,1.5609020090603243,2.7650753999996596,kriging_results\s211_tx27\map211_tx27_ratio0_0200.png
s211_tx28,211,28,0.005,246,0.020325760063130142,5.120452102774427,2.377049352321347,1.0946825999999419,kriging_results\s211_tx28\map211_tx28_ratio0_0050.png
s211_tx28,211,28,0.01,492,0.01852204580940216,4.887979652340727,1.9916900889570779,1.6902021999994759,kriging_results\s211_tx28\map211_tx28_ratio0_0100.png
s211_tx28,211,28,0.02,983,0.014266204674211016,4.289820662927874,1.4293819166858743,2.5012134999997215,kriging_results\s211_tx28\map211_tx28_ratio0_0200.png
s211_tx29,211,29,0.005,246,0.02150528096293375,5.3628967692063005,2.7581968847596587,1.1471326000000772,kriging_results\s211_tx29\map211_tx29_ratio0_0050.png
s211_tx29,211,29,0.01,492,0.019359864862015182,5.088362424752608,2.2443291669852767,1.7030964000005042,kriging_results\s211_tx29\map211_tx29_ratio0_0100.png
s211_tx29,211,29,0.02,983,0.015930788468397357,4.615784337410395,1.6728321166718738,2.7948019000004933,kriging_results\s211_tx29\map211_tx29_ratio0_0200.png
s211_tx40,211,40,0.005,246,0.02246595652781265,4.632176772850762,2.2677119317310623,1.1202990000001591,kriging_results\s211_tx40\map211_tx40_ratio0_0050.png
s211_tx40,211,40,0.01,492,0.018604350019679305,4.215313802580958,1.7903352548459217,1.7920094000000972,kriging_results\s211_tx40\map211_tx40_ratio0_0100.png
s211_tx40,211,40,0.02,983,0.014902933972886875,3.772754574999801,1.2965209762065186,2.621161099999881,kriging_results\s211_tx40\map211_tx40_ratio0_0200.png
s211_tx43,211,43,0.005,246,0.025402284726848377,6.000240375006906,2.877163723167899,1.1357031000006828,kriging_results\s211_tx43\map211_tx43_ratio0_0050.png
s211_tx43,211,43,0.01,492,0.018713500772980025,5.150030265065076,2.1790782024607664,1.763347999999496,kriging_results\s211_tx43\map211_tx43_ratio0_0100.png
s211_tx43,211,43,0.02,983,0.015353098767564199,4.664770497569803,1.6306767998056322,2.6426613999992696,kriging_results\s211_tx43\map211_tx43_ratio0_0200.png
s211_tx47,211,47,0.005,246,0.022609881987029984,5.508930823556756,2.6103373414204594,1.1253229000003557,kriging_results\s211_tx47\map211_tx47_ratio0_0050.png
s211_tx47,211,47,0.01,492,0.01733746122051802,4.824040154046291,2.0036226509326514,1.6795541999999841,kriging_results\s211_tx47\map211_tx47_ratio0_0100.png
s211_tx47,211,47,0.02,983,0.014407221523627601,4.3975246368104814,1.5036256854445054,2.6716882000000624,kriging_results\s211_tx47\map211_tx47_ratio0_0200.png
s211_tx48,211,48,0.005,246,0.02290613087062002,5.570686738795151,2.578573017685516,1.1820439999992232,kriging_results\s211_tx48\map211_tx48_ratio0_0050.png
s211_tx48,211,48,0.01,492,0.01802401616420649,4.941498290451058,2.055524326421957,1.7284491999998863,kriging_results\s211_tx48\map211_tx48_ratio0_0100.png
s211_tx48,211,48,0.02,983,0.014886872127510213,4.490912507314751,1.5482324921639337,2.741029300000264,kriging_results\s211_tx48\map211_tx48_ratio0_0200.png
s211_tx54,211,54,0.005,246,0.020262020201003074,5.323890552104497,2.620313546410186,1.1140306000006603,kriging_results\s211_tx54\map211_tx54_ratio0_0050.png
s211_tx54,211,54,0.01,492,0.01619065858394524,4.75904710571195,2.069202193693381,1.5734748000004402,kriging_results\s211_tx54\map211_tx54_ratio0_0100.png
s211_tx54,211,54,0.02,983,0.014401735697381039,4.4884372647205195,1.5876895410079186,2.5489439000002676,kriging_results\s211_tx54\map211_tx54_ratio0_0200.png
s211_tx63,211,63,0.005,246,0.023260931105233012,5.0276520143564944,2.3372400797890642,1.0618904000002658,kriging_results\s211_tx63\map211_tx63_ratio0_0050.png
s211_tx63,211,63,0.01,492,0.018504408127664372,4.484244313375868,1.858630227532798,1.5713235000002896,kriging_results\s211_tx63\map211_tx63_ratio0_0100.png
s211_tx63,211,63,0.02,983,0.017934420543111017,4.414640444804094,1.4922056954184493,2.492890399999851,kriging_results\s211_tx63\map211_tx63_ratio0_0200.png
s211_tx67,211,67,0.005,246,0.024241271793182414,5.84157327358052,2.7107976647965377,1.0970807999992758,kriging_results\s211_tx67\map211_tx67_ratio0_0050.png
s211_tx67,211,67,0.01,492,0.017562812218275353,4.972206525504545,2.0809634069721055,1.5303269000005457,kriging_results\s211_tx67\map211_tx67_ratio0_0100.png
s211_tx67,211,67,0.02,983,0.014773807855043128,4.56035188256318,1.5582675594745057,2.4356219000001147,kriging_results\s211_tx67\map211_tx67_ratio0_0200.png
s213_tx10,213,10,0.005,228,0.046718425520147704,6.459081459735277,3.509921947852744,0.9785842000001139,kriging_results\s213_tx10\map213_tx10_ratio0_0050.png
s213_tx10,213,10,0.01,455,0.03810360033268123,5.833237575456209,2.7185721328785712,1.4641443999998955,kriging_results\s213_tx10\map213_tx10_ratio0_0100.png
s213_tx10,213,10,0.02,909,0.034161199885940505,5.523231142227089,2.333554669874336,2.2620256000000154,kriging_results\s213_tx10\map213_tx10_ratio0_0200.png
s213_tx13,213,13,0.005,228,0.034787973027330735,7.748035915027606,3.909426313007888,0.9289406999996572,kriging_results\s213_tx13\map213_tx13_ratio0_0050.png
s213_tx13,213,13,0.01,455,0.02507513848328634,6.578073702281538,3.1261987266078903,1.3893059000001813,kriging_results\s213_tx13\map213_tx13_ratio0_0100.png
s213_tx13,213,13,0.02,909,0.024607869470206028,6.516495038220156,2.7305486117154194,2.162059799999952,kriging_results\s213_tx13\map213_tx13_ratio0_0200.png
s213_tx16,213,16,0.005,228,0.028498890472983932,6.850867399639345,3.4559265459016606,1.003853700000036,kriging_results\s213_tx16\map213_tx16_ratio0_0050.png
s213_tx16,213,16,0.01,455,0.022854583804936966,6.13505202068808,2.838363746332519,1.52582910000001,kriging_results\s213_tx16\map213_tx16_ratio0_0100.png
s213_tx16,213,16,0.02,909,0.021940151602457145,6.011064633514982,2.4445441874051905,2.445209600000453,kriging_results\s213_tx16\map213_tx16_ratio0_0200.png
s213_tx17,213,17,0.005,228,0.029185562256832633,6.8300281301211925,3.5297563230138933,1.019789299999502,kriging_results\s213_tx17\map213_tx17_ratio0_0050.png
s213_tx17,213,17,0.01,455,0.023027073927511698,6.066774318457814,2.8749452122183654,1.4970174000000043,kriging_results\s213_tx17\map213_tx17_ratio0_0100.png
s213_tx17,213,17,0.02,909,0.02226253474214276,5.9652103193916535,2.5181448736914707,2.4957164999996166,kriging_results\s213_tx17\map213_tx17_ratio0_0200.png
s213_tx27,213,27,0.005,228,0.03155683243841284,7.169246845201702,3.7573953047312787,1.0216264999999112,kriging_results\s213_tx27\map213_tx27_ratio0_0050.png
s213_tx27,213,27,0.01,455,0.025368704028055973,6.428001528099676,2.9960570822402066,1.5320192999997744,kriging_results\s213_tx27\map213_tx27_ratio0_0100.png
s213_tx27,213,27,0.02,909,0.023902393788715882,6.239467547794843,2.6007423221264996,2.373544199999742,kriging_results\s213_tx27\map213_tx27_ratio0_0200.png
s213_tx37,213,37,0.005,228,0.04357016704768282,6.705454133363986,3.447539894431338,1.0500750000001062,kriging_results\s213_tx37\map213_tx37_ratio0_0050.png
s213_tx37,213,37,0.01,455,0.03539230584761832,6.043492829934276,2.678773878745907,1.578912500000115,kriging_results\s213_tx37\map213_tx37_ratio0_0100.png
s213_tx37,213,37,0.02,909,0.034066377028245394,5.929206269214585,2.3635888028957925,2.302913499999704,kriging_results\s213_tx37\map213_tx37_ratio0_0200.png
s213_tx39,213,39,0.005,228,0.03665357997771503,7.092327327427682,3.7338810513436598,0.9722381000001405,kriging_results\s213_tx39\map213_tx39_ratio0_0050.png
s213_tx39,213,39,0.01,455,0.02785577790690525,6.182842985588018,2.9410627326923366,1.5680702999998175,kriging_results\s213_tx39\map213_tx39_ratio0_0100.png
s213_tx39,213,39,0.02,909,0.026319809785731056,6.009965072779348,2.4445355540192693,2.3422842999998466,kriging_results\s213_tx39\map213_tx39_ratio0_0200.png
s213_tx42,213,42,0.005,228,0.0446783888855299,7.148363582304695,3.8531015081793822,1.0088113000001613,kriging_results\s213_tx42\map213_tx42_ratio0_0050.png
s213_tx42,213,42,0.01,455,0.03416570518160907,6.251051523056545,2.982873158974223,1.495953699999518,kriging_results\s213_tx42\map213_tx42_ratio0_0100.png
s213_tx42,213,42,0.02,909,0.029492265954322916,5.807804006366134,2.4408525933159724,2.248964500000511,kriging_results\s213_tx42\map213_tx42_ratio0_0200.png
s213_tx47,213,47,0.005,228,0.04312261431617187,6.8521163453118525,3.5836609215731143,0.9955238000002282,kriging_results\s213_tx47\map213_tx47_ratio0_0050.png
s213_tx47,213,47,0.01,455,0.040351955685806455,6.628335500735502,3.0319577847219534,1.4635102000002007,kriging_results\s213_tx47\map213_tx47_ratio0_0100.png
s213_tx47,213,47,0.02,909,0.03229209638301969,5.929530504772442,2.4887372902176694,2.481079399999544,kriging_results\s213_tx47\map213_tx47_ratio0_0200.png
s213_tx49,213,49,0.005,228,0.03350107890921313,6.0835949685256745,3.304693398218606,1.0242097999998805,kriging_results\s213_tx49\map213_tx49_ratio0_0050.png
s213_tx49,213,49,0.01,455,0.02584439610486203,5.343355715390544,2.495484732112738,1.4555169000004753,kriging_results\s213_tx49\map213_tx49_ratio0_0100.png
s213_tx49,213,49,0.02,909,0.02440330999113027,5.192246013325488,2.1563365005476376,2.277864800000316,kriging_results\s213_tx49\map213_tx49_ratio0_0200.png
s213_tx53,213,53,0.005,228,0.027629941172154636,6.801037710871129,3.4067530184872736,0.999865900000259,kriging_results\s213_tx53\map213_tx53_ratio0_0050.png
s213_tx53,213,53,0.01,455,0.02300948474610717,6.206384187325635,2.836417573565828,1.514649599999757,kriging_results\s213_tx53\map213_tx53_ratio0_0100.png
s213_tx53,213,53,0.02,909,0.022916544475046676,6.193836944170833,2.5200871458148013,2.400465699999586,kriging_results\s213_tx53\map213_tx53_ratio0_0200.png
s213_tx54,213,54,0.005,228,0.031204254652408822,7.280975432293767,3.8334462158068834,1.0272745000002033,kriging_results\s213_tx54\map213_tx54_ratio0_0050.png
s213_tx54,213,54,0.01,455,0.02355149641481918,6.325456985804092,3.0267502588118917,1.517471199999818,kriging_results\s213_tx54\map213_tx54_ratio0_0100.png
s213_tx54,213,54,0.02,909,0.02322783111476442,6.28184158521268,2.640670549919372,2.33503969999947,kriging_results\s213_tx54\map213_tx54_ratio0_0200.png
s213_tx56,213,56,0.005,228,0.028387359169610774,6.790868094222199,3.438457043504033,1.0393908999994892,kriging_results\s213_tx56\map213_tx56_ratio0_0050.png
s213_tx56,213,56,0.01,455,0.02248489733504303,6.043774566841935,2.841222032267924,1.5054471000003105,kriging_results\s213_tx56\map213_tx56_ratio0_0100.png
s213_tx56,213,56,0.02,909,0.022108621730083808,5.992991096369855,2.4953022856759555,2.3963800000001356,kriging_results\s213_tx56\map213_tx56_ratio0_0200.png
s213_tx59,213,59,0.005,228,0.032349751672912944,7.321655804526227,3.8248153307152006,0.9844643000005817,kriging_results\s213_tx59\map213_tx59_ratio0_0050.png
s213_tx59,213,59,0.01,455,0.026502699298750303,6.627029230404953,3.1375003113867295,1.4873137000004135,kriging_results\s213_tx59\map213_tx59_ratio0_0100.png
s213_tx59,213,59,0.02,909,0.0241584553172375,6.327154117824506,2.668792395093391,2.4481665000002977,kriging_results\s213_tx59\map213_tx59_ratio0_0200.png
s213_tx63,213,63,0.005,228,0.03388377605749089,7.464751553005617,3.8194981307060147,1.0260530999994444,kriging_results\s213_tx63\map213_tx63_ratio0_0050.png
s213_tx63,213,63,0.01,455,0.025306646165542204,6.451144252500524,3.05532556766724,1.5605959000004077,kriging_results\s213_tx63\map213_tx63_ratio0_0100.png
s213_tx63,213,63,0.02,909,0.02458610257802226,6.358640936256465,2.6139749519843343,2.328591499999675,kriging_results\s213_tx63\map213_tx63_ratio0_0200.png
s213_tx66,213,66,0.005,228,0.044317326163581104,7.200119757548736,3.7561822889137058,1.0487559000002875,kriging_results\s213_tx66\map213_tx66_ratio0_0050.png
s213_tx66,213,66,0.01,455,0.03419651311417717,6.324757252867239,2.870948403235709,1.6257145999998102,kriging_results\s213_tx66\map213_tx66_ratio0_0100.png
s213_tx66,213,66,0.02,909,0.030153716809692015,5.93913749892029,2.3780115115393374,2.3924285000002783,kriging_results\s213_tx66\map213_tx66_ratio0_0200.png
s213_tx73,213,73,0.005,228,0.03225084957832255,7.345263507909621,3.816216356300547,1.088413099999343,kriging_results\s213_tx73\map213_tx73_ratio0_0050.png
s213_tx73,213,73,0.01,455,0.025687316777773174,6.5553543481876755,3.134547774983187,1.5593183999999383,kriging_results\s213_tx73\map213_tx73_ratio0_0100.png
s213_tx73,213,73,0.02,909,0.024628525585856355,6.418831974225408,2.635373696137314,2.3967526999995243,kriging_results\s213_tx73\map213_tx73_ratio0_0200.png
s213_tx74,213,74,0.005,228,0.03709007129653926,7.179939472613502,3.8443974644962053,1.0821078999997553,kriging_results\s213_tx74\map213_tx74_ratio0_0050.png
s213_tx74,213,74,0.01,455,0.027250303596442534,6.154285283227677,2.9384940936568023,1.631691800000226,kriging_results\s213_tx74\map213_tx74_ratio0_0100.png
s213_tx74,213,74,0.02,909,0.025430516384351565,5.945242041106905,2.4612077192216293,2.4960001999997985,kriging_results\s213_tx74\map213_tx74_ratio0_0200.png
s213_tx75,213,75,0.005,228,0.04586284195161676,6.916922452632605,3.673291737437904,1.0581775000000562,kriging_results\s213_tx75\map213_tx75_ratio0_0050.png
s213_tx75,213,75,0.01,455,0.03590700421465514,6.120290123476152,2.907952856351309,1.5461771999998746,kriging_results\s213_tx75\map213_tx75_ratio0_0100.png
s213_tx75,213,75,0.02,909,0.0317312150354585,5.753416034661895,2.3429591018794262,2.3359689000008075,kriging_results\s213_tx75\map213_tx75_ratio0_0200.png
s213_tx78,213,78,0.005,228,0.043644056017972034,6.476567248588747,3.387118329844459,1.101710799999637,kriging_results\s213_tx78\map213_tx78_ratio0_0050.png
s213_tx78,213,78,0.01,455,0.03611088937145591,5.89116814929474,2.6740776409489095,1.5320276000002195,kriging_results\s213_tx78\map213_tx78_ratio0_0100.png
s213_tx78,213,78,0.02,909,0.03281803389297386,5.616148823549494,2.3110239364237937,2.3448646000006192,kriging_results\s213_tx78\map213_tx78_ratio0_0200.png
s219_tx04,219,4,0.005,253,0.025532314798951204,6.03921201071888,3.3758270776184047,1.1946778999999879,kriging_results\s219_tx04\map219_tx4_ratio0_0050.png
s219_tx04,219,4,0.01,506,0.016868510793638578,4.9087797531032535,2.179534148777308,1.9399148000002242,kriging_results\s219_tx04\map219_tx4_ratio0_0100.png
s219_tx04,219,4,0.02,1011,0.014511240456307523,4.5528930196573665,1.6076574003165092,2.6006994999997914,kriging_results\s219_tx04\map219_tx4_ratio0_0200.png
s219_tx10,219,10,0.005,253,0.02136678678444472,5.244051105617779,2.8190698388843902,1.1484966999996686,kriging_results\s219_tx10\map219_tx10_ratio0_0050.png
s219_tx10,219,10,0.01,506,0.013752458268370018,4.207144939274042,1.8502947993275105,1.7651840999997148,kriging_results\s219_tx10\map219_tx10_ratio0_0100.png
s219_tx10,219,10,0.02,1011,0.011514353226873652,3.8496130475481856,1.397729078614035,2.9352237999992212,kriging_results\s219_tx10\map219_tx10_ratio0_0200.png
s219_tx13,219,13,0.005,253,0.025309442124066835,6.173489365151153,3.248779067195856,1.2442725999999311,kriging_results\s219_tx13\map219_tx13_ratio0_0050.png
s219_tx13,219,13,0.01,506,0.017491781057485754,5.132233750705517,2.1806447129758837,1.901374200000646,kriging_results\s219_tx13\map219_tx13_ratio0_0100.png
s219_tx13,219,13,0.02,1011,0.014666240109068435,4.699469172332541,1.6022289387262987,2.877567999999883,kriging_results\s219_tx13\map219_tx13_ratio0_0200.png
s219_tx16,219,16,0.005,253,0.025574170690449236,6.063617990820555,3.2402919504725727,1.216587800000525,kriging_results\s219_tx16\map219_tx16_ratio0_0050.png
s219_tx16,219,16,0.01,506,0.017227219178851446,4.9766676472883935,2.0949160409987315,1.9003662000004624,kriging_results\s219_tx16\map219_tx16_ratio0_0100.png
s219_tx16,219,16,0.02,1011,0.014437446199828164,4.555921534727285,1.5538025926160053,2.8513912999997046,kriging_results\s219_tx16\map219_tx16_ratio0_0200.png
s219_tx28,219,28,0.005,253,0.025364588275552196,5.261922726804965,2.7395631971216554,1.2954032999996343,kriging_results\s219_tx28\map219_tx28_ratio0_0050.png
s219_tx28,219,28,0.01,506,0.020698575155408964,4.7533608326309755,1.9788671615391595,2.257838599999559,kriging_results\s219_tx28\map219_tx28_ratio0_0100.png
s219_tx28,219,28,0.02,1011,0.016150881358592734,4.1988337054057,1.4011865280159823,2.9520925000006173,kriging_results\s219_tx28\map219_tx28_ratio0_0200.png
s219_tx31,219,31,0.005,253,0.02426091678208508,5.225474603902874,2.7648444602687854,1.2093395000001692,kriging_results\s219_tx31\map219_tx31_ratio0_0050.png
s219_tx31,219,31,0.01,506,0.017674684433859323,4.460134662502672,1.837715447916383,1.8040368000001763,kriging_results\s219_tx31\map219_tx31_ratio0_0100.png
s219_tx31,219,31,0.02,1011,0.015857603281690894,4.224651722938214,1.4492508692919204,2.8506664999995337,kriging_results\s219_tx31\map219_tx31_ratio0_0200.png
s219_tx37,219,37,0.005,253,0.026310981602934266,6.160659643919846,3.1515790579787306,1.2490164000000732,kriging_results\s219_tx37\map219_tx37_ratio0_0050.png
s219_tx37,219,37,0.01,506,0.01777891904672766,5.064206034797441,2.166311614672519,1.8201598000005106,kriging_results\s219_tx37\map219_tx37_ratio0_0100.png
s219_tx37,219,37,0.02,1011,0.015200327944382606,4.682579650550845,1.6127934924365694,2.8745214000000487,kriging_results\s219_tx37\map219_tx37_ratio0_0200.png
s219_tx41,219,41,0.005,253,0.02508842656141077,6.029099561105571,3.12829115747339,1.2005199000004723,kriging_results\s219_tx41\map219_tx41_ratio0_0050.png
s219_tx41,219,41,0.01,506,0.01767084627885444,5.059928916417965,2.2067942609885898,1.6908508000005895,kriging_results\s219_tx41\map219_tx41_ratio0_0100.png
s219_tx41,219,41,0.02,1011,0.01513851450121042,4.683358140421479,1.5831850514107273,2.5806453000004694,kriging_results\s219_tx41\map219_tx41_ratio0_0200.png
s219_tx44,219,44,0.005,253,0.020918784202540914,5.504327647059788,3.000449771562482,1.162230400000226,kriging_results\s219_tx44\map219_tx44_ratio0_0050.png
s219_tx44,219,44,0.01,506,0.014559819661385918,4.592128726632997,1.9900829176864643,1.7044907999998031,kriging_results\s219_tx44\map219_tx44_ratio0_0100.png
s219_tx44,219,44,0.02,1011,0.011589717957194736,4.0970615416121285,1.4329135870010512,2.6623954999995476,kriging_results\s219_tx44\map219_tx44_ratio0_0200.png
s219_tx47,219,47,0.005,253,0.027973708163279265,5.687482720878831,2.9936821972065757,1.12337320000006,kriging_results\s219_tx47\map219_tx47_ratio0_0050.png
s219_tx47,219,47,0.01,506,0.019067214070503682,4.695573942274243,1.9141645420193154,1.593290399999205,kriging_results\s219_tx47\map219_tx47_ratio0_0100.png
s219_tx47,219,47,0.02,1011,0.017919949581163115,4.5521174408546745,1.5050792888888704,2.6557000000002517,kriging_results\s219_tx47\map219_tx47_ratio0_0200.png
s219_tx50,219,50,0.005,253,0.028207829887098003,6.017497222540221,3.102697163143102,1.0993698000002041,kriging_results\s219_tx50\map219_tx50_ratio0_0050.png
s219_tx50,219,50,0.01,506,0.020325025129000085,5.107949686109231,2.123113582068371,1.5137476999998398,kriging_results\s219_tx50\map219_tx50_ratio0_0100.png
s219_tx50,219,50,0.02,1011,0.0163169761285016,4.5766837108924046,1.5305281966705238,2.2803235999999742,kriging_results\s219_tx50\map219_tx50_ratio0_0200.png
s219_tx51,219,51,0.005,253,0.039316406847274325,5.569337923152315,2.836906743723483,1.037754799999675,kriging_results\s219_tx51\map219_tx51_ratio0_0050.png
s219_tx51,219,51,0.01,506,0.02266502988187913,4.228582461522573,1.8184100292931542,1.5064065999995364,kriging_results\s219_tx51\map219_tx51_ratio0_0100.png
s219_tx51,219,51,0.02,1011,0.020767106742434347,4.047665841410805,1.4005414252892383,2.293564399999923,kriging_results\s219_tx51\map219_tx51_ratio0_0200.png
s219_tx52,219,52,0.005,253,0.029944565059009935,5.10468889883686,2.7008597494993194,1.0781636000001527,kriging_results\s219_tx52\map219_tx52_ratio0_0050.png
s219_tx52,219,52,0.01,506,0.018594970060116418,4.022610832458183,1.7895318332491215,1.7143117000005077,kriging_results\s219_tx52\map219_tx52_ratio0_0100.png
s219_tx52,219,52,0.02,1011,0.014705489649271016,3.57725599061795,1.2886134472230053,2.760244600000078,kriging_results\s219_tx52\map219_tx52_ratio0_0200.png
s219_tx53,219,53,0.005,253,0.028122955154104446,5.8180913286613265,2.9940711877548196,1.0817356999996264,kriging_results\s219_tx53\map219_tx53_ratio0_0050.png
s219_tx53,219,53,0.01,506,0.019237201001215943,4.811948800106201,2.0013596052493403,6.831539200000407,kriging_results\s219_tx53\map219_tx53_ratio0_0100.png
s219_tx53,219,53,0.02,1011,0.01583397435452019,4.365610812528887,1.4171798824744897,2.8960356999996293,kriging_results\s219_tx53\map219_tx53_ratio0_0200.png
s219_tx56,219,56,0.005,253,0.030446332493552792,5.420401433426283,2.8437627788281254,1.2178241000001435,kriging_results\s219_tx56\map219_tx56_ratio0_0050.png
s219_tx56,219,56,0.01,506,0.021351432890213178,4.539180744565601,1.9673945442267962,1.8024700000005396,kriging_results\s219_tx56\map219_tx56_ratio0_0100.png
s219_tx56,219,56,0.02,1011,0.017088452280392713,4.060834782247412,1.3954750103618667,2.857386700000461,kriging_results\s219_tx56\map219_tx56_ratio0_0200.png
s219_tx60,219,60,0.005,253,0.03432877961476415,6.079129426162853,3.170268914146686,1.186314699999457,kriging_results\s219_tx60\map219_tx60_ratio0_0050.png
s219_tx60,219,60,0.01,506,0.021740101461017642,4.8377452313972915,2.039660360852591,1.7992045000000871,kriging_results\s219_tx60\map219_tx60_ratio0_0100.png
s219_tx60,219,60,0.02,1011,0.017019417280396135,4.28040197300147,1.3878642809984663,2.8798139000000447,kriging_results\s219_tx60\map219_tx60_ratio0_0200.png
s219_tx64,219,64,0.005,253,0.02819174650648485,5.831150225782657,3.2241688617268083,1.2274920999998358,kriging_results\s219_tx64\map219_tx64_ratio0_0050.png
s219_tx64,219,64,0.01,506,0.019888626801873956,4.897738984047086,2.273441852880349,1.8004857000005359,kriging_results\s219_tx64\map219_tx64_ratio0_0100.png
s219_tx64,219,64,0.02,1011,0.015491979524600847,4.322616369558054,1.6422315669563734,2.850074599999971,kriging_results\s219_tx64\map219_tx64_ratio0_0200.png
s219_tx68,219,68,0.005,253,0.029682925799242085,6.230310118569151,3.1937108441907713,1.200628499999766,kriging_results\s219_tx68\map219_tx68_ratio0_0050.png
s219_tx68,219,68,0.01,506,0.01958076588619975,5.060240348384042,2.1209033671302002,1.7257933999999295,kriging_results\s219_tx68\map219_tx68_ratio0_0100.png
s219_tx68,219,68,0.02,1011,0.0166640749230358,4.668172645733758,1.6019049778789478,2.8024541999993744,kriging_results\s219_tx68\map219_tx68_ratio0_0200.png
s219_tx71,219,71,0.005,253,0.028484459397182544,5.773251496924309,3.0754867723138943,1.1725256999998237,kriging_results\s219_tx71\map219_tx71_ratio0_0050.png
s219_tx71,219,71,0.01,506,0.020340264365488674,4.878595175089688,2.042294804193507,1.877115600000252,kriging_results\s219_tx71\map219_tx71_ratio0_0100.png
s219_tx71,219,71,0.02,1011,0.017812654544895577,4.56542071105289,1.5423456664210344,3.008219199999985,kriging_results\s219_tx71\map219_tx71_ratio0_0200.png
s219_tx75,219,75,0.005,253,0.024628721554414278,5.623848066404269,3.1465093938691457,1.1801479000005202,kriging_results\s219_tx75\map219_tx75_ratio0_0050.png
s219_tx75,219,75,0.01,506,0.017926308034654632,4.79797595744843,2.1272015772808874,2.202342800000224,kriging_results\s219_tx75\map219_tx75_ratio0_0100.png
s219_tx75,219,75,0.02,1011,0.013989020051256736,4.238442373980911,1.5223935883568618,4.4873820000002524,kriging_results\s219_tx75\map219_tx75_ratio0_0200.png
s225_tx03,225,3,0.005,226,0.053809820788491655,6.8992904447836665,3.361844689636149,1.009564500000124,kriging_results\s225_tx03\map225_tx3_ratio0_0050.png
s225_tx03,225,3,0.01,451,0.02884527364618988,5.051391102998712,2.2165023076488737,1.438566599999831,kriging_results\s225_tx03\map225_tx3_ratio0_0100.png
s225_tx03,225,3,0.02,901,0.024212705696008318,4.628021058488728,1.588328676409288,2.253456399999777,kriging_results\s225_tx03\map225_tx3_ratio0_0200.png
s225_tx04,225,4,0.005,226,0.038049987921791914,6.269281130432853,3.3345082545562144,0.9784412999997585,kriging_results\s225_tx04\map225_tx4_ratio0_0050.png
s225_tx04,225,4,0.01,451,0.0273427511659119,5.314489904046085,2.375374521806332,1.3080592000005709,kriging_results\s225_tx04\map225_tx4_ratio0_0100.png
s225_tx04,225,4,0.02,901,0.019586820798296198,4.498031142502523,1.6091569848156764,2.144047099999625,kriging_results\s225_tx04\map225_tx4_ratio0_0200.png
s225_tx09,225,9,0.005,226,0.03962706395163846,5.603444312071926,3.0301870147997865,0.9603313000006892,kriging_results\s225_tx09\map225_tx9_ratio0_0050.png
s225_tx09,225,9,0.01,451,0.03314457048342339,5.124662837816274,2.2657191642618226,1.4221029000000271,kriging_results\s225_tx09\map225_tx9_ratio0_0100.png
s225_tx09,225,9,0.02,901,0.028154422886454165,4.7231574465404105,1.6839917021872806,2.0286600999997972,kriging_results\s225_tx09\map225_tx9_ratio0_0200.png
s225_tx15,225,15,0.005,226,0.05490733386719145,7.352167848151347,3.558360436547869,0.9693088000003627,kriging_results\s225_tx15\map225_tx15_ratio0_0050.png
s225_tx15,225,15,0.01,451,0.03084656877642264,5.510660589189444,2.4326152399948757,1.5198280999993585,kriging_results\s225_tx15\map225_tx15_ratio0_0100.png
s225_tx15,225,15,0.02,901,0.025033581982276846,4.964342464216624,1.7483914930972746,2.43894470000032,kriging_results\s225_tx15\map225_tx15_ratio0_0200.png
s225_tx18,225,18,0.005,226,0.05183701123473313,7.369229983972517,3.6865445803164207,1.0653269999993427,kriging_results\s225_tx18\map225_tx18_ratio0_0050.png
s225_tx18,225,18,0.01,451,0.030758295656328847,5.676534431937134,2.5858664147074655,1.5043866000005437,kriging_results\s225_tx18\map225_tx18_ratio0_0100.png
s225_tx18,225,18,0.02,901,0.024187900647142383,5.033861114000161,1.83777097153221,2.2934965000004013,kriging_results\s225_tx18\map225_tx18_ratio0_0200.png
s225_tx20,225,20,0.005,226,0.043076650546804006,6.432882610038198,3.294373160602251,1.0400383999995029,kriging_results\s225_tx20\map225_tx20_ratio0_0050.png
s225_tx20,225,20,0.01,451,0.03139873539374425,5.492129080422704,2.322223400364361,1.4663981999992757,kriging_results\s225_tx20\map225_tx20_ratio0_0100.png
s225_tx20,225,20,0.02,901,0.027261090139416775,5.117481358730259,1.770762122883576,2.4721121000002313,kriging_results\s225_tx20\map225_tx20_ratio0_0200.png
s225_tx25,225,25,0.005,226,0.03556386482457483,5.3774481756694925,2.867126322686381,0.968327099999442,kriging_results\s225_tx25\map225_tx25_ratio0_0050.png
s225_tx25,225,25,0.01,451,0.023172665466422507,4.340699884844906,1.8394098525001978,1.424784599999839,kriging_results\s225_tx25\map225_tx25_ratio0_0100.png
s225_tx25,225,25,0.02,901,0.01904197713927557,3.9348463544073677,1.4058023555945722,2.2369131000004927,kriging_results\s225_tx25\map225_tx25_ratio0_0200.png
s225_tx28,225,28,0.005,226,0.06903932500293807,8.941083493092203,4.079829601726005,0.9652819000002637,kriging_results\s225_tx28\map225_tx28_ratio0_0050.png
s225_tx28,225,28,0.01,451,0.02781602518752497,5.675307733974494,2.436990384639575,1.4919220000001587,kriging_results\s225_tx28\map225_tx28_ratio0_0100.png
s225_tx28,225,28,0.02,901,0.02298890631312209,5.159421763477925,1.8438687651113115,2.512676399999691,kriging_results\s225_tx28\map225_tx28_ratio0_0200.png
s225_tx32,225,32,0.005,226,0.0362102178724557,6.210832975124777,3.2647468620775393,1.0087852999995448,kriging_results\s225_tx32\map225_tx32_ratio0_0050.png
s225_tx32,225,32,0.01,451,0.02813707032072797,5.474868914459657,2.356184339188678,1.4991698999992877,kriging_results\s225_tx32\map225_tx32_ratio0_0100.png
s225_tx32,225,32,0.02,901,0.021676055789127336,4.805343187542079,1.7043298150481323,2.3440794000007372,kriging_results\s225_tx32\map225_tx32_ratio0_0200.png
s225_tx33,225,33,0.005,226,0.04294063268757964,6.8731705652764195,3.585651919061722,1.0296588000001066,kriging_results\s225_tx33\map225_tx33_ratio0_0050.png
s225_tx33,225,33,0.01,451,0.02708303584321854,5.458478139585287,2.4932076346655028,1.5831066999999166,kriging_results\s225_tx33\map225_tx33_ratio0_0100.png
s225_tx33,225,33,0.02,901,0.019869150853048398,4.675333074611398,1.7367499008307483,2.4629656000006435,kriging_results\s225_tx33\map225_tx33_ratio0_0200.png
s225_tx40,225,40,0.005,226,0.0370683036440112,6.583253447091859,3.517123709057919,1.0150470999997196,kriging_results\s225_tx40\map225_tx40_ratio0_0050.png
s225_tx40,225,40,0.01,451,0.025457791521217497,5.455688655629533,2.488807629763768,1.5153585999996722,kriging_results\s225_tx40\map225_tx40_ratio0_0100.png
s225_tx40,225,40,0.02,901,0.01906377538774536,4.721105172153866,1.7025785279271868,2.444325899999967,kriging_results\s225_tx40\map225_tx40_ratio0_0200.png
s225_tx42,225,42,0.005,226,0.03878491686713182,6.018797937293782,3.045850689228807,1.0069002999998702,kriging_results\s225_tx42\map225_tx42_ratio0_0050.png
s225_tx42,225,42,0.01,451,0.03179122050666727,5.449189736252517,2.3009619233747394,1.5161827000001722,kriging_results\s225_tx42\map225_tx42_ratio0_0100.png
s225_tx42,225,42,0.02,901,0.0257954799330127,4.90851515240883,1.6394255911678068,2.3771182999998928,kriging_results\s225_tx42\map225_tx42_ratio0_0200.png
s225_tx43,225,43,0.005,226,0.04044436467912305,5.912154736761558,3.213627692489712,1.0452985000001718,kriging_results\s225_tx43\map225_tx43_ratio0_0050.png
s225_tx43,225,43,0.01,451,0.031011367547442572,5.176989010870268,2.4095539163503235,1.5524737000005189,kriging_results\s225_tx43\map225_tx43_ratio0_0100.png
s225_tx43,225,43,0.02,901,0.02371262238371038,4.5269591579807,1.6868239075165188,2.4116259000002174,kriging_results\s225_tx43\map225_tx43_ratio0_0200.png
s225_tx46,225,46,0.005,226,0.07814601845394285,6.670165914228644,3.1165082724297504,1.0417942000003677,kriging_results\s225_tx46\map225_tx46_ratio0_0050.png
s225_tx46,225,46,0.01,451,0.04001691223771478,4.773149013193111,2.0490013001241936,1.5443962999997893,kriging_results\s225_tx46\map225_tx46_ratio0_0100.png
s225_tx46,225,46,0.02,901,0.031203345288451444,4.214866079757066,1.4387611319013374,2.4020070000005944,kriging_results\s225_tx46\map225_tx46_ratio0_0200.png
s225_tx58,225,58,0.005,226,0.07931255211743662,6.732291432487303,3.1439463244435886,1.0495353000005707,kriging_results\s225_tx58\map225_tx58_ratio0_0050.png
s225_tx58,225,58,0.01,451,0.04085346605481503,4.83177164177722,1.9676726274235354,1.5295980999999301,kriging_results\s225_tx58\map225_tx58_ratio0_0100.png
s225_tx58,225,58,0.02,901,0.030470020153472846,4.172807127047815,1.4001734265004422,2.511287799999991,kriging_results\s225_tx58\map225_tx58_ratio0_0200.png
s225_tx62,225,62,0.005,226,0.03920407429524793,6.680470964085331,3.4903541018338697,0.9826155999999173,kriging_results\s225_tx62\map225_tx62_ratio0_0050.png
s225_tx62,225,62,0.01,451,0.02681384446473537,5.52485681920493,2.5700764221885417,1.5204327999999805,kriging_results\s225_tx62\map225_tx62_ratio0_0100.png
s225_tx62,225,62,0.02,901,0.019355242451679154,4.693975149290782,1.726524523650074,2.3651245999999446,kriging_results\s225_tx62\map225_tx62_ratio0_0200.png
s225_tx63,225,63,0.005,226,0.03875172739881463,6.3968624848990645,3.37738603959766,1.0178286000000298,kriging_results\s225_tx63\map225_tx63_ratio0_0050.png
s225_tx63,225,63,0.01,451,0.030791841817221038,5.702158833066015,2.3992626832011665,1.5206749999997555,kriging_results\s225_tx63\map225_tx63_ratio0_0100.png
s225_tx63,225,63,0.02,901,0.02230189776021445,4.852799952512624,1.6682731290900115,2.334404899999754,kriging_results\s225_tx63\map225_tx63_ratio0_0200.png
s225_tx76,225,76,0.005,226,0.0827432617010662,6.526600870724985,2.9594685655403934,1.0092131999999765,kriging_results\s225_tx76\map225_tx76_ratio0_0050.png
s225_tx76,225,76,0.01,451,0.03881719514634399,4.470260268798162,1.8397697415859755,1.4853293999995003,kriging_results\s225_tx76\map225_tx76_ratio0_0100.png
s225_tx76,225,76,0.02,901,0.03251321525106794,4.091199842557748,1.3824421744623223,2.4546234000008553,kriging_results\s225_tx76\map225_tx76_ratio0_0200.png
s225_tx78,225,78,0.005,226,0.05322851992406468,7.2489620909902435,3.4834259970526804,1.0142134999996415,kriging_results\s225_tx78\map225_tx78_ratio0_0050.png
s225_tx78,225,78,0.01,451,0.03053866924573044,5.490712356131719,2.4063911295661478,1.5318200000001525,kriging_results\s225_tx78\map225_tx78_ratio0_0100.png
s225_tx78,225,78,0.02,901,0.024806716718440366,4.94866756388358,1.7232439675339164,2.3209090000000288,kriging_results\s225_tx78\map225_tx78_ratio0_0200.png
s225_tx79,225,79,0.005,226,0.051173258732605593,7.147716219375358,3.4521996670170854,1.0378258999999161,kriging_results\s225_tx79\map225_tx79_ratio0_0050.png
s225_tx79,225,79,0.01,451,0.029919660260179066,5.465426998442905,2.405433931305807,1.5271044999999503,kriging_results\s225_tx79\map225_tx79_ratio0_0100.png
s225_tx79,225,79,0.02,901,0.024433617598949815,4.939007195532769,1.7391268318517177,2.416365400000359,kriging_results\s225_tx79\map225_tx79_ratio0_0200.png
s227_tx01,227,1,0.005,297,0.005728163596519412,3.5835736568544196,1.4625614334534407,1.5092658000003212,kriging_results\s227_tx01\map227_tx1_ratio0_0050.png
s227_tx01,227,1,0.01,593,0.0033821359912665537,2.7536208778490296,0.9140913489940836,2.319950600000084,kriging_results\s227_tx01\map227_tx1_ratio0_0100.png
s227_tx01,227,1,0.02,1186,0.002591610632396613,2.4104242205867754,0.6735539747107673,3.4250599999995757,kriging_results\s227_tx01\map227_tx1_ratio0_0200.png
s227_tx03,227,3,0.005,297,0.019384868252533733,5.2173085171691165,1.895408697062956,1.464889800000492,kriging_results\s227_tx03\map227_tx3_ratio0_0050.png
s227_tx03,227,3,0.01,593,0.009646097369225476,3.680365120321924,1.176104701926454,2.382957799999531,kriging_results\s227_tx03\map227_tx3_ratio0_0100.png
s227_tx03,227,3,0.02,1186,0.0065393833508946295,3.0302850630508056,0.7553287999082551,3.7241720000001806,kriging_results\s227_tx03\map227_tx3_ratio0_0200.png
s227_tx20,227,20,0.005,297,0.004464261882196096,3.197384896580457,1.2524658221664822,1.5204442000003837,kriging_results\s227_tx20\map227_tx20_ratio0_0050.png
s227_tx20,227,20,0.01,593,0.0033084155232974547,2.7525175806911317,0.8602017254555655,2.4443268000004537,kriging_results\s227_tx20\map227_tx20_ratio0_0100.png
s227_tx20,227,20,0.02,1186,0.002672317646298981,2.4737973275442933,0.6474315086214625,3.725976900000205,kriging_results\s227_tx20\map227_tx20_ratio0_0200.png
s227_tx24,227,24,0.005,297,0.006063176370220949,3.7232630504830784,1.539722165044608,1.5200375999993412,kriging_results\s227_tx24\map227_tx24_ratio0_0050.png
s227_tx24,227,24,0.01,593,0.00382653399158439,2.957851638894046,0.9471947359279944,2.3923908999995547,kriging_results\s227_tx24\map227_tx24_ratio0_0100.png
s227_tx24,227,24,0.02,1186,0.0029415704209895957,2.5933625066696804,0.6782008790395307,3.4348799999997937,kriging_results\s227_tx24\map227_tx24_ratio0_0200.png
s227_tx25,227,25,0.005,297,0.014381571014453462,3.7547065890574314,1.498435604998374,1.425763199999892,kriging_results\s227_tx25\map227_tx25_ratio0_0050.png
s227_tx25,227,25,0.01,593,0.01038460531438155,3.19056670897541,0.9558455658963225,2.3379433999998582,kriging_results\s227_tx25\map227_tx25_ratio0_0100.png
s227_tx25,227,25,0.02,1186,0.006801868672766748,2.582182601472701,0.6298718301012874,3.486300200000187,kriging_results\s227_tx25\map227_tx25_ratio0_0200.png
s227_tx30,227,30,0.005,297,0.005311905240541894,3.489045673392629,1.2798714914405265,1.5319712000000436,kriging_results\s227_tx30\map227_tx30_ratio0_0050.png
s227_tx30,227,30,0.01,593,0.004426953819762984,3.185180133484839,1.0398860792219065,2.307354999999916,kriging_results\s227_tx30\map227_tx30_ratio0_0100.png
s227_tx30,227,30,0.02,1186,0.0034560202738669857,2.8142950907594635,0.7271754105730253,3.5487398999994184,kriging_results\s227_tx30\map227_tx30_ratio0_0200.png
s227_tx32,227,32,0.005,297,0.00552122218906618,3.4564909418275374,1.4929833928292036,1.478683500000443,kriging_results\s227_tx32\map227_tx32_ratio0_0050.png
s227_tx32,227,32,0.01,593,0.0034319191575187184,2.7251243211305143,0.8989085090876937,2.366146800000024,kriging_results\s227_tx32\map227_tx32_ratio0_0100.png
s227_tx32,227,32,0.02,1186,0.002660669127530579,2.3994584957595517,0.7043776628180823,3.7986823000001095,kriging_results\s227_tx32\map227_tx32_ratio0_0200.png
s227_tx33,227,33,0.005,297,0.005996452631226787,3.594744532155508,1.53461601334316,1.5174438000003647,kriging_results\s227_tx33\map227_tx33_ratio0_0050.png
s227_tx33,227,33,0.01,593,0.0035045584405315523,2.7481312972829737,0.9553163824500176,2.371951699999954,kriging_results\s227_tx33\map227_tx33_ratio0_0100.png
s227_tx33,227,33,0.02,1186,0.0026524862713239216,2.3908227698864764,0.7034568818808286,3.731367099999261,kriging_results\s227_tx33\map227_tx33_ratio0_0200.png
s227_tx43,227,43,0.005,297,0.007662372563398428,4.111370327636318,1.6701425207772085,1.581378400000176,kriging_results\s227_tx43\map227_tx43_ratio0_0050.png
s227_tx43,227,43,0.01,593,0.0057591116297700815,3.564369468107586,1.1530556367039018,2.4412353999996412,kriging_results\s227_tx43\map227_tx43_ratio0_0100.png
s227_tx43,227,43,0.02,1186,0.0038444781631973564,2.912216547130601,0.7319900010317617,3.8779897000003984,kriging_results\s227_tx43\map227_tx43_ratio0_0200.png
s227_tx50,227,50,0.005,297,0.007666468502514046,4.0926766075128045,1.660012346728814,1.5727799000005689,kriging_results\s227_tx50\map227_tx50_ratio0_0050.png
s227_tx50,227,50,0.01,593,0.005031995083698186,3.315735278447842,1.0987166937389965,2.4720017999998163,kriging_results\s227_tx50\map227_tx50_ratio0_0100.png
s227_tx50,227,50,0.02,1186,0.0037024551257024353,2.8441640458582835,0.7491963183852896,3.973160800000187,kriging_results\s227_tx50\map227_tx50_ratio0_0200.png
s227_tx53,227,53,0.005,297,0.005971041019912892,3.4329895745562578,1.4352065379300383,1.6327804000002288,kriging_results\s227_tx53\map227_tx53_ratio0_0050.png
s227_tx53,227,53,0.01,593,0.0036630370937519147,2.6888595547423013,0.9205498378490629,2.543891199999962,kriging_results\s227_tx53\map227_tx53_ratio0_0100.png
s227_tx53,227,53,0.02,1186,0.0026200039923858984,2.2740417309012004,0.659521973182575,3.810795800000051,kriging_results\s227_tx53\map227_tx53_ratio0_0200.png
s227_tx58,227,58,0.005,297,0.004969587932345887,3.40198152792826,1.269098384923741,1.5014263000002757,kriging_results\s227_tx58\map227_tx58_ratio0_0050.png
s227_tx58,227,58,0.01,593,0.004331757387892422,3.1761705802081006,0.9777243991849103,2.5289675000003626,kriging_results\s227_tx58\map227_tx58_ratio0_0100.png
s227_tx58,227,58,0.02,1186,0.003297349657970252,2.771113165324186,0.7155306814588276,3.9694558000001052,kriging_results\s227_tx58\map227_tx58_ratio0_0200.png
s227_tx60,227,60,0.005,297,0.004692771229431347,3.271114531009303,1.2432195064834748,1.6535378999997192,kriging_results\s227_tx60\map227_tx60_ratio0_0050.png
s227_tx60,227,60,0.01,593,0.0036464544826564672,2.8834768276027907,0.8894634654316025,2.322397400000227,kriging_results\s227_tx60\map227_tx60_ratio0_0100.png
s227_tx60,227,60,0.02,1186,0.002879858493337045,2.5625162824644527,0.636705300517383,3.822949599999447,kriging_results\s227_tx60\map227_tx60_ratio0_0200.png
s227_tx63,227,63,0.005,297,0.005634380958121899,3.470874071122007,1.5134983132912219,1.5725632000003316,kriging_results\s227_tx63\map227_tx63_ratio0_0050.png
s227_tx63,227,63,0.01,593,0.003512264785017735,2.7403710712716163,0.9411353561533721,2.381816500000241,kriging_results\s227_tx63\map227_tx63_ratio0_0100.png
s227_tx63,227,63,0.02,1186,0.002635641571835048,2.3738808706866386,0.6894151047161321,3.7763943999998446,kriging_results\s227_tx63\map227_tx63_ratio0_0200.png
s227_tx64,227,64,0.005,297,0.004950723837152149,3.3359144695793197,1.3217665970902828,1.503432200000134,kriging_results\s227_tx64\map227_tx64_ratio0_0050.png
s227_tx64,227,64,0.01,593,0.003409448474904436,2.7683602434289094,0.9124247059691242,2.307619500000328,kriging_results\s227_tx64\map227_tx64_ratio0_0100.png
s227_tx64,227,64,0.02,1186,0.002581658329971489,2.408961821595977,0.6438028721238226,3.67072780000035,kriging_results\s227_tx64\map227_tx64_ratio0_0200.png
s227_tx72,227,72,0.005,297,0.005902267416823929,3.684632511165093,1.4733915163215452,1.5004718999998659,kriging_results\s227_tx72\map227_tx72_ratio0_0050.png
s227_tx72,227,72,0.01,593,0.0045431865419788865,3.2326971381655274,1.0794505714432727,2.2852640000000974,kriging_results\s227_tx72\map227_tx72_ratio0_0100.png
s227_tx72,227,72,0.02,1186,0.0035625729685907345,2.8626392173251167,0.7731184229567039,3.7265270999996574,kriging_results\s227_tx72\map227_tx72_ratio0_0200.png
s227_tx73,227,73,0.005,297,0.007319767508405423,3.9912974502143235,1.6386137293523644,1.5251342999999906,kriging_results\s227_tx73\map227_tx73_ratio0_0050.png
s227_tx73,227,73,0.01,593,0.004963183006090402,3.2865904025763055,1.107633171041631,2.3597062999997434,kriging_results\s227_tx73\map227_tx73_ratio0_0100.png
s227_tx73,227,73,0.02,1186,0.0036014331163928266,2.799645961628291,0.7630880441388518,3.781731499999296,kriging_results\s227_tx73\map227_tx73_ratio0_0200.png
s227_tx74,227,74,0.005,297,0.006275724900189508,3.763138262006586,1.5923422729374768,1.4988055000003442,kriging_results\s227_tx74\map227_tx74_ratio0_0050.png
s227_tx74,227,74,0.01,593,0.003871218282217911,2.9555753940078975,0.9267149574423726,2.3701696999996784,kriging_results\s227_tx74\map227_tx74_ratio0_0100.png
s227_tx74,227,74,0.02,1186,0.002988930552502021,2.5970249810517454,0.6882540609380405,3.7053529000004346,kriging_results\s227_tx74\map227_tx74_ratio0_0200.png
s227_tx76,227,76,0.005,297,0.0070884223189166505,4.010435681068194,1.6372442666813745,1.4459688999995706,kriging_results\s227_tx76\map227_tx76_ratio0_0050.png
s227_tx76,227,76,0.01,593,0.004551702855300229,3.2136880024332792,0.9777733450892838,2.2799691999998686,kriging_results\s227_tx76\map227_tx76_ratio0_0100.png
s227_tx76,227,76,0.02,1186,0.0033705267617090613,2.765448916652333,0.7118837650822694,3.748572499999682,kriging_results\s227_tx76\map227_tx76_ratio0_0200.png
s227_tx79,227,79,0.005,297,0.005998084012916812,3.689705016138716,1.557551576097518,1.5650165999995806,kriging_results\s227_tx79\map227_tx79_ratio0_0050.png
s227_tx79,227,79,0.01,593,0.0038429629671043806,2.9533740073403956,0.9804547691712149,2.3434230999991996,kriging_results\s227_tx79\map227_tx79_ratio0_0100.png
s227_tx79,227,79,0.02,1186,0.0028788386187168368,2.556195239693422,0.696231598705843,3.8108158999993975,kriging_results\s227_tx79\map227_tx79_ratio0_0200.png
s230_tx00,230,0,0.005,222,0.024854052296649,5.812490916764166,2.936209121312249,1.0205568999999741,kriging_results\s230_tx00\map230_tx0_ratio0_0050.png
s230_tx00,230,0,0.01,443,0.025242223937341872,5.8577049012554046,2.659042952730962,1.427275400000326,kriging_results\s230_tx00\map230_tx0_ratio0_0100.png
s230_tx00,230,0,0.02,885,0.01778518476538814,4.9169169586273,1.8533841219439042,2.278866200000266,kriging_results\s230_tx00\map230_tx0_ratio0_0200.png
s230_tx04,230,4,0.005,222,0.02634803872543536,5.097884489887069,2.6893358981698814,0.9595214000000851,kriging_results\s230_tx04\map230_tx4_ratio0_0050.png
s230_tx04,230,4,0.01,443,0.024837731121134864,4.9496193876545505,2.3763239460662366,1.419202099999893,kriging_results\s230_tx04\map230_tx4_ratio0_0100.png
s230_tx04,230,4,0.02,885,0.01914657145183218,4.345716125065503,1.7021267316000557,2.2327596000004633,kriging_results\s230_tx04\map230_tx4_ratio0_0200.png
s230_tx12,230,12,0.005,222,0.03388291394823355,5.733324310385204,2.9644506318043797,0.9216430000005857,kriging_results\s230_tx12\map230_tx12_ratio0_0050.png
s230_tx12,230,12,0.01,443,0.031255571689005626,5.506553377334648,2.47448717309269,1.2568017000003238,kriging_results\s230_tx12\map230_tx12_ratio0_0100.png
s230_tx12,230,12,0.02,885,0.022581512317795097,4.68050433859842,1.766086299312256,2.067366399999628,kriging_results\s230_tx12\map230_tx12_ratio0_0200.png
s230_tx16,230,16,0.005,222,0.034905685145804284,6.0410284226683855,3.0281279507247327,0.9513084000000163,kriging_results\s230_tx16\map230_tx16_ratio0_0050.png
s230_tx16,230,16,0.01,443,0.03349110123132258,5.917353408312851,2.615327896999832,1.4565064999997048,kriging_results\s230_tx16\map230_tx16_ratio0_0100.png
s230_tx16,230,16,0.02,885,0.024198691044433108,5.029892734751193,1.8606171151356172,2.333091499999682,kriging_results\s230_tx16\map230_tx16_ratio0_0200.png
s230_tx25,230,25,0.005,222,0.032770248459837226,5.673700366842822,2.760045535095088,0.9814783000001626,kriging_results\s230_tx25\map230_tx25_ratio0_0050.png
s230_tx25,230,25,0.01,443,0.03111731892069087,5.528758453073754,2.3563718905294984,1.4845565999994506,kriging_results\s230_tx25\map230_tx25_ratio0_0100.png
s230_tx25,230,25,0.02,885,0.025255811721970847,4.980892729215173,1.7234593489812742,2.318060100000366,kriging_results\s230_tx25\map230_tx25_ratio0_0200.png
s230_tx27,230,27,0.005,222,0.028266646133855988,5.895422671565492,2.999827219463514,0.96759800000018,kriging_results\s230_tx27\map230_tx27_ratio0_0050.png
s230_tx27,230,27,0.01,443,0.0267950623116472,5.7399114146899235,2.530283672230316,1.444355199999336,kriging_results\s230_tx27\map230_tx27_ratio0_0100.png
s230_tx27,230,27,0.02,885,0.020118870196105143,4.973700181701078,1.8074830377152562,2.318908900000679,kriging_results\s230_tx27\map230_tx27_ratio0_0200.png
s230_tx32,230,32,0.005,222,0.04751913634817818,5.577729882070846,2.879899170097105,0.940500300000167,kriging_results\s230_tx32\map230_tx32_ratio0_0050.png
s230_tx32,230,32,0.01,443,0.02972475862672264,4.411460321788573,2.174233668815681,1.406574300000102,kriging_results\s230_tx32\map230_tx32_ratio0_0100.png
s230_tx32,230,32,0.02,885,0.020256485366916332,3.641709185767868,1.4504078765794632,2.2746390000002066,kriging_results\s230_tx32\map230_tx32_ratio0_0200.png
s230_tx40,230,40,0.005,222,0.03268323359151504,6.1753995595229565,3.0913294598922363,1.017450700000154,kriging_results\s230_tx40\map230_tx40_ratio0_0050.png
s230_tx40,230,40,0.01,443,0.03145359882434234,6.058117954750631,2.6748841155749226,1.4824729000001753,kriging_results\s230_tx40\map230_tx40_ratio0_0100.png
s230_tx40,230,40,0.02,885,0.02352640373020241,5.239385199132668,1.9265192042036097,2.3694446999998036,kriging_results\s230_tx40\map230_tx40_ratio0_0200.png
s230_tx41,230,41,0.005,222,0.026006826369459942,5.960760853322107,3.192561779717272,0.9661006999995152,kriging_results\s230_tx41\map230_tx41_ratio0_0050.png
s230_tx41,230,41,0.01,443,0.026000155084945152,5.959996316634255,2.765811446735145,1.441117800000029,kriging_results\s230_tx41\map230_tx41_ratio0_0100.png
s230_tx41,230,41,0.02,885,0.01966829333622083,5.183717843138145,2.0525954148471652,2.303800200000296,kriging_results\s230_tx41\map230_tx41_ratio0_0200.png
s230_tx43,230,43,0.005,222,0.024537655688810948,5.738386164736873,2.825132099216805,0.9994865999997273,kriging_results\s230_tx43\map230_tx43_ratio0_0050.png
s230_tx43,230,43,0.01,443,0.024924126043049846,5.783399727387,2.527015610148241,1.4452684999996563,kriging_results\s230_tx43\map230_tx43_ratio0_0100.png
s230_tx43,230,43,0.02,885,0.018478400206320796,4.979725727180114,1.8275523782045913,2.3307604000001447,kriging_results\s230_tx43\map230_tx43_ratio0_0200.png
s230_tx48,230,48,0.005,222,0.02820784503879156,5.2689901179322085,2.6624303914849783,0.9808331999993243,kriging_results\s230_tx48\map230_tx48_ratio0_0050.png
s230_tx48,230,48,0.01,443,0.02682243156723322,5.137969336749443,2.3271686879233995,1.4245935999997528,kriging_results\s230_tx48\map230_tx48_ratio0_0100.png
s230_tx48,230,48,0.02,885,0.020084506334308024,4.446036347121676,1.683796583307254,2.3576038000001063,kriging_results\s230_tx48\map230_tx48_ratio0_0200.png
s230_tx50,230,50,0.005,222,0.03189335253978437,5.340273100090418,2.8040465346209684,0.9383011999998416,kriging_results\s230_tx50\map230_tx50_ratio0_0050.png
s230_tx50,230,50,0.01,443,0.027564220300928217,4.964622521410773,2.2052173364420073,1.5090537999994922,kriging_results\s230_tx50\map230_tx50_ratio0_0100.png
s230_tx50,230,50,0.02,885,0.021869961761442597,4.422189977045551,1.6019259050187997,2.248543400000017,kriging_results\s230_tx50\map230_tx50_ratio0_0200.png
s230_tx51,230,51,0.005,222,0.032228609870683024,6.038212417580315,3.1198558077823835,1.0010995000002367,kriging_results\s230_tx51\map230_tx51_ratio0_0050.png
s230_tx51,230,51,0.01,443,0.027693200312869475,5.597243122717155,2.558771485262187,1.4865262000002986,kriging_results\s230_tx51\map230_tx51_ratio0_0100.png
s230_tx51,230,51,0.02,885,0.022660188109112443,5.06313321667806,1.8597317792287258,2.3255018999998356,kriging_results\s230_tx51\map230_tx51_ratio0_0200.png
s230_tx54,230,54,0.005,222,0.04252705323530453,5.736244497665594,2.9887216464338535,1.0062352000004466,kriging_results\s230_tx54\map230_tx54_ratio0_0050.png
s230_tx54,230,54,0.01,443,0.029381160423088675,4.767925790162989,2.333669207326563,1.415606200000184,kriging_results\s230_tx54\map230_tx54_ratio0_0100.png
s230_tx54,230,54,0.02,885,0.020492702821741156,3.981939262994422,1.5472560927065686,2.3149536000000808,kriging_results\s230_tx54\map230_tx54_ratio0_0200.png
s230_tx60,230,60,0.005,222,0.028434779713947454,6.058105821655057,3.0349424296471446,1.0100881999997,kriging_results\s230_tx60\map230_tx60_ratio0_0050.png
s230_tx60,230,60,0.01,443,0.027949179584944788,6.0061539210826345,2.669400476182668,1.435748899999453,kriging_results\s230_tx60\map230_tx60_ratio0_0100.png
s230_tx60,230,60,0.02,885,0.022688526968709224,5.4114676883678365,1.9981652178851872,2.3861495999999534,kriging_results\s230_tx60\map230_tx60_ratio0_0200.png
s230_tx64,230,64,0.005,222,0.032513331821439034,5.656119156094258,2.8007046873460184,0.9431261999998242,kriging_results\s230_tx64\map230_tx64_ratio0_0050.png
s230_tx64,230,64,0.01,443,0.030267770728922325,5.457302582521654,2.479086074704923,1.4455846000000747,kriging_results\s230_tx64\map230_tx64_ratio0_0100.png
s230_tx64,230,64,0.02,885,0.02516124702972656,4.97569662627819,1.8715833996290625,2.324467200000072,kriging_results\s230_tx64\map230_tx64_ratio0_0200.png
s230_tx65,230,65,0.005,222,0.03605107926264308,6.210731744475237,3.201884392254477,1.01960230000077,kriging_results\s230_tx65\map230_tx65_ratio0_0050.png
s230_tx65,230,65,0.01,443,0.034626620735221283,6.086795298601644,2.7173088881581178,1.454723699999704,kriging_results\s230_tx65\map230_tx65_ratio0_0100.png
s230_tx65,230,65,0.02,885,0.02503756284244183,5.175825979991602,1.9490896432457312,2.2115782999999283,kriging_results\s230_tx65\map230_tx65_ratio0_0200.png
s230_tx68,230,68,0.005,222,0.024573253072527657,5.766790551603606,2.8631128462413646,1.0132739999999103,kriging_results\s230_tx68\map230_tx68_ratio0_0050.png
s230_tx68,230,68,0.01,443,0.024319735397499764,5.736965993798977,2.5163642422115298,1.4655651000002763,kriging_results\s230_tx68\map230_tx68_ratio0_0100.png
s230_tx68,230,68,0.02,885,0.017569149721771028,4.876163049313509,1.7989842888890473,2.2002488999996785,kriging_results\s230_tx68\map230_tx68_ratio0_0200.png
s230_tx71,230,71,0.005,222,0.03247130760315447,6.144221154556575,3.2590803887467024,0.9794395999997505,kriging_results\s230_tx71\map230_tx71_ratio0_0050.png
s230_tx71,230,71,0.01,443,0.028252364367154944,5.731183984299959,2.616888549532874,1.4672527000002447,kriging_results\s230_tx71\map230_tx71_ratio0_0100.png
s230_tx71,230,71,0.02,885,0.023280516871980284,5.202514029695624,1.9283551047880747,2.305798700000196,kriging_results\s230_tx71\map230_tx71_ratio0_0200.png
s230_tx73,230,73,0.005,222,0.0403474297716991,5.606371006759532,2.8992041787808858,0.9580728000000818,kriging_results\s230_tx73\map230_tx73_ratio0_0050.png
s230_tx73,230,73,0.01,443,0.03382972601551417,5.133612946839648,2.275341223825306,1.4648176999999123,kriging_results\s230_tx73\map230_tx73_ratio0_0100.png
s230_tx73,230,73,0.02,885,0.030840057290548818,4.901527881681339,1.7079719183339124,2.370527299999594,kriging_results\s230_tx73\map230_tx73_ratio0_0200.png
s239_tx00,239,0,0.005,286,0.010070770257749415,3.8034920403188432,1.7496063616996238,1.4668824000000313,kriging_results\s239_tx00\map239_tx0_ratio0_0050.png
s239_tx00,239,0,0.01,572,0.008650079055405624,3.525016929754994,1.3800698268733813,2.1992615999997724,kriging_results\s239_tx00\map239_tx0_ratio0_0100.png
s239_tx00,239,0,0.02,1143,0.007040439150659447,3.1801751678772585,1.0236996655452906,3.467612599999484,kriging_results\s239_tx00\map239_tx0_ratio0_0200.png
s239_tx03,239,3,0.005,286,0.007244316167085908,3.6603436383543624,1.4114013760006625,1.4188328000000183,kriging_results\s239_tx03\map239_tx3_ratio0_0050.png
s239_tx03,239,3,0.01,572,0.005795267552964771,3.273858539179719,1.1231443167963793,2.1728556999996727,kriging_results\s239_tx03\map239_tx3_ratio0_0100.png
s239_tx03,239,3,0.02,1143,0.004420462747029158,2.8592822571766328,0.8237609620251618,3.515366399999948,kriging_results\s239_tx03\map239_tx3_ratio0_0200.png
s239_tx06,239,6,0.005,286,0.011630793011192825,4.19949202575451,1.650009502859225,1.5702031999999235,kriging_results\s239_tx06\map239_tx6_ratio0_0050.png
s239_tx06,239,6,0.01,572,0.00915695643310175,3.7262129711309355,1.2245062013096808,2.2307551000003514,kriging_results\s239_tx06\map239_tx6_ratio0_0100.png
s239_tx06,239,6,0.02,1143,0.007571895359432924,3.388397877443458,1.0071351837588178,3.5337388000007195,kriging_results\s239_tx06\map239_tx6_ratio0_0200.png
s239_tx08,239,8,0.005,286,0.01436488097525455,3.7303426318043718,1.5561580281062755,1.4924731999999494,kriging_results\s239_tx08\map239_tx8_ratio0_0050.png
s239_tx08,239,8,0.01,572,0.011381646071335275,3.3204751908270684,1.2115865609751626,2.2836426000003485,kriging_results\s239_tx08\map239_tx8_ratio0_0100.png
s239_tx08,239,8,0.02,1143,0.01009954482969989,3.127869342800075,0.9402231240633477,3.472846799999388,kriging_results\s239_tx08\map239_tx8_ratio0_0200.png
s239_tx22,239,22,0.005,286,0.006676733285004334,3.686175458637783,1.5036732625656681,1.4521034999997937,kriging_results\s239_tx22\map239_tx22_ratio0_0050.png
s239_tx22,239,22,0.01,572,0.005316565724766767,3.2893460480270544,1.1218652757434506,2.225977000000057,kriging_results\s239_tx22\map239_tx22_ratio0_0100.png
s239_tx22,239,22,0.02,1143,0.004458369454521752,3.012187533476994,0.9401862762309627,3.6428593999999066,kriging_results\s239_tx22\map239_tx22_ratio0_0200.png
s239_tx29,239,29,0.005,286,0.006780061202858992,3.7596625770789096,1.591577310412744,1.5367992000001323,kriging_results\s239_tx29\map239_tx29_ratio0_0050.png
s239_tx29,239,29,0.01,572,0.005191654415396999,3.2899170475714605,1.1700505598580169,2.28044619999946,kriging_results\s239_tx29\map239_tx29_ratio0_0100.png
s239_tx29,239,29,0.02,1143,0.004351920719580815,3.0121219053387125,0.9481964373052344,3.566746100000273,kriging_results\s239_tx29\map239_tx29_ratio0_0200.png
s239_tx30,239,30,0.005,286,0.01676334502224526,4.00185051961393,1.6647469147094396,1.4708160999998654,kriging_results\s239_tx30\map239_tx30_ratio0_0050.png
s239_tx30,239,30,0.01,572,0.012117800247876911,3.4024551794174833,1.2590194062526492,2.2891012000000046,kriging_results\s239_tx30\map239_tx30_ratio0_0100.png
s239_tx30,239,30,0.02,1143,0.010697664310075926,3.196870139661786,1.001226440627316,3.5047389999999723,kriging_results\s239_tx30\map239_tx30_ratio0_0200.png
s239_tx31,239,31,0.005,286,0.007836582704724142,3.9738421795732646,1.5665696461661611,1.4589175000000978,kriging_results\s239_tx31\map239_tx31_ratio0_0050.png
s239_tx31,239,31,0.01,572,0.005610995351245571,3.362538040836953,1.1371015048458935,2.2717603999999483,kriging_results\s239_tx31\map239_tx31_ratio0_0100.png
s239_tx31,239,31,0.02,1143,0.004861710037642481,3.1299815445550925,0.9017270793999922,3.6277823999998873,kriging_results\s239_tx31\map239_tx31_ratio0_0200.png
s239_tx32,239,32,0.005,286,0.014005287995178405,3.835056108637495,1.590903906013914,1.503211299999748,kriging_results\s239_tx32\map239_tx32_ratio0_0050.png
s239_tx32,239,32,0.01,572,0.011325281158210477,3.4486585366361955,1.228893666673418,2.375097999999525,kriging_results\s239_tx32\map239_tx32_ratio0_0100.png
s239_tx32,239,32,0.02,1143,0.010098552479252652,3.2565313519068075,0.9540827210268511,3.469420999999784,kriging_results\s239_tx32\map239_tx32_ratio0_0200.png
s239_tx37,239,37,0.005,286,0.006947389309735207,3.6318071516790194,1.423905753071168,1.5557823999997709,kriging_results\s239_tx37\map239_tx37_ratio0_0050.png
s239_tx37,239,37,0.01,572,0.005549276417931113,3.2458626837611795,1.122285742378719,2.3020412999994733,kriging_results\s239_tx37\map239_tx37_ratio0_0100.png
s239_tx37,239,37,0.02,1143,0.004519098620854913,2.929124834973285,0.8550334847295775,3.5358555000002525,kriging_results\s239_tx37\map239_tx37_ratio0_0200.png
s239_tx41,239,41,0.005,286,0.01753308070749286,4.222626680564936,1.694043466560148,1.4206349000005503,kriging_results\s239_tx41\map239_tx41_ratio0_0050.png
s239_tx41,239,41,0.01,572,0.01572309138425409,3.9987342833713817,1.3952432803535144,2.23078600000008,kriging_results\s239_tx41\map239_tx41_ratio0_0100.png
s239_tx41,239,41,0.02,1143,0.01306772321782906,3.6454700612272863,1.0521293634127744,3.6719545000005382,kriging_results\s239_tx41\map239_tx41_ratio0_0200.png
s239_tx43,239,43,0.005,286,0.00665129178828684,3.7341883066567743,1.5480742708491435,1.5056064000000333,kriging_results\s239_tx43\map239_tx43_ratio0_0050.png
s239_tx43,239,43,0.01,572,0.005423443626589135,3.3719472579843237,1.1968166055877116,2.2704603999991377,kriging_results\s239_tx43\map239_tx43_ratio0_0100.png
s239_tx43,239,43,0.02,1143,0.004477171617539385,3.0636918304124867,0.9629737309857889,3.460062199999811,kriging_results\s239_tx43\map239_tx43_ratio0_0200.png
s239_tx47,239,47,0.005,286,0.009383156189717122,3.9943378977872146,1.6245474855011193,1.4296486000002915,kriging_results\s239_tx47\map239_tx47_ratio0_0050.png
s239_tx47,239,47,0.01,572,0.007713606663101532,3.62158822287962,1.2538364721865565,2.2650654000008217,kriging_results\s239_tx47\map239_tx47_ratio0_0100.png
s239_tx47,239,47,0.02,1143,0.0063119893816648105,3.2760721810711853,0.9903535541946038,3.4774515999997675,kriging_results\s239_tx47\map239_tx47_ratio0_0200.png
s239_tx51,239,51,0.005,286,0.008630602829674204,3.9864636007152545,1.6192710906509715,1.5350889000001189,kriging_results\s239_tx51\map239_tx51_ratio0_0050.png
s239_tx51,239,51,0.01,572,0.0061330022539158886,3.3604991880529886,1.1453564434964545,2.1965679000004457,kriging_results\s239_tx51\map239_tx51_ratio0_0100.png
s239_tx51,239,51,0.02,1143,0.005225636512152733,3.1019645656620876,0.9444448926249149,3.5852941999992254,kriging_results\s239_tx51\map239_tx51_ratio0_0200.png
s239_tx58,239,58,0.005,286,0.00825584542464088,4.174679106191136,1.726011957762967,1.5253274999995483,kriging_results\s239_tx58\map239_tx58_ratio0_0050.png
s239_tx58,239,58,0.01,572,0.006112603136262839,3.592157879103796,1.3168974358547054,2.28847930000029,kriging_results\s239_tx58\map239_tx58_ratio0_0100.png
s239_tx58,239,58,0.02,1143,0.004873764219749415,3.2075584494295573,1.027038215549743,3.5024437000001853,kriging_results\s239_tx58\map239_tx58_ratio0_0200.png
s239_tx61,239,61,0.005,286,0.006648251749326369,3.6248654744760027,1.4765384797256242,1.4880739000000176,kriging_results\s239_tx61\map239_tx61_ratio0_0050.png
s239_tx61,239,61,0.01,572,0.005471900333314637,3.2885711407932914,1.1417600275682132,2.184403499999462,kriging_results\s239_tx61\map239_tx61_ratio0_0100.png
s239_tx61,239,61,0.02,1143,0.004598364183855737,3.0146704173142456,0.9182905000015811,3.4830194000005577,kriging_results\s239_tx61\map239_tx61_ratio0_0200.png
s239_tx64,239,64,0.005,286,0.01676283258337315,4.228662857593957,1.6656007460432853,1.5398119999999835,kriging_results\s239_tx64\map239_tx64_ratio0_0050.png
s239_tx64,239,64,0.01,572,0.014610913419246007,3.947917289933876,1.3949538280553493,2.214014899999711,kriging_results\s239_tx64\map239_tx64_ratio0_0100.png
s239_tx64,239,64,0.02,1143,0.012217050281851988,3.6100444119347466,1.0852933257899071,3.517229000000043,kriging_results\s239_tx64\map239_tx64_ratio0_0200.png
s239_tx66,239,66,0.005,286,0.0073058058657723595,3.913822866235939,1.6126933963048216,1.4940962999999101,kriging_results\s239_tx66\map239_tx66_ratio0_0050.png
s239_tx66,239,66,0.01,572,0.005992009650495539,3.5444867141888206,1.2952883942646545,2.320598099999188,kriging_results\s239_tx66\map239_tx66_ratio0_0100.png
s239_tx66,239,66,0.02,1143,0.0046512363791703145,3.1228513133338467,0.9883819581413452,3.5172468999999182,kriging_results\s239_tx66\map239_tx66_ratio0_0200.png
s239_tx67,239,67,0.005,286,0.00888234752138131,3.8620279899442833,1.5365783806244429,1.4507972999999765,kriging_results\s239_tx67\map239_tx67_ratio0_0050.png
s239_tx67,239,67,0.01,572,0.0066369609826686165,3.338383029230009,1.114252429126577,2.2593579000003956,kriging_results\s239_tx67\map239_tx67_ratio0_0100.png
s239_tx67,239,67,0.02,1143,0.0056544589663968334,3.0813928260787464,0.9191351904835279,3.613819200000762,kriging_results\s239_tx67\map239_tx67_ratio0_0200.png
s239_tx74,239,74,0.005,286,0.007338655393239609,3.7950705431304668,1.5950955737531158,1.4957328999998936,kriging_results\s239_tx74\map239_tx74_ratio0_0050.png
s239_tx74,239,74,0.01,572,0.005486184735944479,3.28130659474931,1.131597346897314,2.316458999999668,kriging_results\s239_tx74\map239_tx74_ratio0_0100.png
s239_tx74,239,74,0.02,1143,0.004309925399220102,2.9083486892039767,0.9048681914634233,3.589819100000568,kriging_results\s239_tx74\map239_tx74_ratio0_0200.png
s244_tx00,244,0,0.005,301,0.016016710915182565,5.114096503230543,2.201901003920547,1.5777158000000782,kriging_results\s244_tx00\map244_tx0_ratio0_0050.png
s244_tx00,244,0,0.01,602,0.014124098597308454,4.802447414835386,1.9209196753373772,2.428286699999262,kriging_results\s244_tx00\map244_tx0_ratio0_0100.png
s244_tx00,244,0,0.02,1203,0.00998622138538197,4.038153637974949,1.3368242843000773,3.8481050999998843,kriging_results\s244_tx00\map244_tx0_ratio0_0200.png
s244_tx03,244,3,0.005,301,0.010113099084586422,4.452035673200117,1.8836506914350384,1.5918164000004253,kriging_results\s244_tx03\map244_tx3_ratio0_0050.png
s244_tx03,244,3,0.01,602,0.00998576877094145,4.423919923670504,1.6547765403264505,2.475791400000162,kriging_results\s244_tx03\map244_tx3_ratio0_0100.png
s244_tx03,244,3,0.02,1203,0.007557978271022629,3.848746648200984,1.1501566265833825,3.7978461000002426,kriging_results\s244_tx03\map244_tx3_ratio0_0200.png
s244_tx05,244,5,0.005,301,0.015024837848120464,4.8301028902495515,2.002900713966006,1.5579466999997749,kriging_results\s244_tx05\map244_tx5_ratio0_0050.png
s244_tx05,244,5,0.01,602,0.014075586200169472,4.675033529985125,1.7646723505219553,2.1185193000001163,kriging_results\s244_tx05\map244_tx5_ratio0_0100.png
s244_tx05,244,5,0.02,1203,0.010968157602400455,4.1268465982038425,1.241681796244149,3.62901839999995,kriging_results\s244_tx05\map244_tx5_ratio0_0200.png
s244_tx10,244,10,0.005,301,0.00986173842552401,4.462214657610459,1.9133821713477255,1.5045234999997774,kriging_results\s244_tx10\map244_tx10_ratio0_0050.png
s244_tx10,244,10,0.01,602,0.009771717634407802,4.441801749318779,1.6836317880066762,2.384783399999833,kriging_results\s244_tx10\map244_tx10_ratio0_0100.png
s244_tx10,244,10,0.02,1203,0.007424018773088304,3.8716246549897737,1.1897942334231177,3.8937355999996726,kriging_results\s244_tx10\map244_tx10_ratio0_0200.png
s244_tx11,244,11,0.005,301,0.011632279782079499,4.060327031181585,1.7885402405189053,1.6387995999994018,kriging_results\s244_tx11\map244_tx11_ratio0_0050.png
s244_tx11,244,11,0.01,602,0.011654105022674277,4.064134316910591,1.6383724496795256,2.436619900000551,kriging_results\s244_tx11\map244_tx11_ratio0_0100.png
s244_tx11,244,11,0.02,1203,0.00868002027771298,3.507429540478146,1.1134364766686418,3.8472776999997222,kriging_results\s244_tx11\map244_tx11_ratio0_0200.png
s244_tx14,244,14,0.005,301,0.010854963548557242,4.233311018743193,1.904526286570434,1.5762719000003926,kriging_results\s244_tx14\map244_tx14_ratio0_0050.png
s244_tx14,244,14,0.01,602,0.009861119452793377,4.034865885288561,1.655156604404556,2.410378600000513,kriging_results\s244_tx14\map244_tx14_ratio0_0100.png
s244_tx14,244,14,0.02,1203,0.007498343276125324,3.518427805923144,1.2013324550822493,3.9245694999999614,kriging_results\s244_tx14\map244_tx14_ratio0_0200.png
s244_tx21,244,21,0.005,301,0.013102757677994197,4.673795500069667,2.0652306643722222,1.6814655000007406,kriging_results\s244_tx21\map244_tx21_ratio0_0050.png
s244_tx21,244,21,0.01,602,0.011693135770342835,4.415235199054088,1.7059403670915552,2.5512933999998495,kriging_results\s244_tx21\map244_tx21_ratio0_0100.png
s244_tx21,244,21,0.02,1203,0.008695924174754274,3.807555244466156,1.1944089660177715,4.114565899999434,kriging_results\s244_tx21\map244_tx21_ratio0_0200.png
s244_tx23,244,23,0.005,301,0.010898820837745049,4.700072126171417,2.1965721859263434,1.6358666000005542,kriging_results\s244_tx23\map244_tx23_ratio0_0050.png
s244_tx23,244,23,0.01,602,0.010081016109383487,4.520296571608564,1.947280102126235,2.5361569000006057,kriging_results\s244_tx23\map244_tx23_ratio0_0100.png
s244_tx23,244,23,0.02,1203,0.00799140875141085,4.024634460345313,1.4336282186414309,3.9293422999999166,kriging_results\s244_tx23\map244_tx23_ratio0_0200.png
s244_tx24,244,24,0.005,301,0.0105831679230641,4.513396405309236,2.1001089483729447,1.5713120000000345,kriging_results\s244_tx24\map244_tx24_ratio0_0050.png
s244_tx24,244,24,0.01,602,0.010646580884285899,4.52689806364395,1.8864591883420627,2.3899387000001298,kriging_results\s244_tx24\map244_tx24_ratio0_0100.png
s244_tx24,244,24,0.02,1203,0.00830831599294599,3.9990067610700835,1.383807444134809,3.9520494999997027,kriging_results\s244_tx24\map244_tx24_ratio0_0200.png
s244_tx26,244,26,0.005,301,0.009773777866650318,4.364340198316296,1.890325072091385,1.5375987999996141,kriging_results\s244_tx26\map244_tx26_ratio0_0050.png
s244_tx26,244,26,0.01,602,0.009749779978423585,4.358978959994234,1.6623364682208988,2.405766799999583,kriging_results\s244_tx26\map244_tx26_ratio0_0100.png
s244_tx26,244,26,0.02,1203,0.007200138510045459,3.7459138837068986,1.1528290933546597,3.9084468000000925,kriging_results\s244_tx26\map244_tx26_ratio0_0200.png
s244_tx31,244,31,0.005,301,0.010629143780005526,4.670003781567593,2.194925935003915,1.6657131000001755,kriging_results\s244_tx31\map244_tx31_ratio0_0050.png
s244_tx31,244,31,0.01,602,0.010069092849095697,4.545307475409383,1.9300930712507836,2.4752951999998913,kriging_results\s244_tx31\map244_tx31_ratio0_0100.png
s244_tx31,244,31,0.02,1203,0.007836656593963843,4.009899604325779,1.4193041236453248,3.9055546999998114,kriging_results\s244_tx31\map244_tx31_ratio0_0200.png
s244_tx34,244,34,0.005,301,0.012546169006404628,4.936964769304563,2.1303702982602903,1.6040814999996655,kriging_results\s244_tx34\map244_tx34_ratio0_0050.png
s244_tx34,244,34,0.01,602,0.012018210156430174,4.831971449673095,1.932621290532158,2.378606299999774,kriging_results\s244_tx34\map244_tx34_ratio0_0100.png
s244_tx34,244,34,0.02,1203,0.008253896146237246,4.004367765772717,1.2846810416231513,3.833949500000017,kriging_results\s244_tx34\map244_tx34_ratio0_0200.png
s244_tx38,244,38,0.005,301,0.014240869738937916,5.102595192932966,2.246244019921646,1.64115590000074,kriging_results\s244_tx38\map244_tx38_ratio0_0050.png
s244_tx38,244,38,0.01,602,0.01359746668429006,4.985995251651154,1.956217754518266,2.421993700000712,kriging_results\s244_tx38\map244_tx38_ratio0_0100.png
s244_tx38,244,38,0.02,1203,0.010292660957701271,4.337971485467683,1.4124865774208957,3.8926861999998437,kriging_results\s244_tx38\map244_tx38_ratio0_0200.png
s244_tx41,244,41,0.005,301,0.013983078147845638,5.032726631958381,2.314752624909527,1.5558344999999463,kriging_results\s244_tx41\map244_tx41_ratio0_0050.png
s244_tx41,244,41,0.01,602,0.013397569904093694,4.926233146688286,1.9409820813389338,2.426069600000119,kriging_results\s244_tx41\map244_tx41_ratio0_0100.png
s244_tx41,244,41,0.02,1203,0.010182421133814486,4.29464700000567,1.4095544534720268,3.8399718999999095,kriging_results\s244_tx41\map244_tx41_ratio0_0200.png
s244_tx51,244,51,0.005,301,0.012276520029413974,4.809938565168556,2.009547733252085,1.6283108000006905,kriging_results\s244_tx51\map244_tx51_ratio0_0050.png
s244_tx51,244,51,0.01,602,0.011833625592634194,4.722378578110435,1.751450611702081,2.41130080000039,kriging_results\s244_tx51\map244_tx51_ratio0_0100.png
s244_tx51,244,51,0.02,1203,0.008194135393090241,3.92964620921982,1.2141204647765447,3.916556700000001,kriging_results\s244_tx51\map244_tx51_ratio0_0200.png
s244_tx58,244,58,0.005,301,0.015863273014741455,5.315746272268285,2.2388016453890383,1.5781739999993079,kriging_results\s244_tx58\map244_tx58_ratio0_0050.png
s244_tx58,244,58,0.01,602,0.014886984412132513,5.149572954479222,2.022992177350815,2.4244214999998803,kriging_results\s244_tx58\map244_tx58_ratio0_0100.png
s244_tx58,244,58,0.02,1203,0.011131451774042804,4.452908276396643,1.46149852802919,4.028310000000602,kriging_results\s244_tx58\map244_tx58_ratio0_0200.png
s244_tx63,244,63,0.005,301,0.010316711793008871,3.2043463192589394,1.4970000341364158,1.6451458999999886,kriging_results\s244_tx63\map244_tx63_ratio0_0050.png
s244_tx63,244,63,0.01,602,0.00971173892953808,3.1089754983156177,1.3590781336675524,2.5716370000000097,kriging_results\s244_tx63\map244_tx63_ratio0_0100.png
s244_tx63,244,63,0.02,1203,0.006500935362766403,2.543646319414794,0.947998530308469,3.8081232000004093,kriging_results\s244_tx63\map244_tx63_ratio0_0200.png
s244_tx65,244,65,0.005,301,0.01090363253046934,4.632261663306152,2.2398297249493875,1.6591515999998592,kriging_results\s244_tx65\map244_tx65_ratio0_0050.png
s244_tx65,244,65,0.01,602,0.010182636599845083,4.476489823892251,1.9706962086412938,2.5260709999993196,kriging_results\s244_tx65\map244_tx65_ratio0_0100.png
s244_tx65,244,65,0.02,1203,0.008183861310595376,4.013161256795653,1.460739334519476,3.870670600000267,kriging_results\s244_tx65\map244_tx65_ratio0_0200.png
s244_tx66,244,66,0.005,301,0.011070452506677727,4.691448035026925,2.191552848947844,1.6206843999998455,kriging_results\s244_tx66\map244_tx66_ratio0_0050.png
s244_tx66,244,66,0.01,602,0.010798640717599789,4.63349580687211,1.9360114354090223,2.4460387999997693,kriging_results\s244_tx66\map244_tx66_ratio0_0100.png
s244_tx66,244,66,0.02,1203,0.008395411911529626,4.085500164804147,1.4201739702683935,3.885494699999981,kriging_results\s244_tx66\map244_tx66_ratio0_0200.png
s244_tx67,244,67,0.005,301,0.009098838654620144,4.192063646978024,1.8063604664885005,1.7115437000002203,kriging_results\s244_tx67\map244_tx67_ratio0_0050.png
s244_tx67,244,67,0.01,602,0.008839530553479212,4.13189698914158,1.6111960138339696,2.4452285999996093,kriging_results\s244_tx67\map244_tx67_ratio0_0100.png
s244_tx67,244,67,0.02,1203,0.006859598310458056,3.6398561904709332,1.153524897966844,3.8766396000000896,kriging_results\s244_tx67\map244_tx67_ratio0_0200.png
s253_tx02,253,2,0.005,261,0.022119227440039014,5.4293289906048186,2.8233551067229192,1.259023999999954,kriging_results\s253_tx02\map253_tx2_ratio0_0050.png
s253_tx02,253,2,0.01,522,0.01660328421313337,4.70390110180865,2.0165482455355215,1.9435205999998288,kriging_results\s253_tx02\map253_tx2_ratio0_0100.png
s253_tx02,253,2,0.02,1044,0.015468521326454694,4.540310757672928,1.6734421580662455,3.2152961000001596,kriging_results\s253_tx02\map253_tx2_ratio0_0200.png
s253_tx05,253,5,0.005,261,0.03113644072871462,5.44056181264479,2.8592114915116884,1.3008672999994815,kriging_results\s253_tx05\map253_tx5_ratio0_0050.png
s253_tx05,253,5,0.01,522,0.020284009110108123,4.39122979097156,1.9317161123094249,2.045097500000338,kriging_results\s253_tx05\map253_tx5_ratio0_0100.png
s253_tx05,253,5,0.02,1044,0.017665627235965018,4.098017397312511,1.4844511222023795,3.0019383999997444,kriging_results\s253_tx05\map253_tx5_ratio0_0200.png
s253_tx06,253,6,0.005,261,0.018339023479021124,5.466360123500676,2.741655943626992,1.2785586999998486,kriging_results\s253_tx06\map253_tx6_ratio0_0050.png
s253_tx06,253,6,0.01,522,0.014539213168840544,4.867215606369904,2.02283697099221,2.0241955999999846,kriging_results\s253_tx06\map253_tx6_ratio0_0100.png
s253_tx06,253,6,0.02,1044,0.013822540656881861,4.745741434213924,1.8010453011021208,3.040794399999868,kriging_results\s253_tx06\map253_tx6_ratio0_0200.png
s253_tx12,253,12,0.005,261,0.024062500183716532,5.4763985672342885,2.945760554783484,1.2846072000002096,kriging_results\s253_tx12\map253_tx12_ratio0_0050.png
s253_tx12,253,12,0.01,522,0.016745487355057247,4.5684993508492555,2.0149095386905005,1.9499253000003591,kriging_results\s253_tx12\map253_tx12_ratio0_0100.png
s253_tx12,253,12,0.02,1044,0.016357010884296662,4.515196410806599,1.7039429254253728,2.9731266999997388,kriging_results\s253_tx12\map253_tx12_ratio0_0200.png
s253_tx15,253,15,0.005,261,0.019404280957426325,5.594496868365252,2.8328263494144763,1.2046824999997625,kriging_results\s253_tx15\map253_tx15_ratio0_0050.png
s253_tx15,253,15,0.01,522,0.015052311027363633,4.927354996954778,2.0135699881393334,1.8454015999996045,kriging_results\s253_tx15\map253_tx15_ratio0_0100.png
s253_tx15,253,15,0.02,1044,0.014045650684721828,4.759739612408181,1.7063661711036724,2.913066600000093,kriging_results\s253_tx15\map253_tx15_ratio0_0200.png
s253_tx16,253,16,0.005,261,0.02112144749623495,5.955180545718458,3.0172152965498036,1.220201499999348,kriging_results\s253_tx16\map253_tx16_ratio0_0050.png
s253_tx16,253,16,0.01,522,0.015383188240381141,5.082252835044186,2.100889557647222,1.859269900000072,kriging_results\s253_tx16\map253_tx16_ratio0_0100.png
s253_tx16,253,16,0.02,1044,0.015059304244267605,5.028466320764681,1.8719406142558557,2.7652477000001454,kriging_results\s253_tx16\map253_tx16_ratio0_0200.png
s253_tx26,253,26,0.005,261,0.019645623841048093,5.6264877955499175,2.8199463553312807,1.2130956000000879,kriging_results\s253_tx26\map253_tx26_ratio0_0050.png
s253_tx26,253,26,0.01,522,0.015494129822798467,4.996755109261048,2.0407311225914375,1.8375624000000244,kriging_results\s253_tx26\map253_tx26_ratio0_0100.png
s253_tx26,253,26,0.02,1044,0.014257192646770512,4.793155045630155,1.7318268498119416,3.035621600000013,kriging_results\s253_tx26\map253_tx26_ratio0_0200.png
s253_tx28,253,28,0.005,261,0.02605857978505796,5.774709142844553,3.1497984008016657,1.2720165999999153,kriging_results\s253_tx28\map253_tx28_ratio0_0050.png
s253_tx28,253,28,0.01,522,0.018448604617142383,4.858883688748804,2.1332238253483236,2.029125999999451,kriging_results\s253_tx28\map253_tx28_ratio0_0100.png
s253_tx28,253,28,0.02,1044,0.015840490656054425,4.502347961426264,1.7027497617331588,3.100404000000708,kriging_results\s253_tx28\map253_tx28_ratio0_0200.png
s253_tx31,253,31,0.005,261,0.034566932134700246,5.963209357423994,2.9129130284998754,1.275892599999679,kriging_results\s253_tx31\map253_tx31_ratio0_0050.png
s253_tx31,253,31,0.01,522,0.02352656891935264,4.919590247615396,2.1034363524704824,1.9921966000001703,kriging_results\s253_tx31\map253_tx31_ratio0_0100.png
s253_tx31,253,31,0.02,1044,0.022812304101294142,4.844335540289685,1.7344876276695418,2.9850538000000597,kriging_results\s253_tx31\map253_tx31_ratio0_0200.png
s253_tx32,253,32,0.005,261,0.02163440423569198,5.52819416437615,2.782514756942754,1.2981810000001133,kriging_results\s253_tx32\map253_tx32_ratio0_0050.png
s253_tx32,253,32,0.01,522,0.017007417134788986,4.901511241940079,2.021381585684348,1.8302137000000585,kriging_results\s253_tx32\map253_tx32_ratio0_0100.png
s253_tx32,253,32,0.02,1044,0.01579706341077062,4.723881524239453,1.7004695565598174,2.913452900000266,kriging_results\s253_tx32\map253_tx32_ratio0_0200.png
s253_tx33,253,33,0.005,261,0.02181216559049894,5.633561506962267,2.9024490939552066,1.261258600000474,kriging_results\s253_tx33\map253_tx33_ratio0_0050.png
s253_tx33,253,33,0.01,522,0.016059185001040303,4.833874813941355,2.002646283426991,1.850168200000553,kriging_results\s253_tx33\map253_tx33_ratio0_0100.png
s253_tx33,253,33,0.02,1044,0.015443478526210933,4.740304171025658,1.7140744238748438,3.0298587999996016,kriging_results\s253_tx33\map253_tx33_ratio0_0200.png
s253_tx38,253,38,0.005,261,0.028411610505560955,4.970348210574677,2.5133094974115746,1.275061199999982,kriging_results\s253_tx38\map253_tx38_ratio0_0050.png
s253_tx38,253,38,0.01,522,0.02483330657237957,4.646823374686658,1.9278086671307522,1.9921834999995554,kriging_results\s253_tx38\map253_tx38_ratio0_0100.png
s253_tx38,253,38,0.02,1044,0.020355956767085168,4.207117596984366,1.531915508692526,3.084328699999787,kriging_results\s253_tx38\map253_tx38_ratio0_0200.png
s253_tx39,253,39,0.005,261,0.017971480295297323,5.381090075355063,2.703588232674896,1.3015845999998419,kriging_results\s253_tx39\map253_tx39_ratio0_0050.png
s253_tx39,253,39,0.01,522,0.014927884714863728,4.904304979328603,2.1309166945695783,1.974481299999752,kriging_results\s253_tx39\map253_tx39_ratio0_0100.png
s253_tx39,253,39,0.02,1044,0.013134184017669163,4.600233479733205,1.794433192480098,3.0485122000000047,kriging_results\s253_tx39\map253_tx39_ratio0_0200.png
s253_tx41,253,41,0.005,261,0.03321355491003236,4.865624170155294,2.371999194541444,1.2816670000011072,kriging_results\s253_tx41\map253_tx41_ratio0_0050.png
s253_tx41,253,41,0.01,522,0.028746978943244614,4.526650707783111,1.86200790152194,2.032827200000611,kriging_results\s253_tx41\map253_tx41_ratio0_0100.png
s253_tx41,253,41,0.02,1044,0.022190490187789354,3.9770799919549993,1.4666540082860167,3.001462000000174,kriging_results\s253_tx41\map253_tx41_ratio0_0200.png
s253_tx45,253,45,0.005,261,0.025657353345363558,5.959431111005235,3.1183221183696253,1.2399445999999443,kriging_results\s253_tx45\map253_tx45_ratio0_0050.png
s253_tx45,253,45,0.01,522,0.018454184073080724,5.054128736956306,2.101254601347191,2.040814700001647,kriging_results\s253_tx45\map253_tx45_ratio0_0100.png
s253_tx45,253,45,0.02,1044,0.01853662104933976,5.06540488713189,1.8780078628642733,3.0294094999990193,kriging_results\s253_tx45\map253_tx45_ratio0_0200.png
s253_tx48,253,48,0.005,261,0.03352890538000643,4.947878074020355,2.47344269263441,1.260106599998835,kriging_results\s253_tx48\map253_tx48_ratio0_0050.png
s253_tx48,253,48,0.01,522,0.026764853685533142,4.420707049793287,1.7862046402513247,2.069760200000019,kriging_results\s253_tx48\map253_tx48_ratio0_0100.png
s253_tx48,253,48,0.02,1044,0.025658297496253715,4.3283584529157935,1.4821038275686815,3.1970369999999093,kriging_results\s253_tx48\map253_tx48_ratio0_0200.png
s253_tx49,253,49,0.005,261,0.018934120906620274,5.5550400246707925,2.8103805260240153,1.270776900000783,kriging_results\s253_tx49\map253_tx49_ratio0_0050.png
s253_tx49,253,49,0.01,522,0.014835186525746013,4.917123605809503,2.0337504153077655,1.9864694999996573,kriging_results\s253_tx49\map253_tx49_ratio0_0100.png
s253_tx49,253,49,0.02,1044,0.013953243822983488,4.7687242688728055,1.7593027018719916,2.9507655999987037,kriging_results\s253_tx49\map253_tx49_ratio0_0200.png
s253_tx58,253,58,0.005,261,0.03565999346299305,5.0429589578389376,2.5539345361195647,1.1399497000002157,kriging_results\s253_tx58\map253_tx58_ratio0_0050.png
s253_tx58,253,58,0.01,522,0.026433530290590528,4.341825632122124,1.7973345726779297,1.9086650000008376,kriging_results\s253_tx58\map253_tx58_ratio0_0100.png
s253_tx58,253,58,0.02,1044,0.026772727684246645,4.369594144614201,1.5467802486632163,3.2875112000001536,kriging_results\s253_tx58\map253_tx58_ratio0_0200.png
s253_tx70,253,70,0.005,261,0.028483170301614694,5.549042325484874,3.008238701738726,1.2769005999998626,kriging_results\s253_tx70\map253_tx70_ratio0_0050.png
s253_tx70,253,70,0.01,522,0.017479511009230633,4.346988673854091,1.9830982383140092,1.969315900001675,kriging_results\s253_tx70\map253_tx70_ratio0_0100.png
s253_tx70,253,70,0.02,1044,0.015822462238889442,4.135813087299126,1.614783031646557,3.0259788000003027,kriging_results\s253_tx70\map253_tx70_ratio0_0200.png
s253_tx71,253,71,0.005,261,0.02612706693123385,5.760922604281907,3.15574197913808,1.2732736999987537,kriging_results\s253_tx71\map253_tx71_ratio0_0050.png
s253_tx71,253,71,0.01,522,0.01858746608976628,4.859110855374231,2.1327352638091757,1.9702102999999624,kriging_results\s253_tx71\map253_tx71_ratio0_0100.png
s253_tx71,253,71,0.02,1044,0.015779746148765424,4.477099218878331,1.701386653288733,3.2446742000011,kriging_results\s253_tx71\map253_tx71_ratio0_0200.png
s263_tx00,263,0,0.005,277,0.014744750650645263,4.408487175898272,1.9942537346059066,1.4471071000007214,kriging_results\s263_tx00\map263_tx0_ratio0_0050.png
s263_tx00,263,0,0.01,554,0.008531292222358532,3.3533452786743227,1.356033247385101,1.9987882999994326,kriging_results\s263_tx00\map263_tx0_ratio0_0100.png
s263_tx00,263,0,0.02,1108,0.006591707673449146,2.9476086972444517,1.0279159799298065,3.2783908000001247,kriging_results\s263_tx00\map263_tx0_ratio0_0200.png
s263_tx02,263,2,0.005,277,0.013269627415706382,4.371869584699791,2.026607652315519,1.4196114000005764,kriging_results\s263_tx02\map263_tx2_ratio0_0050.png
s263_tx02,263,2,0.01,554,0.009888444082559322,3.77399928808243,1.5005838905818825,2.2394062999992457,kriging_results\s263_tx02\map263_tx2_ratio0_0100.png
s263_tx02,263,2,0.02,1108,0.008249944653409306,3.4471750953201874,1.2087933721390698,3.4430694000002404,kriging_results\s263_tx02\map263_tx2_ratio0_0200.png
s263_tx08,263,8,0.005,277,0.020604018068484428,4.72731009239032,2.216168617999507,1.4694622999995772,kriging_results\s263_tx08\map263_tx8_ratio0_0050.png
s263_tx08,263,8,0.01,554,0.01620292876316634,4.192131488532613,1.7049780007478066,2.280823600000076,kriging_results\s263_tx08\map263_tx8_ratio0_0100.png
s263_tx08,263,8,0.02,1108,0.016892520082634054,4.280409814353971,1.4607043423207908,3.4026037999992695,kriging_results\s263_tx08\map263_tx8_ratio0_0200.png
s263_tx11,263,11,0.005,277,0.015835433709793942,4.899888562517904,2.22566175935079,1.413905800000066,kriging_results\s263_tx11\map263_tx11_ratio0_0050.png
s263_tx11,263,11,0.01,554,0.012286259155484145,4.31599627664361,1.678499463392136,2.2053711999997176,kriging_results\s263_tx11\map263_tx11_ratio0_0100.png
s263_tx11,263,11,0.02,1108,0.010301131680430696,3.9519705112728043,1.3556135185840907,3.383490999998685,kriging_results\s263_tx11\map263_tx11_ratio0_0200.png
s263_tx27,263,27,0.005,277,0.01873327219516132,5.221157098848276,2.458778325709912,1.4297059000000445,kriging_results\s263_tx27\map263_tx27_ratio0_0050.png
s263_tx27,263,27,0.01,554,0.015549927148237247,4.7569011066449125,1.8739109148447513,2.2174150999999256,kriging_results\s263_tx27\map263_tx27_ratio0_0100.png
s263_tx27,263,27,0.02,1108,0.016071794371100963,4.836064937887632,1.6152276542634791,3.3133778999999777,kriging_results\s263_tx27\map263_tx27_ratio0_0200.png
s263_tx28,263,28,0.005,277,0.022957658072693284,5.296460998401558,2.370378130861464,1.3933325999987574,kriging_results\s263_tx28\map263_tx28_ratio0_0050.png
s263_tx28,263,28,0.01,554,0.01881289461812998,4.794571477007302,1.8790294154395837,2.132274999999936,kriging_results\s263_tx28\map263_tx28_ratio0_0100.png
s263_tx28,263,28,0.02,1108,0.018796161343276305,4.792438723010794,1.5706855132025965,3.140890099999524,kriging_results\s263_tx28\map263_tx28_ratio0_0200.png
s263_tx30,263,30,0.005,277,0.019689864593816504,5.496409146455784,2.5405179850407316,1.369545300000027,kriging_results\s263_tx30\map263_tx30_ratio0_0050.png
s263_tx30,263,30,0.01,554,0.016695421807536512,5.061233635745558,2.0436792170007934,2.163292700000966,kriging_results\s263_tx30\map263_tx30_ratio0_0100.png
s263_tx30,263,30,0.02,1108,0.015518979579150468,4.879656724948546,1.61546661906338,3.170069899999362,kriging_results\s263_tx30\map263_tx30_ratio0_0200.png
s263_tx37,263,37,0.005,277,0.01644132139082337,4.657978583396315,2.1754179647264547,1.3777846000011778,kriging_results\s263_tx37\map263_tx37_ratio0_0050.png
s263_tx37,263,37,0.01,554,0.014681197766377824,4.401592846669189,1.694493362293723,2.2529032999991614,kriging_results\s263_tx37\map263_tx37_ratio0_0100.png
s263_tx37,263,37,0.02,1108,0.011720969202370344,3.9328817216205803,1.350963367292835,3.2929384999988542,kriging_results\s263_tx37\map263_tx37_ratio0_0200.png
s263_tx39,263,39,0.005,277,0.011904497898380868,4.168456369015603,1.9636665193713394,1.3596261999991839,kriging_results\s263_tx39\map263_tx39_ratio0_0050.png
s263_tx39,263,39,0.01,554,0.009091097757011939,3.6427375309760626,1.4356924756713443,2.1933100999995077,kriging_results\s263_tx39\map263_tx39_ratio0_0100.png
s263_tx39,263,39,0.02,1108,0.007271216563077827,3.257791317945466,1.1096586128501622,3.315531500000361,kriging_results\s263_tx39\map263_tx39_ratio0_0200.png
s263_tx50,263,50,0.005,277,0.01907144321899183,4.5317518208857175,1.9703496162696734,1.4280158000001393,kriging_results\s263_tx50\map263_tx50_ratio0_0050.png
s263_tx50,263,50,0.01,554,0.01629670456221355,4.189133884052226,1.5946920599373056,2.227013400000942,kriging_results\s263_tx50\map263_tx50_ratio0_0100.png
s263_tx50,263,50,0.02,1108,0.017386222000250036,4.326900930890026,1.3885370845770921,3.308099799998672,kriging_results\s263_tx50\map263_tx50_ratio0_0200.png
s263_tx51,263,51,0.005,277,0.017555030843851443,4.952116843799588,2.3034287598006604,1.3784899999991467,kriging_results\s263_tx51\map263_tx51_ratio0_0050.png
s263_tx51,263,51,0.01,554,0.013977776341034746,4.418848706850265,1.7896028065346201,2.2467280000000756,kriging_results\s263_tx51\map263_tx51_ratio0_0100.png
s263_tx51,263,51,0.02,1108,0.011884052488961273,4.074481697934069,1.3794791289909163,3.156689600000391,kriging_results\s263_tx51\map263_tx51_ratio0_0200.png
s263_tx52,263,52,0.005,277,0.01772562265788443,4.988083181552112,2.2812316168210796,1.3542258000015863,kriging_results\s263_tx52\map263_tx52_ratio0_0050.png
s263_tx52,263,52,0.01,554,0.014214818675973432,4.4668729775742655,1.789016576550855,2.173822500000824,kriging_results\s263_tx52\map263_tx52_ratio0_0100.png
s263_tx52,263,52,0.02,1108,0.012201430501851103,4.138455746649141,1.420534072523696,3.2394590999992943,kriging_results\s263_tx52\map263_tx52_ratio0_0200.png
s263_tx61,263,61,0.005,277,0.014444368452444489,4.587488676853106,2.052205649792355,1.39719150000019,kriging_results\s263_tx61\map263_tx61_ratio0_0050.png
s263_tx61,263,61,0.01,554,0.011641741997226302,4.118458664945795,1.5517262437265744,2.162464600000021,kriging_results\s263_tx61\map263_tx61_ratio0_0100.png
s263_tx61,263,61,0.02,1108,0.009444548347689912,3.7095081060890864,1.2077042805111131,3.3000923999989027,kriging_results\s263_tx61\map263_tx61_ratio0_0200.png
s263_tx63,263,63,0.005,277,0.016613363300642503,4.658137444751831,2.152857162984313,1.4403233999983058,kriging_results\s263_tx63\map263_tx63_ratio0_0050.png
s263_tx63,263,63,0.01,554,0.014583915924469663,4.364360221888715,1.658110402495825,2.1615624000005482,kriging_results\s263_tx63\map263_tx63_ratio0_0100.png
s263_tx63,263,63,0.02,1108,0.011556602680262344,3.885067849960391,1.3319473573710894,3.312475800001266,kriging_results\s263_tx63\map263_tx63_ratio0_0200.png
s263_tx64,263,64,0.005,277,0.01822764067698916,5.334546851262373,2.3586804550342495,1.442736999999397,kriging_results\s263_tx64\map263_tx64_ratio0_0050.png
s263_tx64,263,64,0.01,554,0.015818000455246513,4.969447498371732,1.8820802071660057,2.16219860000092,kriging_results\s263_tx64\map263_tx64_ratio0_0100.png
s263_tx64,263,64,0.02,1108,0.014918510991088397,4.826085897217549,1.5337824947397323,2.956687100000636,kriging_results\s263_tx64\map263_tx64_ratio0_0200.png
s263_tx69,263,69,0.005,277,0.01417826877263858,4.5206630081165855,2.044697616467801,1.350774900000033,kriging_results\s263_tx69\map263_tx69_ratio0_0050.png
s263_tx69,263,69,0.01,554,0.011154790291390947,4.00978637962669,1.5090148950019475,2.020958699999028,kriging_results\s263_tx69\map263_tx69_ratio0_0100.png
s263_tx69,263,69,0.02,1108,0.008978408292502968,3.597412234456803,1.1770151714961963,3.102770199999213,kriging_results\s263_tx69\map263_tx69_ratio0_0200.png
s263_tx72,263,72,0.005,277,0.018608528123280156,4.752607048403039,2.188079798315623,1.335219500000676,kriging_results\s263_tx72\map263_tx72_ratio0_0050.png
s263_tx72,263,72,0.01,554,0.016278839228719613,4.445162191235339,1.717667972024364,2.0370629000008194,kriging_results\s263_tx72\map263_tx72_ratio0_0100.png
s263_tx72,263,72,0.02,1108,0.01400125385304579,4.122487629645927,1.387931564684437,3.240688699999737,kriging_results\s263_tx72\map263_tx72_ratio0_0200.png
s263_tx76,263,76,0.005,277,0.020108656212700225,5.22402101052785,2.4433629684546023,1.3380711999998312,kriging_results\s263_tx76\map263_tx76_ratio0_0050.png
s263_tx76,263,76,0.01,554,0.01697473502316632,4.79970879189998,1.8668710954477774,1.9970623000008345,kriging_results\s263_tx76\map263_tx76_ratio0_0100.png
s263_tx76,263,76,0.02,1108,0.01759893822489433,4.887160720908376,1.6116585692687315,3.2966300000007323,kriging_results\s263_tx76\map263_tx76_ratio0_0200.png
s263_tx78,263,78,0.005,277,0.018370208038922097,5.339939986299639,2.35321608791132,1.366049700000076,kriging_results\s263_tx78\map263_tx78_ratio0_0050.png
s263_tx78,263,78,0.01,554,0.015181703131599179,4.854445103430648,1.924759215212365,2.0399322000012035,kriging_results\s263_tx78\map263_tx78_ratio0_0100.png
s263_tx78,263,78,0.02,1108,0.014422302174139588,4.7314759918654445,1.6080293478601067,3.2897747999995772,kriging_results\s263_tx78\map263_tx78_ratio0_0200.png
s263_tx79,263,79,0.005,277,0.014560798104512744,4.547964550068222,2.192494545209455,1.3322948999993969,kriging_results\s263_tx79\map263_tx79_ratio0_0050.png
s263_tx79,263,79,0.01,554,0.012644155494130387,4.238082370187443,1.7455001586193526,2.036888900000122,kriging_results\s263_tx79\map263_tx79_ratio0_0100.png
s263_tx79,263,79,0.02,1108,0.011248459774907968,3.9973392613983347,1.4048210947898199,3.290833400000338,kriging_results\s263_tx79\map263_tx79_ratio0_0200.png
s275_tx02,275,2,0.005,281,0.013838587812607871,4.691086991175848,1.8181909516491748,1.3958124999990105,kriging_results\s275_tx02\map275_tx2_ratio0_0050.png
s275_tx02,275,2,0.01,561,0.012222198646565957,4.408615949672359,1.4200284154689526,2.1076171999993676,kriging_results\s275_tx02\map275_tx2_ratio0_0100.png
s275_tx02,275,2,0.02,1122,0.008735551598754469,3.727114676803598,0.9592787096904316,3.398162700001194,kriging_results\s275_tx02\map275_tx2_ratio0_0200.png
s275_tx03,275,3,0.005,281,0.018918227149149532,4.567572104042126,1.9105534539495455,1.379141299999901,kriging_results\s275_tx03\map275_tx3_ratio0_0050.png
s275_tx03,275,3,0.01,561,0.01408266286876595,3.9408289801712733,1.4049126085996666,2.057577900000979,kriging_results\s275_tx03\map275_tx3_ratio0_0100.png
s275_tx03,275,3,0.02,1122,0.011958005249500126,3.6314039226390538,0.9987323157304991,3.3640384000009362,kriging_results\s275_tx03\map275_tx3_ratio0_0200.png
s275_tx05,275,5,0.005,281,0.01431815419172929,4.716254804644104,1.825478322501401,1.3378588000014133,kriging_results\s275_tx05\map275_tx5_ratio0_0050.png
s275_tx05,275,5,0.01,561,0.012286657281686392,4.368885033699531,1.3652644424535088,2.1068321999991895,kriging_results\s275_tx05\map275_tx5_ratio0_0100.png
s275_tx05,275,5,0.02,1122,0.009041550210845854,3.7477894673499947,0.9757843666639316,3.3241588000000775,kriging_results\s275_tx05\map275_tx5_ratio0_0200.png
s275_tx13,275,13,0.005,281,0.01894436404544213,4.927882388697914,1.9776779621391445,1.3694480000012845,kriging_results\s275_tx13\map275_tx13_ratio0_0050.png
s275_tx13,275,13,0.01,561,0.016766415142856567,4.6359680273516854,1.6009866138588813,2.0660008000013477,kriging_results\s275_tx13\map275_tx13_ratio0_0100.png
s275_tx13,275,13,0.02,1122,0.013855714886979125,4.21439066467099,1.1207824011977883,3.369378200000938,kriging_results\s275_tx13\map275_tx13_ratio0_0200.png
s275_tx15,275,15,0.005,281,0.014436059987055824,4.222042246408857,1.900965253976267,1.3701156999995874,kriging_results\s275_tx15\map275_tx15_ratio0_0050.png
s275_tx15,275,15,0.01,561,0.011943320560913696,3.8402613043536875,1.4472312453036817,2.087562999999136,kriging_results\s275_tx15\map275_tx15_ratio0_0100.png
s275_tx15,275,15,0.02,1122,0.008931493911102522,3.320934306017823,1.0086555688466112,3.1511019999998098,kriging_results\s275_tx15\map275_tx15_ratio0_0200.png
s275_tx16,275,16,0.005,281,0.015391575834723057,4.71058212747572,1.8929171327896661,1.338135500000135,kriging_results\s275_tx16\map275_tx16_ratio0_0050.png
s275_tx16,275,16,0.01,561,0.013099512178033908,4.345708560199118,1.4183459956581035,2.0635016999985965,kriging_results\s275_tx16\map275_tx16_ratio0_0100.png
s275_tx16,275,16,0.02,1122,0.008932649287306105,3.5885845390032527,0.9375842233775641,3.2923940000000584,kriging_results\s275_tx16\map275_tx16_ratio0_0200.png
s275_tx17,275,17,0.005,281,0.019268281725396227,4.515463655988909,1.8745531238193345,1.3725759999997535,kriging_results\s275_tx17\map275_tx17_ratio0_0050.png
s275_tx17,275,17,0.01,561,0.013944781836658584,3.8413751185619947,1.3427058558064424,2.079747800000405,kriging_results\s275_tx17\map275_tx17_ratio0_0100.png
s275_tx17,275,17,0.02,1122,0.012014359430010078,3.5655879666392405,0.9823120430968445,3.31455570000071,kriging_results\s275_tx17\map275_tx17_ratio0_0200.png
s275_tx18,275,18,0.005,281,0.018063849112479883,4.536736550765292,1.8230311300817947,1.4069751000006363,kriging_results\s275_tx18\map275_tx18_ratio0_0050.png
s275_tx18,275,18,0.01,561,0.01573416195149462,4.234091287961532,1.4272744038397183,2.07419900000059,kriging_results\s275_tx18\map275_tx18_ratio0_0100.png
s275_tx18,275,18,0.02,1122,0.0112297105716638,3.577030859513602,0.973839378060978,2.8985761999992974,kriging_results\s275_tx18\map275_tx18_ratio0_0200.png
s275_tx19,275,19,0.005,281,0.009686665827810336,4.1516930135844055,1.726073156167434,1.3208570999995572,kriging_results\s275_tx19\map275_tx19_ratio0_0050.png
s275_tx19,275,19,0.01,561,0.009083098971684966,4.020268932787906,1.440328517774277,2.0914979000008316,kriging_results\s275_tx19\map275_tx19_ratio0_0100.png
s275_tx19,275,19,0.02,1122,0.006777796172388822,3.472820412430202,0.9764981063262836,3.1613422999998875,kriging_results\s275_tx19\map275_tx19_ratio0_0200.png
s275_tx29,275,29,0.005,281,0.013538470442075977,4.551739406200385,1.8447961432203825,1.3733711000004405,kriging_results\s275_tx29\map275_tx29_ratio0_0050.png
s275_tx29,275,29,0.01,561,0.012207920874213293,4.322285451644179,1.412028698054683,2.1415242000002763,kriging_results\s275_tx29\map275_tx29_ratio0_0100.png
s275_tx29,275,29,0.02,1122,0.007840671597143339,3.4639309467758266,0.9829709788625225,3.362010900000314,kriging_results\s275_tx29\map275_tx29_ratio0_0200.png
s275_tx38,275,38,0.005,281,0.017863711814945817,4.525640832470759,1.8506015209557294,1.4064352000004874,kriging_results\s275_tx38\map275_tx38_ratio0_0050.png
s275_tx38,275,38,0.01,561,0.013375668909203099,3.916083832944676,1.3687459932105577,2.211115100000825,kriging_results\s275_tx38\map275_tx38_ratio0_0100.png
s275_tx38,275,38,0.02,1122,0.010092755023703055,3.4017240609419774,0.9989795227273939,3.310490399999253,kriging_results\s275_tx38\map275_tx38_ratio0_0200.png
s275_tx43,275,43,0.005,281,0.0110527401796895,4.031456472793185,1.628610581264303,1.3787439000006998,kriging_results\s275_tx43\map275_tx43_ratio0_0050.png
s275_tx43,275,43,0.01,561,0.00827224236012258,3.4876960117748173,1.2311701233457708,2.134956500000044,kriging_results\s275_tx43\map275_tx43_ratio0_0100.png
s275_tx43,275,43,0.02,1122,0.0063240823605456645,3.0494797526855035,0.8794519194171433,3.407258899998851,kriging_results\s275_tx43\map275_tx43_ratio0_0200.png
s275_tx47,275,47,0.005,281,0.00913254969986732,3.649744679027044,1.6143968864467724,1.5025903999994625,kriging_results\s275_tx47\map275_tx47_ratio0_0050.png
s275_tx47,275,47,0.01,561,0.006597693409655994,3.102148058661546,1.2277176853643867,2.2189579000005324,kriging_results\s275_tx47\map275_tx47_ratio0_0100.png
s275_tx47,275,47,0.02,1122,0.004708535630507851,2.6206522484302326,0.8518810607292936,3.49542079999992,kriging_results\s275_tx47\map275_tx47_ratio0_0200.png
s275_tx49,275,49,0.005,281,0.021231860666284283,5.389746997950184,2.241764262437408,1.5112806000015553,kriging_results\s275_tx49\map275_tx49_ratio0_0050.png
s275_tx49,275,49,0.01,561,0.01715463495266606,4.844679970335049,1.7635481295109128,2.175547999999253,kriging_results\s275_tx49\map275_tx49_ratio0_0100.png
s275_tx49,275,49,0.02,1122,0.01220961224102402,4.087194372189937,1.2113227424457615,3.3591506000011577,kriging_results\s275_tx49\map275_tx49_ratio0_0200.png
s275_tx56,275,56,0.005,281,0.013045476022254825,4.695430281898992,1.8458534486603908,1.4068321000013384,kriging_results\s275_tx56\map275_tx56_ratio0_0050.png
s275_tx56,275,56,0.01,561,0.011023730257488666,4.316281149707282,1.42895857761257,1.9082061999997677,kriging_results\s275_tx56\map275_tx56_ratio0_0100.png
s275_tx56,275,56,0.02,1122,0.007501453844474884,3.5605587235707254,0.9775341855603472,3.461431099998663,kriging_results\s275_tx56\map275_tx56_ratio0_0200.png
s275_tx57,275,57,0.005,281,0.018416750851184487,4.513283904447734,1.9155944683792934,1.4412884000012127,kriging_results\s275_tx57\map275_tx57_ratio0_0050.png
s275_tx57,275,57,0.01,561,0.01352824049880631,3.868181165599312,1.4092068620728129,2.2106913999996323,kriging_results\s275_tx57\map275_tx57_ratio0_0100.png
s275_tx57,275,57,0.02,1122,0.011562156336745922,3.5760662839145665,1.005770973410082,3.4149605999991763,kriging_results\s275_tx57\map275_tx57_ratio0_0200.png
s275_tx61,275,61,0.005,281,0.015084415995944038,4.092771175425147,1.8984111909781798,1.4388642000012624,kriging_results\s275_tx61\map275_tx61_ratio0_0050.png
s275_tx61,275,61,0.01,561,0.012725305930010356,3.759129755151948,1.444355570036203,2.1829646000005596,kriging_results\s275_tx61\map275_tx61_ratio0_0100.png
s275_tx61,275,61,0.02,1122,0.009144018078126188,3.1865573774692426,1.0050164522942104,3.59794729999885,kriging_results\s275_tx61\map275_tx61_ratio0_0200.png
s275_tx68,275,68,0.005,281,0.019272968023233524,4.439446815086406,2.0000289677234155,1.5144956999993155,kriging_results\s275_tx68\map275_tx68_ratio0_0050.png
s275_tx68,275,68,0.01,561,0.014193944795919518,3.8098345299224334,1.4599225782557592,2.1139999000006355,kriging_results\s275_tx68\map275_tx68_ratio0_0100.png
s275_tx68,275,68,0.02,1122,0.012292232512108267,3.5454382950021994,1.1169914715460456,3.29967089999991,kriging_results\s275_tx68\map275_tx68_ratio0_0200.png
s275_tx69,275,69,0.005,281,0.021098298148704574,5.081550997845277,2.095983005628389,1.543039600001066,kriging_results\s275_tx69\map275_tx69_ratio0_0050.png
s275_tx69,275,69,0.01,561,0.017087765789646357,4.573147669797144,1.598743188553198,2.1770572000004904,kriging_results\s275_tx69\map275_tx69_ratio0_0100.png
s275_tx69,275,69,0.02,1122,0.012656189202621217,3.935718801014714,1.157513822015236,3.5106878000005963,kriging_results\s275_tx69\map275_tx69_ratio0_0200.png
s275_tx74,275,74,0.005,281,0.01592075137609338,4.904896121595556,2.063864558761355,1.5397500999988551,kriging_results\s275_tx74\map275_tx74_ratio0_0050.png
s275_tx74,275,74,0.01,561,0.014276777739325494,4.644758423923452,1.7462824851560985,2.144362799999726,kriging_results\s275_tx74\map275_tx74_ratio0_0100.png
s275_tx74,275,74,0.02,1122,0.0106384560024572,4.009473363557414,1.2502074498898417,3.4912616000001435,kriging_results\s275_tx74\map275_tx74_ratio0_0200.png
s276_tx09,276,9,0.005,243,0.034476364906888414,6.184955504212774,3.3202847925408534,1.156655500000852,kriging_results\s276_tx09\map276_tx9_ratio0_0050.png
s276_tx09,276,9,0.01,486,0.027346234043609582,5.508389040747604,2.525518549936358,1.7483292000015354,kriging_results\s276_tx09\map276_tx9_ratio0_0100.png
s276_tx09,276,9,0.02,972,0.02241369722588088,4.986922237519963,1.8481965306963104,2.8255121000001964,kriging_results\s276_tx09\map276_tx9_ratio0_0200.png
s276_tx12,276,12,0.005,243,0.030514912001913537,6.101937769850589,3.271914801394882,1.1585206999989168,kriging_results\s276_tx12\map276_tx12_ratio0_0050.png
s276_tx12,276,12,0.01,486,0.026732753786801372,5.711281577524658,2.683504882891623,1.7843794000000344,kriging_results\s276_tx12\map276_tx12_ratio0_0100.png
s276_tx12,276,12,0.02,972,0.02139906482656915,5.109861245045196,1.9049477323082094,2.726244899999074,kriging_results\s276_tx12\map276_tx12_ratio0_0200.png
s276_tx14,276,14,0.005,243,0.02968034663601526,5.903250866556577,3.158183114912006,1.220723899999939,kriging_results\s276_tx14\map276_tx14_ratio0_0050.png
s276_tx14,276,14,0.01,486,0.02614658239890031,5.54069477233964,2.5426626897377265,1.7188563999989128,kriging_results\s276_tx14\map276_tx14_ratio0_0100.png
s276_tx14,276,14,0.02,972,0.021064042864240216,4.973104847196012,1.7781440951195346,2.677464600001258,kriging_results\s276_tx14\map276_tx14_ratio0_0200.png
s276_tx20,276,20,0.005,243,0.029656034873298705,6.111981073426048,3.1280284184399707,1.157570699999269,kriging_results\s276_tx20\map276_tx20_ratio0_0050.png
s276_tx20,276,20,0.01,486,0.029421008321144384,6.087713934561023,2.630512492343415,1.7140388999996503,kriging_results\s276_tx20\map276_tx20_ratio0_0100.png
s276_tx20,276,20,0.02,972,0.023817970689840404,5.4774425799605115,1.8884014853519042,2.802783200000704,kriging_results\s276_tx20\map276_tx20_ratio0_0200.png
s276_tx24,276,24,0.005,243,0.04506078861060265,6.288582103583474,3.247023810839534,1.132203600000139,kriging_results\s276_tx24\map276_tx24_ratio0_0050.png
s276_tx24,276,24,0.01,486,0.030202347911010237,5.148416855908184,2.418937315592143,1.816725700000461,kriging_results\s276_tx24\map276_tx24_ratio0_0100.png
s276_tx24,276,24,0.02,972,0.023686690225092524,4.559377283470572,1.669745284454573,2.755292499999996,kriging_results\s276_tx24\map276_tx24_ratio0_0200.png
s276_tx27,276,27,0.005,243,0.029522791209812833,5.896265871056542,3.1619832107052255,1.1309702000016841,kriging_results\s276_tx27\map276_tx27_ratio0_0050.png
s276_tx27,276,27,0.01,486,0.02645450244684517,5.581464335936061,2.547053271436148,1.7997484000006807,kriging_results\s276_tx27\map276_tx27_ratio0_0100.png
s276_tx27,276,27,0.02,972,0.021148102306654638,4.990384928348908,1.7883916779738738,2.852241699998558,kriging_results\s276_tx27\map276_tx27_ratio0_0200.png
s276_tx30,276,30,0.005,243,0.03945141894335892,6.31805465927824,3.319065300121862,1.1439355000002251,kriging_results\s276_tx30\map276_tx30_ratio0_0050.png
s276_tx30,276,30,0.01,486,0.02945027208079364,5.4587942021927685,2.432404970768533,1.8287621999988914,kriging_results\s276_tx30\map276_tx30_ratio0_0100.png
s276_tx30,276,30,0.02,972,0.022144980285613215,4.73357989419652,1.7012975948564044,2.6921859000012773,kriging_results\s276_tx30\map276_tx30_ratio0_0200.png
s276_tx37,276,37,0.005,243,0.03446592287319176,5.840745195757062,3.236158601825309,1.148517300000094,kriging_results\s276_tx37\map276_tx37_ratio0_0050.png
s276_tx37,276,37,0.01,486,0.029889832544968527,5.4392001231423945,2.3303445300877725,1.772989500001131,kriging_results\s276_tx37\map276_tx37_ratio0_0100.png
s276_tx37,276,37,0.02,972,0.023154344473805596,4.787287850770162,1.686472658022102,2.835156900000584,kriging_results\s276_tx37\map276_tx37_ratio0_0200.png
s276_tx38,276,38,0.005,243,0.02956719951922356,6.037221407822752,3.1230990369308436,1.258082000000286,kriging_results\s276_tx38\map276_tx38_ratio0_0050.png
s276_tx38,276,38,0.01,486,0.028305531479769604,5.907009467218659,2.5549523389566593,1.8296678000006068,kriging_results\s276_tx38\map276_tx38_ratio0_0100.png
s276_tx38,276,38,0.02,972,0.02368740600533901,5.403694078586771,1.8840051493461625,2.8726454000006925,kriging_results\s276_tx38\map276_tx38_ratio0_0200.png
s276_tx39,276,39,0.005,243,0.03209750595545527,6.510795930362301,3.5376940591869355,1.2307240999998612,kriging_results\s276_tx39\map276_tx39_ratio0_0050.png
s276_tx39,276,39,0.01,486,0.030326753529454666,6.328654623057948,2.743739042828037,1.8150175999999192,kriging_results\s276_tx39\map276_tx39_ratio0_0100.png
s276_tx39,276,39,0.02,972,0.023966795391244047,5.62604780335157,2.0454648067845334,2.8941642999998294,kriging_results\s276_tx39\map276_tx39_ratio0_0200.png
s276_tx51,276,51,0.005,243,0.03193286065307065,6.200452807455281,3.283586406389859,1.2699079000012716,kriging_results\s276_tx51\map276_tx51_ratio0_0050.png
s276_tx51,276,51,0.01,486,0.026367058835171125,5.634239859027741,2.522438715267507,1.7715996999995696,kriging_results\s276_tx51\map276_tx51_ratio0_0100.png
s276_tx51,276,51,0.02,972,0.0236163264604136,5.33225197920185,1.9360465271845095,2.745276699999522,kriging_results\s276_tx51\map276_tx51_ratio0_0200.png
s276_tx56,276,56,0.005,243,0.032923991708698884,6.165289557725682,3.3164599213886077,1.1639646999992692,kriging_results\s276_tx56\map276_tx56_ratio0_0050.png
s276_tx56,276,56,0.01,486,0.02952357018385097,5.838236268430352,2.486794139432379,1.7694773999992321,kriging_results\s276_tx56\map276_tx56_ratio0_0100.png
s276_tx56,276,56,0.02,972,0.02283085398792751,5.1340289069621905,1.819331524357285,2.788018600000214,kriging_results\s276_tx56\map276_tx56_ratio0_0200.png
s276_tx58,276,58,0.005,243,0.03425278843028525,6.339913776335968,3.3673403208636175,1.2400701999995363,kriging_results\s276_tx58\map276_tx58_ratio0_0050.png
s276_tx58,276,58,0.01,486,0.028281160813316344,5.760815892894455,2.5713608429860595,1.726457800001299,kriging_results\s276_tx58\map276_tx58_ratio0_0100.png
s276_tx58,276,58,0.02,972,0.02323303529256348,5.2214168499547045,1.8882841013445226,2.6556588999992528,kriging_results\s276_tx58\map276_tx58_ratio0_0200.png
s276_tx60,276,60,0.005,243,0.04142412323400521,5.881792123039358,3.136976572450647,1.1459469999990688,kriging_results\s276_tx60\map276_tx60_ratio0_0050.png
s276_tx60,276,60,0.01,486,0.03168587293015202,5.144176324233529,2.309424552570533,1.7487461000000621,kriging_results\s276_tx60\map276_tx60_ratio0_0100.png
s276_tx60,276,60,0.02,972,0.024900841258552513,4.560264276350803,1.6257173373447122,2.7497743999992963,kriging_results\s276_tx60\map276_tx60_ratio0_0200.png
s276_tx62,276,62,0.005,243,0.03134097127550476,6.312510754630631,3.3250445098983707,1.1660800000008749,kriging_results\s276_tx62\map276_tx62_ratio0_0050.png
s276_tx62,276,62,0.01,486,0.02761127515232901,5.92501059381195,2.619546747162507,1.8343839000008302,kriging_results\s276_tx62\map276_tx62_ratio0_0100.png
s276_tx62,276,62,0.02,972,0.023086393691910075,5.417812305383448,1.9392686268739618,2.657865999999558,kriging_results\s276_tx62\map276_tx62_ratio0_0200.png
s276_tx64,276,64,0.005,243,0.04189199148895927,5.965819263315193,3.1501952920599168,1.177940800000215,kriging_results\s276_tx64\map276_tx64_ratio0_0050.png
s276_tx64,276,64,0.01,486,0.03048295831145335,5.089008071161544,2.344998857377365,1.712196700000277,kriging_results\s276_tx64\map276_tx64_ratio0_0100.png
s276_tx64,276,64,0.02,972,0.023457619363422458,4.464229838447145,1.6085507939875314,2.6187903999998525,kriging_results\s276_tx64\map276_tx64_ratio0_0200.png
s276_tx65,276,65,0.005,243,0.04679761049689015,6.908674314799726,3.6386748893628216,1.2125383999991755,kriging_results\s276_tx65\map276_tx65_ratio0_0050.png
s276_tx65,276,65,0.01,486,0.03213798309900345,5.725220123860866,2.6270392656650086,1.7723670999985188,kriging_results\s276_tx65\map276_tx65_ratio0_0100.png
s276_tx65,276,65,0.02,972,0.025567465587343192,5.1065397823660374,1.9231627451852984,2.8939906999985396,kriging_results\s276_tx65\map276_tx65_ratio0_0200.png
s276_tx74,276,74,0.005,243,0.04034703045448492,5.8781089503586115,3.0042382825121985,1.6517831999990449,kriging_results\s276_tx74\map276_tx74_ratio0_0050.png
s276_tx74,276,74,0.01,486,0.02893958457763472,4.978264724943844,2.286068241303534,1.9161223999999493,kriging_results\s276_tx74\map276_tx74_ratio0_0100.png
s276_tx74,276,74,0.02,972,0.023375931953904416,4.4742093112031585,1.6188337425816879,2.9570856999998796,kriging_results\s276_tx74\map276_tx74_ratio0_0200.png
s276_tx75,276,75,0.005,243,0.04391864864724734,6.644937709370263,3.495668420281801,1.2692554000004748,kriging_results\s276_tx75\map276_tx75_ratio0_0050.png
s276_tx75,276,75,0.01,486,0.031200396504558588,5.600753877251012,2.5815698215562013,1.7578001999991102,kriging_results\s276_tx75\map276_tx75_ratio0_0100.png
s276_tx75,276,75,0.02,972,0.024522712111200967,4.96535927057242,1.893390301034413,2.779493599999114,kriging_results\s276_tx75\map276_tx75_ratio0_0200.png
s276_tx76,276,76,0.005,243,0.030110828550273278,6.235731160135663,3.2338873660193044,1.218406199999663,kriging_results\s276_tx76\map276_tx76_ratio0_0050.png
s276_tx76,276,76,0.01,486,0.028316699571677494,6.0471026822193314,2.6166957222712353,1.7194770999994944,kriging_results\s276_tx76\map276_tx76_ratio0_0100.png
s276_tx76,276,76,0.02,972,0.023154025457726633,5.468135666813203,1.912839910641507,6.866262200001074,kriging_results\s276_tx76\map276_tx76_ratio0_0200.png
s293_tx01,293,1,0.005,264,0.020656092294965945,5.400884559803324,2.106313910458176,4.09183320000011,kriging_results\s293_tx01\map293_tx1_ratio0_0050.png
s293_tx01,293,1,0.01,528,0.01198747505941209,4.1143824797976585,1.4194847142965672,6.019665699999678,kriging_results\s293_tx01\map293_tx1_ratio0_0100.png
s293_tx01,293,1,0.02,1055,0.008943869491474337,3.553886337820409,1.041135289701008,8.327044399999068,kriging_results\s293_tx01\map293_tx1_ratio0_0200.png
s293_tx02,293,2,0.005,264,0.026366504481150733,5.322009125398196,2.1379817812657533,4.244541500000196,kriging_results\s293_tx02\map293_tx2_ratio0_0050.png
s293_tx02,293,2,0.01,528,0.019363570405428018,4.560810801357239,1.5550489959447642,6.210928200000126,kriging_results\s293_tx02\map293_tx2_ratio0_0100.png
s293_tx02,293,2,0.02,1055,0.013943774066816834,3.870254323152788,1.1706143077804543,8.668312899999364,kriging_results\s293_tx02\map293_tx2_ratio0_0200.png
s293_tx05,293,5,0.005,264,0.028490361316666244,5.24719562752269,1.9680125287140642,4.763538699999117,kriging_results\s293_tx05\map293_tx5_ratio0_0050.png
s293_tx05,293,5,0.01,528,0.015595854338982189,3.8822443563592413,1.3527061718968103,2.8894359999994776,kriging_results\s293_tx05\map293_tx5_ratio0_0100.png
s293_tx05,293,5,0.02,1055,0.01164855014778961,3.355167559192262,0.9674550239096018,2.687773499999821,kriging_results\s293_tx05\map293_tx5_ratio0_0200.png
s293_tx08,293,8,0.005,264,0.010069973172948802,4.646158108139814,1.8339708852557215,1.211337700000513,kriging_results\s293_tx08\map293_tx8_ratio0_0050.png
s293_tx08,293,8,0.01,528,0.007055731237856627,3.8891156861394163,1.3505295526523944,1.823759599999903,kriging_results\s293_tx08\map293_tx8_ratio0_0100.png
s293_tx08,293,8,0.02,1055,0.0060224002058224995,3.593061429564799,1.0860687773042692,2.6857889000002615,kriging_results\s293_tx08\map293_tx8_ratio0_0200.png
s293_tx14,293,14,0.005,264,0.0196184047294013,4.943947871178085,2.102932331357327,1.3215252999998484,kriging_results\s293_tx14\map293_tx14_ratio0_0050.png
s293_tx14,293,14,0.01,528,0.014889137661670588,4.3070191726182365,1.5962944948928521,1.9184959000012896,kriging_results\s293_tx14\map293_tx14_ratio0_0100.png
s293_tx14,293,14,0.02,1055,0.012553955326331398,3.9548709694886917,1.2391934551572346,2.795895900000687,kriging_results\s293_tx14\map293_tx14_ratio0_0200.png
s293_tx16,293,16,0.005,264,0.012120475145984404,4.982639720482685,1.881305362549546,1.281782000000021,kriging_results\s293_tx16\map293_tx16_ratio0_0050.png
s293_tx16,293,16,0.01,528,0.008665869016738314,4.213138389715698,1.365504808767593,1.9093582000004972,kriging_results\s293_tx16\map293_tx16_ratio0_0100.png
s293_tx16,293,16,0.02,1055,0.007529285515008178,3.927141454651989,1.1627681159065106,2.853571199999351,kriging_results\s293_tx16\map293_tx16_ratio0_0200.png
s293_tx17,293,17,0.005,264,0.01153818015008735,5.002956602974833,1.982492191382782,1.278078600000299,kriging_results\s293_tx17\map293_tx17_ratio0_0050.png
s293_tx17,293,17,0.01,528,0.007221011908629468,3.957829645438011,1.3895302391164395,1.989442300000519,kriging_results\s293_tx17\map293_tx17_ratio0_0100.png
s293_tx17,293,17,0.02,1055,0.006216736346910379,3.6723096277980227,1.0953444939671895,3.199720399999933,kriging_results\s293_tx17\map293_tx17_ratio0_0200.png
s293_tx19,293,19,0.005,264,0.03337395134264407,5.705187545171544,2.1461070447658783,1.4133958999991592,kriging_results\s293_tx19\map293_tx19_ratio0_0050.png
s293_tx19,293,19,0.01,528,0.01758953886465237,4.141840218216925,1.4643460640882777,2.10864600000059,kriging_results\s293_tx19\map293_tx19_ratio0_0100.png
s293_tx19,293,19,0.02,1055,0.014849027223216332,3.8055296548061786,1.1708122940632175,3.155172400000083,kriging_results\s293_tx19\map293_tx19_ratio0_0200.png
s293_tx21,293,21,0.005,264,0.013890852667857294,4.099831065883989,1.629345601135408,1.3888148999994883,kriging_results\s293_tx21\map293_tx21_ratio0_0050.png
s293_tx21,293,21,0.01,528,0.0095930476900254,3.4070602994131787,1.1960643356401675,2.0472590000008495,kriging_results\s293_tx21\map293_tx21_ratio0_0100.png
s293_tx21,293,21,0.02,1055,0.008984121574626946,3.2971546657597255,0.9614083964236396,3.1411695999995572,kriging_results\s293_tx21\map293_tx21_ratio0_0200.png
s293_tx24,293,24,0.005,264,0.011000049453048218,4.856151169119191,1.8973692208124355,1.2983201000006375,kriging_results\s293_tx24\map293_tx24_ratio0_0050.png
s293_tx24,293,24,0.01,528,0.007932363962360743,4.123786793040497,1.459163782911914,1.8435945000001084,kriging_results\s293_tx24\map293_tx24_ratio0_0100.png
s293_tx24,293,24,0.02,1055,0.006648720977868625,3.7754083535003566,1.1668391847340052,3.1073734000001423,kriging_results\s293_tx24\map293_tx24_ratio0_0200.png
s293_tx33,293,33,0.005,264,0.029093296954157417,6.234903093238107,2.5450030685843585,1.3615594000002602,kriging_results\s293_tx33\map293_tx33_ratio0_0050.png
s293_tx33,293,33,0.01,528,0.015876533310871736,4.605863664959135,1.7067142251640224,2.0176704000004975,kriging_results\s293_tx33\map293_tx33_ratio0_0100.png
s293_tx33,293,33,0.02,1055,0.012837117482580623,4.141588900255895,1.3621265483802876,3.179794199999378,kriging_results\s293_tx33\map293_tx33_ratio0_0200.png
s293_tx35,293,35,0.005,264,0.01378332759547065,4.035742124258571,1.5991085515480727,1.3853581000003032,kriging_results\s293_tx35\map293_tx35_ratio0_0050.png
s293_tx35,293,35,0.01,528,0.010358781230282672,3.498651702679059,1.198932556033105,1.9752607000009448,kriging_results\s293_tx35\map293_tx35_ratio0_0100.png
s293_tx35,293,35,0.02,1055,0.009691673203007442,3.384119956560957,0.9810043268974482,3.192143699998269,kriging_results\s293_tx35\map293_tx35_ratio0_0200.png
s293_tx36,293,36,0.005,264,0.018798379641740734,4.945814114721077,2.1673048240919632,1.3491714000010688,kriging_results\s293_tx36\map293_tx36_ratio0_0050.png
s293_tx36,293,36,0.01,528,0.014589747858383293,4.357139598065468,1.6237101446611577,2.0068155999997543,kriging_results\s293_tx36\map293_tx36_ratio0_0100.png
s293_tx36,293,36,0.02,1055,0.011813279814240085,3.9206928984771245,1.2149795318928238,3.0308491999985563,kriging_results\s293_tx36\map293_tx36_ratio0_0200.png
s293_tx40,293,40,0.005,264,0.010093021925030947,4.659361506791401,1.8234446762007108,1.3683225000004313,kriging_results\s293_tx40\map293_tx40_ratio0_0050.png
s293_tx40,293,40,0.01,528,0.007477533727087845,4.010467531458498,1.3650398033716142,2.049945300001127,kriging_results\s293_tx40\map293_tx40_ratio0_0100.png
s293_tx40,293,40,0.02,1055,0.006322179510991109,3.6876458893443105,1.0951450824638063,3.1505161999994016,kriging_results\s293_tx40\map293_tx40_ratio0_0200.png
s293_tx42,293,42,0.005,264,0.02101260083009323,5.260457480296177,2.0760616857225056,1.3150189999996655,kriging_results\s293_tx42\map293_tx42_ratio0_0050.png
s293_tx42,293,42,0.01,528,0.01593283519301662,4.580681946183857,1.6311474681033975,2.001123899999584,kriging_results\s293_tx42\map293_tx42_ratio0_0100.png
s293_tx42,293,42,0.02,1055,0.012769490753441793,4.10081701425823,1.2561299964527535,3.1540587000017695,kriging_results\s293_tx42\map293_tx42_ratio0_0200.png
s293_tx48,293,48,0.005,264,0.012705104440646778,5.19389365690905,1.9795136436617384,1.3764474999989034,kriging_results\s293_tx48\map293_tx48_ratio0_0050.png
s293_tx48,293,48,0.01,528,0.007880351656631477,4.090503116252187,1.4082775319642096,2.105500400000892,kriging_results\s293_tx48\map293_tx48_ratio0_0100.png
s293_tx48,293,48,0.02,1055,0.006570365595321336,3.7350696187655004,1.1027613274572634,3.2568977999999333,kriging_results\s293_tx48\map293_tx48_ratio0_0200.png
s293_tx49,293,49,0.005,264,0.02667897219603539,5.658691532487137,2.2396421972071865,1.3823814999996102,kriging_results\s293_tx49\map293_tx49_ratio0_0050.png
s293_tx49,293,49,0.01,528,0.014907942319182953,4.229999672659099,1.5025520902812055,2.0780876000007993,kriging_results\s293_tx49\map293_tx49_ratio0_0100.png
s293_tx49,293,49,0.02,1055,0.011923296854437843,3.782941754117005,1.1435463611958836,3.163414599999669,kriging_results\s293_tx49\map293_tx49_ratio0_0200.png
s293_tx53,293,53,0.005,264,0.019590040499859164,4.913608346398568,2.1472874935481454,1.3068543999997928,kriging_results\s293_tx53\map293_tx53_ratio0_0050.png
s293_tx53,293,53,0.01,528,0.015200563405618508,4.328253678346173,1.6306202897189286,2.0462251999997534,kriging_results\s293_tx53\map293_tx53_ratio0_0100.png
s293_tx53,293,53,0.02,1055,0.013031401663223526,4.007545240154715,1.3022663398706353,3.0754477999998926,kriging_results\s293_tx53\map293_tx53_ratio0_0200.png
s293_tx54,293,54,0.005,264,0.01185258994392271,4.885336681671988,1.8020326334986572,1.31238409999969,kriging_results\s293_tx54\map293_tx54_ratio0_0050.png
s293_tx54,293,54,0.01,528,0.007809370837881959,3.96548119904687,1.3273824991280063,2.0106097999996564,kriging_results\s293_tx54\map293_tx54_ratio0_0100.png
s293_tx54,293,54,0.02,1055,0.006677913801927471,3.666977680765571,1.0592748794163507,3.138554999999542,kriging_results\s293_tx54\map293_tx54_ratio0_0200.png
s293_tx66,293,66,0.005,264,0.024375384417024793,5.477295875329444,2.1521798599029287,1.3850708000009035,kriging_results\s293_tx66\map293_tx66_ratio0_0050.png
s293_tx66,293,66,0.01,528,0.017250118712119122,4.607724634159263,1.604618519582474,2.0056782999999996,kriging_results\s293_tx66\map293_tx66_ratio0_0100.png
s293_tx66,293,66,0.02,1055,0.013674022231236234,4.102405719986457,1.2194421672428526,4.004549800001769,kriging_results\s293_tx66\map293_tx66_ratio0_0200.png
s307_tx03,307,3,0.005,245,0.02043227968795044,5.314106884273901,2.4553407008212256,2.239752800000133,kriging_results\s307_tx03\map307_tx3_ratio0_0050.png
s307_tx03,307,3,0.01,490,0.016381019132872134,4.758196042023429,1.906312601067614,4.402666899999531,kriging_results\s307_tx03\map307_tx3_ratio0_0100.png
s307_tx03,307,3,0.02,979,0.015098769526776126,4.568174170548408,1.6110195915119436,6.368233299999702,kriging_results\s307_tx03\map307_tx3_ratio0_0200.png
s307_tx04,307,4,0.005,245,0.01730553078656183,5.511058935669347,2.4371321818403833,2.238451299999724,kriging_results\s307_tx04\map307_tx4_ratio0_0050.png
s307_tx04,307,4,0.01,490,0.0151904012491315,5.163298313261435,1.9055532963371733,3.480997100001332,kriging_results\s307_tx04\map307_tx4_ratio0_0100.png
s307_tx04,307,4,0.02,979,0.013880796579543052,4.935711804556763,1.7318736774136465,5.366321299999981,kriging_results\s307_tx04\map307_tx4_ratio0_0200.png
s307_tx07,307,7,0.005,245,0.01712533186354483,5.529767596446652,2.4063537896029006,2.9568199000004824,kriging_results\s307_tx07\map307_tx7_ratio0_0050.png
s307_tx07,307,7,0.01,490,0.014964986308468044,5.169226277779295,1.900597746825618,4.040194299999712,kriging_results\s307_tx07\map307_tx7_ratio0_0100.png
s307_tx07,307,7,0.02,979,0.014188213897995735,5.0332818906675065,1.7046980325583456,4.987474499999735,kriging_results\s307_tx07\map307_tx7_ratio0_0200.png
s307_tx09,307,9,0.005,245,0.02010165173957123,5.901613640596914,2.6391820732411797,2.976046399999177,kriging_results\s307_tx09\map307_tx9_ratio0_0050.png
s307_tx09,307,9,0.01,490,0.015132566129997,5.120486104158437,1.9411262324671803,4.300714400000288,kriging_results\s307_tx09\map307_tx9_ratio0_0100.png
s307_tx09,307,9,0.02,979,0.013949740621092182,4.916295404892399,1.756428569984588,5.856464100001176,kriging_results\s307_tx09\map307_tx9_ratio0_0200.png
s307_tx10,307,10,0.005,245,0.019906365511321546,5.998756104003463,2.697818267467461,2.875080900001194,kriging_results\s307_tx10\map307_tx10_ratio0_0050.png
s307_tx10,307,10,0.01,490,0.01623376027895782,5.417198870482834,2.090208532364903,4.449107399999775,kriging_results\s307_tx10\map307_tx10_ratio0_0100.png
s307_tx10,307,10,0.02,979,0.014818153263374873,5.1756185313738445,1.8922939857452823,7.117824599999949,kriging_results\s307_tx10\map307_tx10_ratio0_0200.png
s307_tx11,307,11,0.005,245,0.022184688794636826,4.894056689180992,2.3905586067611724,3.532353000000512,kriging_results\s307_tx11\map307_tx11_ratio0_0050.png
s307_tx11,307,11,0.01,490,0.017523895188971593,4.34968337753214,1.8519387829666916,4.997394599999097,kriging_results\s307_tx11\map307_tx11_ratio0_0100.png
s307_tx11,307,11,0.02,979,0.01615971601936281,4.176949108168157,1.564640810506169,5.983551600000283,kriging_results\s307_tx11\map307_tx11_ratio0_0200.png
s307_tx14,307,14,0.005,245,0.020797882633968336,5.99752941303188,2.7030857304660962,3.0299976999995124,kriging_results\s307_tx14\map307_tx14_ratio0_0050.png
s307_tx14,307,14,0.01,490,0.016310676870482654,5.311275303190981,1.9717937276257222,4.354913999999553,kriging_results\s307_tx14\map307_tx14_ratio0_0100.png
s307_tx14,307,14,0.02,979,0.01556792571629412,5.188934661350842,1.8605008318121166,6.691556800000399,kriging_results\s307_tx14\map307_tx14_ratio0_0200.png
s307_tx15,307,15,0.005,245,0.022270381926688624,6.239260498074133,2.8312414181821666,2.994545300000027,kriging_results\s307_tx15\map307_tx15_ratio0_0050.png
s307_tx15,307,15,0.01,490,0.017790227336220828,5.576478505896735,2.1531883679822528,4.247205899999244,kriging_results\s307_tx15\map307_tx15_ratio0_0100.png
s307_tx15,307,15,0.02,979,0.016453022296042556,5.3628065632455355,1.983745122481512,5.920095600000423,kriging_results\s307_tx15\map307_tx15_ratio0_0200.png
s307_tx21,307,21,0.005,245,0.038049880749603235,6.333068580255199,2.933417122680841,2.8717636999990646,kriging_results\s307_tx21\map307_tx21_ratio0_0050.png
s307_tx21,307,21,0.01,490,0.024031286187324013,5.0329897215510355,1.8927197197095917,4.1204214000008506,kriging_results\s307_tx21\map307_tx21_ratio0_0100.png
s307_tx21,307,21,0.02,979,0.023467645429726486,4.973616534978544,1.757752173050353,6.236424400000033,kriging_results\s307_tx21\map307_tx21_ratio0_0200.png
s307_tx23,307,23,0.005,245,0.05785298225848307,5.929945665108046,2.4043422926651417,3.345113199999105,kriging_results\s307_tx23\map307_tx23_ratio0_0050.png
s307_tx23,307,23,0.01,490,0.03679367154794991,4.729055391146084,1.6999972539417578,3.952179399999295,kriging_results\s307_tx23\map307_tx23_ratio0_0100.png
s307_tx23,307,23,0.02,979,0.026264596979200895,3.995518975221145,1.416005643230906,3.9573605000005045,kriging_results\s307_tx23\map307_tx23_ratio0_0200.png
s307_tx30,307,30,0.005,245,0.019441551189470975,5.917690280269781,2.673745507703502,1.1797115999997914,kriging_results\s307_tx30\map307_tx30_ratio0_0050.png
s307_tx30,307,30,0.01,490,0.01662680427605967,5.4725679872403346,2.1496389627588197,1.68300040000031,kriging_results\s307_tx30\map307_tx30_ratio0_0100.png
s307_tx30,307,30,0.02,979,0.014422085701885778,5.096837753185071,1.860856073887366,2.3769193999996787,kriging_results\s307_tx30\map307_tx30_ratio0_0200.png
s307_tx38,307,38,0.005,245,0.033358516895963766,6.134904760647579,2.8633233023197433,1.150237300000299,kriging_results\s307_tx38\map307_tx38_ratio0_0050.png
s307_tx38,307,38,0.01,490,0.02495227550202469,5.3059057218784815,1.9799874731829923,2.1202338999992207,kriging_results\s307_tx38\map307_tx38_ratio0_0100.png
s307_tx38,307,38,0.02,979,0.0210511581492378,4.873516609525553,1.6956706623557454,2.92361659999915,kriging_results\s307_tx38\map307_tx38_ratio0_0200.png
s307_tx39,307,39,0.005,245,0.03498281213294237,6.01013846975054,2.8873127083645778,1.295046100000036,kriging_results\s307_tx39\map307_tx39_ratio0_0050.png
s307_tx39,307,39,0.01,490,0.025848202372963494,5.166212763949486,2.0634608703377575,1.7988927999995212,kriging_results\s307_tx39\map307_tx39_ratio0_0100.png
s307_tx39,307,39,0.02,979,0.02255418871730001,4.82581558233163,1.7199999952547196,2.8968436999984988,kriging_results\s307_tx39\map307_tx39_ratio0_0200.png
s307_tx43,307,43,0.005,245,0.01724231723924238,5.441832866113643,2.375645997753663,1.2702762000008079,kriging_results\s307_tx43\map307_tx43_ratio0_0050.png
s307_tx43,307,43,0.01,490,0.01587281631237826,5.221248658667619,1.942710365770406,1.9961402000008093,kriging_results\s307_tx43\map307_tx43_ratio0_0100.png
s307_tx43,307,43,0.02,979,0.014029408822860061,4.908706518300118,1.7498496188830206,2.8727710000002844,kriging_results\s307_tx43\map307_tx43_ratio0_0200.png
s307_tx49,307,49,0.005,245,0.018059151014087633,5.578030850502128,2.4698753395126554,1.2573283999990963,kriging_results\s307_tx49\map307_tx49_ratio0_0050.png
s307_tx49,307,49,0.01,490,0.01611089095838389,5.268561202778193,1.9769496766901389,1.825467699998626,kriging_results\s307_tx49\map307_tx49_ratio0_0100.png
s307_tx49,307,49,0.02,979,0.0138870671727726,4.891448949194632,1.7080008591988074,2.43272049999905,kriging_results\s307_tx49\map307_tx49_ratio0_0200.png
s307_tx52,307,52,0.005,245,0.019860804639859397,5.91417411093502,2.7010196822895947,1.2345905000001949,kriging_results\s307_tx52\map307_tx52_ratio0_0050.png
s307_tx52,307,52,0.01,490,0.015166190918756508,5.1681361212933625,1.9705153108848836,1.7320949000004475,kriging_results\s307_tx52\map307_tx52_ratio0_0100.png
s307_tx52,307,52,0.02,979,0.014327824369413942,5.023261802477926,1.8350357743449124,2.504347299998699,kriging_results\s307_tx52\map307_tx52_ratio0_0200.png
s307_tx65,307,65,0.005,245,0.018513593929634555,5.832190964551546,2.6361307411632677,1.1602877999994234,kriging_results\s307_tx65\map307_tx65_ratio0_0050.png
s307_tx65,307,65,0.01,490,0.016330474400121406,5.477542670164467,2.1551773332560087,1.5935718999990058,kriging_results\s307_tx65\map307_tx65_ratio0_0100.png
s307_tx65,307,65,0.02,979,0.01434894623771013,5.134478858661989,1.84328807937517,2.8340661000002,kriging_results\s307_tx65\map307_tx65_ratio0_0200.png
s307_tx70,307,70,0.005,245,0.03313063148694281,6.2183402355007305,2.829811388640358,1.2490897999996378,kriging_results\s307_tx70\map307_tx70_ratio0_0050.png
s307_tx70,307,70,0.01,490,0.024903048738797978,5.391205392813976,1.9760134392527482,1.8697118000000046,kriging_results\s307_tx70\map307_tx70_ratio0_0100.png
s307_tx70,307,70,0.02,979,0.022676299051967594,5.144530117242522,1.797612042287834,2.7184790000010253,kriging_results\s307_tx70\map307_tx70_ratio0_0200.png
s307_tx72,307,72,0.005,245,0.02153166442153883,6.085237539248627,2.7437383547638095,1.2325123000009626,kriging_results\s307_tx72\map307_tx72_ratio0_0050.png
s307_tx72,307,72,0.01,490,0.01633441083689903,5.300178188704716,2.0323023638340723,1.8731520000001183,kriging_results\s307_tx72\map307_tx72_ratio0_0100.png
s307_tx72,307,72,0.02,979,0.015055367063550373,5.088437150695593,1.8624848256095847,2.740472299999965,kriging_results\s307_tx72\map307_tx72_ratio0_0200.png
s307_tx75,307,75,0.005,245,0.03522001729720653,5.9569567808321,2.8293236729579467,1.152069699999629,kriging_results\s307_tx75\map307_tx75_ratio0_0050.png
s307_tx75,307,75,0.01,490,0.022494776160093682,4.760696449850231,1.9763624031848057,1.8059768000002805,kriging_results\s307_tx75\map307_tx75_ratio0_0100.png
s307_tx75,307,75,0.02,979,0.018992920447052194,4.374470899652625,1.6333179036996257,2.728833699999086,kriging_results\s307_tx75\map307_tx75_ratio0_0200.png
s323_tx13,323,13,0.005,279,0.014401557014042034,4.738413430648127,2.0401169002709,1.51174329999958,kriging_results\s323_tx13\map323_tx13_ratio0_0050.png
s323_tx13,323,13,0.01,557,0.015043969452661083,4.842944029485456,1.8590707077160624,2.210064200000488,kriging_results\s323_tx13\map323_tx13_ratio0_0100.png
s323_tx13,323,13,0.02,1114,0.009249838659573822,3.7974783413203204,1.2052710723739957,3.495811999999205,kriging_results\s323_tx13\map323_tx13_ratio0_0200.png
s323_tx18,323,18,0.005,279,0.008120215576463549,3.5459084822286235,1.5251448597208477,1.415981099999044,kriging_results\s323_tx18\map323_tx18_ratio0_0050.png
s323_tx18,323,18,0.01,557,0.008439262954871215,3.6148975769881138,1.3548600855625432,2.1931781000002957,kriging_results\s323_tx18\map323_tx18_ratio0_0100.png
s323_tx18,323,18,0.02,1114,0.005339402640442503,2.8753457593937854,0.9338731805133871,3.507108199999493,kriging_results\s323_tx18\map323_tx18_ratio0_0200.png
s323_tx21,323,21,0.005,279,0.008394978978597463,3.238863259253775,1.486164131102902,1.5358767999987322,kriging_results\s323_tx21\map323_tx21_ratio0_0050.png
s323_tx21,323,21,0.01,557,0.007125167481913725,2.983873053950388,1.2186977028225972,2.2243643999991036,kriging_results\s323_tx21\map323_tx21_ratio0_0100.png
s323_tx21,323,21,0.02,1114,0.00411912759435338,2.2687436370115943,0.8218536468741495,3.5725564999993367,kriging_results\s323_tx21\map323_tx21_ratio0_0200.png
s323_tx24,323,24,0.005,279,0.01507528132442644,4.585863384147836,1.825792567369047,1.4569186999997328,kriging_results\s323_tx24\map323_tx24_ratio0_0050.png
s323_tx24,323,24,0.01,557,0.019612925139217082,5.230697205875495,1.8305882169477257,2.1865152999998827,kriging_results\s323_tx24\map323_tx24_ratio0_0100.png
s323_tx24,323,24,0.02,1114,0.012021257254474945,4.095088991291672,1.1460784497006746,3.526346200000262,kriging_results\s323_tx24\map323_tx24_ratio0_0200.png
s323_tx28,323,28,0.005,279,0.014024432382115645,4.918332045781535,1.9584942975748931,1.5051871999985451,kriging_results\s323_tx28\map323_tx28_ratio0_0050.png
s323_tx28,323,28,0.01,557,0.01509662909980945,5.102878121834429,1.8353685212918769,2.242475500001092,kriging_results\s323_tx28\map323_tx28_ratio0_0100.png
s323_tx28,323,28,0.02,1114,0.009700519110855272,4.0904650452168685,1.2289296482255374,3.4501092999998946,kriging_results\s323_tx28\map323_tx28_ratio0_0200.png
s323_tx31,323,31,0.005,279,0.014625981223486281,4.951465803313865,2.233069474146126,1.4657071000001451,kriging_results\s323_tx31\map323_tx31_ratio0_0050.png
s323_tx31,323,31,0.01,557,0.014156410845595982,4.871333453181951,1.9189811947658688,2.2775720000008732,kriging_results\s323_tx31\map323_tx31_ratio0_0100.png
s323_tx31,323,31,0.02,1114,0.010061143931783487,4.106718771905488,1.3049134462520622,3.5444114999991143,kriging_results\s323_tx31\map323_tx31_ratio0_0200.png
s323_tx33,323,33,0.005,279,0.009206598047992984,3.902811259872433,1.6209837013610413,2.125758299998779,kriging_results\s323_tx33\map323_tx33_ratio0_0050.png
s323_tx33,323,33,0.01,557,0.011659353777569484,4.392028949752413,1.5541561398649155,5.241087700000207,kriging_results\s323_tx33\map323_tx33_ratio0_0100.png
s323_tx33,323,33,0.02,1114,0.007170558629486096,3.444327605312684,1.0099347821984177,9.477920499999527,kriging_results\s323_tx33\map323_tx33_ratio0_0200.png
s323_tx41,323,41,0.005,279,0.013749871398315941,4.513623860895361,2.088898374311242,4.6584836000001815,kriging_results\s323_tx41\map323_tx41_ratio0_0050.png
s323_tx41,323,41,0.01,557,0.012528592697351036,4.308510891206725,1.8102080652199606,6.60094030000073,kriging_results\s323_tx41\map323_tx41_ratio0_0100.png
s323_tx41,323,41,0.02,1114,0.007599570563099661,3.3556030406656903,1.0968577488553142,9.815509199999724,kriging_results\s323_tx41\map323_tx41_ratio0_0200.png
s323_tx42,323,42,0.005,279,0.014935246044024993,4.835809765845995,2.0085033161247585,5.126884899998913,kriging_results\s323_tx42\map323_tx42_ratio0_0050.png
s323_tx42,323,42,0.01,557,0.013708108268120455,4.632887816925846,1.7560012211853564,6.801912499999162,kriging_results\s323_tx42\map323_tx42_ratio0_0100.png
s323_tx42,323,42,0.02,1114,0.009660644951765099,3.8892519928337,1.181951884021235,10.856419700001425,kriging_results\s323_tx42\map323_tx42_ratio0_0200.png
s323_tx45,323,45,0.005,279,0.015919635186550415,4.452867345808993,1.9159690165095877,4.889344499999424,kriging_results\s323_tx45\map323_tx45_ratio0_0050.png
s323_tx45,323,45,0.01,557,0.016146409913270404,4.48447059865341,1.6741685269657682,7.019453000000794,kriging_results\s323_tx45\map323_tx45_ratio0_0100.png
s323_tx45,323,45,0.02,1114,0.01040064518194629,3.5991780214212294,1.0607221229732688,10.732210300000588,kriging_results\s323_tx45\map323_tx45_ratio0_0200.png
s323_tx55,323,55,0.005,279,0.015447646416703072,4.381358348423924,1.8477504855577385,4.879869799999142,kriging_results\s323_tx55\map323_tx55_ratio0_0050.png
s323_tx55,323,55,0.01,557,0.015937780453921874,4.4503229801357405,1.6545497704545478,7.410829899999953,kriging_results\s323_tx55\map323_tx55_ratio0_0100.png
s323_tx55,323,55,0.02,1114,0.010295026550763007,3.57677273214439,1.0222464160230778,10.568337700000484,kriging_results\s323_tx55\map323_tx55_ratio0_0200.png
s323_tx58,323,58,0.005,279,0.0144676579173783,4.916102799446968,2.1864394929255333,4.524507399999493,kriging_results\s323_tx58\map323_tx58_ratio0_0050.png
s323_tx58,323,58,0.01,557,0.014324578715393253,4.8917333096196165,1.9317349811155977,7.452781400001186,kriging_results\s323_tx58\map323_tx58_ratio0_0100.png
s323_tx58,323,58,0.02,1114,0.009965354210281488,4.080075626545846,1.2812392263742982,10.863205699999526,kriging_results\s323_tx58\map323_tx58_ratio0_0200.png
s323_tx64,323,64,0.005,279,0.010701914212867975,3.648781110006885,1.6460538909687434,4.915457099999912,kriging_results\s323_tx64\map323_tx64_ratio0_0050.png
s323_tx64,323,64,0.01,557,0.014988003048163397,4.3180628701321035,1.5597478960077988,6.43628979999994,kriging_results\s323_tx64\map323_tx64_ratio0_0100.png
s323_tx64,323,64,0.02,1114,0.008613591330947103,3.273476398425481,0.9689589867751974,9.437496599999577,kriging_results\s323_tx64\map323_tx64_ratio0_0200.png
s323_tx68,323,68,0.005,279,0.007944613805313173,3.4542971849620305,1.575982846578419,3.590638499999841,kriging_results\s323_tx68\map323_tx68_ratio0_0050.png
s323_tx68,323,68,0.01,557,0.00730639313295244,3.3126443165883797,1.3629200686541938,3.6620499000000564,kriging_results\s323_tx68\map323_tx68_ratio0_0100.png
s323_tx68,323,68,0.02,1114,0.004257465731057046,2.5287091149714542,0.872559964821655,6.004163999999946,kriging_results\s323_tx68\map323_tx68_ratio0_0200.png
s323_tx69,323,69,0.005,279,0.009445113771924175,3.9266337338340445,1.6767983728218043,3.500896300000022,kriging_results\s323_tx69\map323_tx69_ratio0_0050.png
s323_tx69,323,69,0.01,557,0.011548156242696827,4.341833011551271,1.5529853198831824,4.42916890000015,kriging_results\s323_tx69\map323_tx69_ratio0_0100.png
s323_tx69,323,69,0.02,1114,0.0072496890681200705,3.440142901093964,1.014565299978203,5.491414000000077,kriging_results\s323_tx69\map323_tx69_ratio0_0200.png
s323_tx70,323,70,0.005,279,0.018220711806372705,4.332532515242205,1.8416751377285865,2.1389608000008593,kriging_results\s323_tx70\map323_tx70_ratio0_0050.png
s323_tx70,323,70,0.01,557,0.01595434563132844,4.054139270392053,1.6012125567016493,3.993048700000145,kriging_results\s323_tx70\map323_tx70_ratio0_0100.png
s323_tx70,323,70,0.02,1114,0.009911846761649997,3.1954825308264887,0.9989018794214047,6.114227199999732,kriging_results\s323_tx70\map323_tx70_ratio0_0200.png
s323_tx71,323,71,0.005,279,0.007192578465739126,3.2292968531741915,1.4902251741063726,4.29251209999893,kriging_results\s323_tx71\map323_tx71_ratio0_0050.png
s323_tx71,323,71,0.01,557,0.006803133450725317,3.1406545029505257,1.2528805424996265,5.57523780000156,kriging_results\s323_tx71\map323_tx71_ratio0_0100.png
s323_tx71,323,71,0.02,1114,0.004179157269994109,2.4615577141037295,0.8470931124571603,8.992583100000047,kriging_results\s323_tx71\map323_tx71_ratio0_0200.png
s323_tx72,323,72,0.005,279,0.008095811081103965,3.594147048989483,1.535318040565221,3.6455142999984673,kriging_results\s323_tx72\map323_tx72_ratio0_0050.png
s323_tx72,323,72,0.01,557,0.00963485406313817,3.920922231994881,1.3603842590244353,4.161903299998812,kriging_results\s323_tx72\map323_tx72_ratio0_0100.png
s323_tx72,323,72,0.02,1114,0.0057136465844685085,3.0194118030374515,0.9110580334737883,5.905878699999448,kriging_results\s323_tx72\map323_tx72_ratio0_0200.png
s323_tx74,323,74,0.005,279,0.013370579051722122,4.667192868995256,1.9433830059844044,2.7989756999995734,kriging_results\s323_tx74\map323_tx74_ratio0_0050.png
s323_tx74,323,74,0.01,557,0.01596481756326312,5.099911369370483,1.8200988717472175,5.056749699999273,kriging_results\s323_tx74\map323_tx74_ratio0_0100.png
s323_tx74,323,74,0.02,1114,0.009275442710865328,3.8872991917197357,1.1620481958593065,7.322889299999588,kriging_results\s323_tx74\map323_tx74_ratio0_0200.png
s323_tx79,323,79,0.005,279,0.013203594213185933,3.999823112040789,1.7849796191732852,3.4276580000005197,kriging_results\s323_tx79\map323_tx79_ratio0_0050.png
s323_tx79,323,79,0.01,557,0.014603075170748171,4.2064609655822345,1.5936800673997344,5.232679800001279,kriging_results\s323_tx79\map323_tx79_ratio0_0100.png
s323_tx79,323,79,0.02,1114,0.00826911189856594,3.1653674584414735,1.0021015752900928,7.257350599998972,kriging_results\s323_tx79\map323_tx79_ratio0_0200.png
s328_tx06,328,6,0.005,263,0.02532379495522894,5.405873631102743,2.8886962210574842,3.5236064000000624,kriging_results\s328_tx06\map328_tx6_ratio0_0050.png
s328_tx06,328,6,0.01,525,0.019328042587290605,4.722755079853078,2.1298597392449903,5.405701300000146,kriging_results\s328_tx06\map328_tx6_ratio0_0100.png
s328_tx06,328,6,0.02,1049,0.01923687597378095,4.7116037198936365,1.8452514027749873,7.22436800000105,kriging_results\s328_tx06\map328_tx6_ratio0_0200.png
s328_tx10,328,10,0.005,263,0.024901337951796887,4.56497029232689,2.519261484695185,3.4000089000001026,kriging_results\s328_tx10\map328_tx10_ratio0_0050.png
s328_tx10,328,10,0.01,525,0.017960876118684698,3.87695151259115,1.7339237477283473,5.1583785000002536,kriging_results\s328_tx10\map328_tx10_ratio0_0100.png
s328_tx10,328,10,0.02,1049,0.017601928473323987,3.8380156387520357,1.4520794946146127,7.682395699999688,kriging_results\s328_tx10\map328_tx10_ratio0_0200.png
s328_tx11,328,11,0.005,263,0.02179907566829836,5.832030834558871,2.8843519868932006,2.965786799999478,kriging_results\s328_tx11\map328_tx11_ratio0_0050.png
s328_tx11,328,11,0.01,525,0.019456552807151833,5.5097731724092505,2.3908067116132736,5.486280200000692,kriging_results\s328_tx11\map328_tx11_ratio0_0100.png
s328_tx11,328,11,0.02,1049,0.020542358296673974,5.661427087600766,2.1396312129091273,7.815654199999699,kriging_results\s328_tx11\map328_tx11_ratio0_0200.png
s328_tx20,328,20,0.005,263,0.025507388121531725,5.077321032099664,2.605439834482694,2.356841799999529,kriging_results\s328_tx20\map328_tx20_ratio0_0050.png
s328_tx20,328,20,0.01,525,0.02057576332932612,4.560155004176984,2.138962506670486,4.6215367000004335,kriging_results\s328_tx20\map328_tx20_ratio0_0100.png
s328_tx20,328,20,0.02,1049,0.015236563383465167,3.9241458140100685,1.544970066752862,3.1109369000005245,kriging_results\s328_tx20\map328_tx20_ratio0_0200.png
s328_tx28,328,28,0.005,263,0.022798944902831877,4.7907537467417916,2.520931512846573,1.4157211000001553,kriging_results\s328_tx28\map328_tx28_ratio0_0050.png
s328_tx28,328,28,0.01,525,0.018032799245261848,4.260671417853557,1.8996703689516705,2.172492300000158,kriging_results\s328_tx28\map328_tx28_ratio0_0100.png
s328_tx28,328,28,0.02,1049,0.017320737824019022,4.175703573853137,1.5728201142396265,3.226869000000079,kriging_results\s328_tx28\map328_tx28_ratio0_0200.png
s328_tx32,328,32,0.005,263,0.026584590103745972,5.285636177232659,2.8021760046440027,1.4708495999984734,kriging_results\s328_tx32\map328_tx32_ratio0_0050.png
s328_tx32,328,32,0.01,525,0.019012495755672595,4.469941422330186,2.039631551100951,2.1612951999995857,kriging_results\s328_tx32\map328_tx32_ratio0_0100.png
s328_tx32,328,32,0.02,1049,0.019044879879929005,4.473746695590375,1.6829956642201949,3.1803608999998687,kriging_results\s328_tx32\map328_tx32_ratio0_0200.png
s328_tx33,328,33,0.005,263,0.020956116519804936,5.677027179729156,2.856886620529457,1.3998522000001685,kriging_results\s328_tx33\map328_tx33_ratio0_0050.png
s328_tx33,328,33,0.01,525,0.018070883695472995,5.271755648392965,2.289815633287009,2.096156900001006,kriging_results\s328_tx33\map328_tx33_ratio0_0100.png
s328_tx33,328,33,0.02,1049,0.01923153226758863,5.438417191918898,2.0109364329003303,3.1124684999995225,kriging_results\s328_tx33\map328_tx33_ratio0_0200.png
s328_tx34,328,34,0.005,263,0.02772173119647217,4.840325765478167,2.6401986703880502,1.6182664000007208,kriging_results\s328_tx34\map328_tx34_ratio0_0050.png
s328_tx34,328,34,0.01,525,0.022880881296077127,4.397448745437675,2.0873487817251517,2.070242199999484,kriging_results\s328_tx34\map328_tx34_ratio0_0100.png
s328_tx34,328,34,0.02,1049,0.021312654357986446,4.244076227077329,1.7182507592339509,3.202528200001325,kriging_results\s328_tx34\map328_tx34_ratio0_0200.png
s328_tx38,328,38,0.005,263,0.021477076251878047,4.952078204024646,2.688793468782703,1.4764278000002378,kriging_results\s328_tx38\map328_tx38_ratio0_0050.png
s328_tx38,328,38,0.01,525,0.018367921003844136,4.579624938326812,2.0445201379164297,2.0844040000010864,kriging_results\s328_tx38\map328_tx38_ratio0_0100.png
s328_tx38,328,38,0.02,1049,0.01878425388831988,4.631235715154356,1.7480534331045654,3.1701510999992024,kriging_results\s328_tx38\map328_tx38_ratio0_0200.png
s328_tx41,328,41,0.005,263,0.022024073603304103,5.49506499357027,2.7722895146643887,1.392454999999245,kriging_results\s328_tx41\map328_tx41_ratio0_0050.png
s328_tx41,328,41,0.01,525,0.019252752056744194,5.137719907854531,2.2515307042942325,2.047071999999389,kriging_results\s328_tx41\map328_tx41_ratio0_0100.png
s328_tx41,328,41,0.02,1049,0.021222437034860032,5.394132833682332,2.0046170851566707,3.199237799999537,kriging_results\s328_tx41\map328_tx41_ratio0_0200.png
s328_tx45,328,45,0.005,263,0.0234678759379846,4.544568019702607,2.502098323128658,1.3679137999988598,kriging_results\s328_tx45\map328_tx45_ratio0_0050.png
s328_tx45,328,45,0.01,525,0.017956070507279195,3.9752217359458144,1.7610542733415981,2.1121464999996533,kriging_results\s328_tx45\map328_tx45_ratio0_0100.png
s328_tx45,328,45,0.02,1049,0.017687818818492632,3.945416484074478,1.4966637229661177,3.281854900000326,kriging_results\s328_tx45\map328_tx45_ratio0_0200.png
s328_tx47,328,47,0.005,263,0.023837117633446373,5.350708188868367,2.8004951342466615,1.3458597999997437,kriging_results\s328_tx47\map328_tx47_ratio0_0050.png
s328_tx47,328,47,0.01,525,0.02117154342003939,5.042671271866799,2.2612040441309986,2.02920930000073,kriging_results\s328_tx47\map328_tx47_ratio0_0100.png
s328_tx47,328,47,0.02,1049,0.01967647143910151,4.861362591551219,1.8382309410708773,3.400782900000195,kriging_results\s328_tx47\map328_tx47_ratio0_0200.png
s328_tx50,328,50,0.005,263,0.02167760941812361,4.987133735462998,2.6308334315375808,1.4268057999997836,kriging_results\s328_tx50\map328_tx50_ratio0_0050.png
s328_tx50,328,50,0.01,525,0.01839708625518707,4.594305217703207,1.988174874092773,2.138409799999863,kriging_results\s328_tx50\map328_tx50_ratio0_0100.png
s328_tx50,328,50,0.02,1049,0.018911899724084642,4.658143839353016,1.725941566339103,3.2014328999994177,kriging_results\s328_tx50\map328_tx50_ratio0_0200.png
s328_tx52,328,52,0.005,263,0.025273548028270157,5.631682474328937,2.887940233422173,1.4013789000000543,kriging_results\s328_tx52\map328_tx52_ratio0_0050.png
s328_tx52,328,52,0.01,525,0.019786100538163248,4.982934401208923,2.2068168492748867,2.0980218000004243,kriging_results\s328_tx52\map328_tx52_ratio0_0100.png
s328_tx52,328,52,0.02,1049,0.022219434415674276,5.280457540223185,1.9934085480969557,3.0289021999997203,kriging_results\s328_tx52\map328_tx52_ratio0_0200.png
s328_tx53,328,53,0.005,263,0.023749976458459644,4.81023847657051,2.550515419936215,1.235056399998939,kriging_results\s328_tx53\map328_tx53_ratio0_0050.png
s328_tx53,328,53,0.01,525,0.02326924472956418,4.761306699233664,2.1851841655787725,1.8344880000004196,kriging_results\s328_tx53\map328_tx53_ratio0_0100.png
s328_tx53,328,53,0.02,1049,0.015572594574984396,3.895072103717346,1.5411612245532158,2.700174400000833,kriging_results\s328_tx53\map328_tx53_ratio0_0200.png
s328_tx54,328,54,0.005,263,0.029212151047103986,5.228891284312743,2.774553177278834,1.2743950000003679,kriging_results\s328_tx54\map328_tx54_ratio0_0050.png
s328_tx54,328,54,0.01,525,0.024284357284221368,4.767504824294183,2.198333900280411,1.865528500000437,kriging_results\s328_tx54\map328_tx54_ratio0_0100.png
s328_tx54,328,54,0.02,1049,0.019391609397394708,4.260246950081308,1.6947301071705039,2.5748583000004146,kriging_results\s328_tx54\map328_tx54_ratio0_0200.png
s328_tx58,328,58,0.005,263,0.023141969994741763,5.278410016835346,2.738875587356148,1.3178187000012258,kriging_results\s328_tx58\map328_tx58_ratio0_0050.png
s328_tx58,328,58,0.01,525,0.019831532233979002,4.886310777058944,2.1404712916416275,1.8887898000011774,kriging_results\s328_tx58\map328_tx58_ratio0_0100.png
s328_tx58,328,58,0.02,1049,0.018857787645193132,4.764839946117276,1.772469108723111,3.055074900001273,kriging_results\s328_tx58\map328_tx58_ratio0_0200.png
s328_tx66,328,66,0.005,263,0.021697821782563548,4.990547009621993,2.5936082686139756,1.4100160999987565,kriging_results\s328_tx66\map328_tx66_ratio0_0050.png
s328_tx66,328,66,0.01,525,0.0206004530799386,4.862711081566091,2.1821809200476956,1.9806110999998054,kriging_results\s328_tx66\map328_tx66_ratio0_0100.png
s328_tx66,328,66,0.02,1049,0.01502827715147881,4.153313183039653,1.608909469294003,3.0345433999991656,kriging_results\s328_tx66\map328_tx66_ratio0_0200.png
s328_tx74,328,74,0.005,263,0.021286502810876514,5.367416330749221,2.858758633179989,1.328092400000969,kriging_results\s328_tx74\map328_tx74_ratio0_0050.png
s328_tx74,328,74,0.01,525,0.01875581901784242,5.0382666066029165,2.2181265012376365,2.025935399999071,kriging_results\s328_tx74\map328_tx74_ratio0_0100.png
s328_tx74,328,74,0.02,1049,0.01703825750802238,4.8020394063264895,1.8457339762013616,3.1278099000010116,kriging_results\s328_tx74\map328_tx74_ratio0_0200.png
s328_tx78,328,78,0.005,263,0.02798240435707773,5.055708702906491,2.587510626678493,1.4068764000003284,kriging_results\s328_tx78\map328_tx78_ratio0_0050.png
s328_tx78,328,78,0.01,525,0.02377218683456407,4.659873147575089,2.059404552675124,2.003085500000452,kriging_results\s328_tx78\map328_tx78_ratio0_0100.png
s328_tx78,328,78,0.02,1049,0.01859158693503066,4.120953989436713,1.5735849572221041,3.3184357000009186,kriging_results\s328_tx78\map328_tx78_ratio0_0200.png
s330_tx00,330,0,0.005,185,0.055165188763265434,5.764044261450056,2.899821495521153,0.8477578000001813,kriging_results\s330_tx00\map330_tx0_ratio0_0050.png
s330_tx00,330,0,0.01,370,0.04721337323031215,5.332455782283498,2.415629794293204,1.1944980999996915,kriging_results\s330_tx00\map330_tx0_ratio0_0100.png
s330_tx00,330,0,0.02,740,0.03766517411953057,4.762826281899509,1.8377292676998587,1.792427599999428,kriging_results\s330_tx00\map330_tx0_ratio0_0200.png
s330_tx04,330,4,0.005,185,0.05171173049487581,5.428480557075572,2.7257038778885065,0.8565837000005558,kriging_results\s330_tx04\map330_tx4_ratio0_0050.png
s330_tx04,330,4,0.01,370,0.03769299874825289,4.634619550263756,1.968994983155076,1.1668872999998712,kriging_results\s330_tx04\map330_tx4_ratio0_0100.png
s330_tx04,330,4,0.02,740,0.03545798242036226,4.4951145150741985,1.645461377622528,1.838983100000405,kriging_results\s330_tx04\map330_tx4_ratio0_0200.png
s330_tx05,330,5,0.005,185,0.05738806262927118,7.131186566475887,3.4344500770216073,0.808047099999385,kriging_results\s330_tx05\map330_tx5_ratio0_0050.png
s330_tx05,330,5,0.01,370,0.03883545876624162,5.866313095261751,2.6440514619235294,1.1258496999998897,kriging_results\s330_tx05\map330_tx5_ratio0_0100.png
s330_tx05,330,5,0.02,740,0.033560853430491346,5.453401965283953,1.9953129018315576,1.7701155999984621,kriging_results\s330_tx05\map330_tx5_ratio0_0200.png
s330_tx19,330,19,0.005,185,0.053441165298071504,5.859798690675559,2.8891575614059026,0.7947745000001305,kriging_results\s330_tx19\map330_tx19_ratio0_0050.png
s330_tx19,330,19,0.01,370,0.03459476335381924,4.71465498217073,2.1644591012283927,1.1198226999986218,kriging_results\s330_tx19\map330_tx19_ratio0_0100.png
s330_tx19,330,19,0.02,740,0.03185566540149827,4.524161224555377,1.7292797350005418,1.7648850999994465,kriging_results\s330_tx19\map330_tx19_ratio0_0200.png
s330_tx20,330,20,0.005,185,0.07204002810736407,7.125074190423831,3.5486677214257503,0.820167500000025,kriging_results\s330_tx20\map330_tx20_ratio0_0050.png
s330_tx20,330,20,0.01,370,0.046654426431062025,5.733883665510291,2.6812678462888724,1.1189121999996132,kriging_results\s330_tx20\map330_tx20_ratio0_0100.png
s330_tx20,330,20,0.02,740,0.036324242306723334,5.059419949515957,1.9247005490084412,1.7298250999992888,kriging_results\s330_tx20\map330_tx20_ratio0_0200.png
s330_tx32,330,32,0.005,185,0.05316473026299592,6.119098873747082,2.985472431320051,0.7895461999996769,kriging_results\s330_tx32\map330_tx32_ratio0_0050.png
s330_tx32,330,32,0.01,370,0.03472402537615998,4.945277737143121,2.2665247195898166,1.1133599000004324,kriging_results\s330_tx32\map330_tx32_ratio0_0100.png
s330_tx32,330,32,0.02,740,0.03296021378841709,4.818042947666922,1.8665795528664995,1.8168042000015703,kriging_results\s330_tx32\map330_tx32_ratio0_0200.png
s330_tx35,330,35,0.005,185,0.0660187592965928,6.885458396687551,3.3113081698278153,0.8067473999999493,kriging_results\s330_tx35\map330_tx35_ratio0_0050.png
s330_tx35,330,35,0.01,370,0.04164300688693702,5.468525350864489,2.518625323868231,1.1255096999993839,kriging_results\s330_tx35\map330_tx35_ratio0_0100.png
s330_tx35,330,35,0.02,740,0.033111690483819296,4.876293740874693,1.8554144043345042,1.6995014999993145,kriging_results\s330_tx35\map330_tx35_ratio0_0200.png
s330_tx38,330,38,0.005,185,0.06493089056631872,5.892451364913757,2.7675713657797734,0.7759946000005584,kriging_results\s330_tx38\map330_tx38_ratio0_0050.png
s330_tx38,330,38,0.01,370,0.04820863712385969,5.077299146846861,2.2570280917087566,1.115544400001454,kriging_results\s330_tx38\map330_tx38_ratio0_0100.png
s330_tx38,330,38,0.02,740,0.03865862221591756,4.5466708334396335,1.7096113110367406,1.6741822000003594,kriging_results\s330_tx38\map330_tx38_ratio0_0200.png
s330_tx40,330,40,0.005,185,0.05650355539785489,7.251732649275435,3.5198677068764685,0.8126221999991685,kriging_results\s330_tx40\map330_tx40_ratio0_0050.png
s330_tx40,330,40,0.01,370,0.03392330594726089,5.6189216265732655,2.590296509860173,1.1784831000004488,kriging_results\s330_tx40\map330_tx40_ratio0_0100.png
s330_tx40,330,40,0.02,740,0.028548876655896754,5.154640756918033,1.9566975752882234,1.773202600001241,kriging_results\s330_tx40\map330_tx40_ratio0_0200.png
s330_tx43,330,43,0.005,185,0.06911126380195212,7.023119858397726,3.4923105778827472,0.7688020000005054,kriging_results\s330_tx43\map330_tx43_ratio0_0050.png
s330_tx43,330,43,0.01,370,0.04586963696957695,5.721610809138741,2.628326346492453,1.1547045999996044,kriging_results\s330_tx43\map330_tx43_ratio0_0100.png
s330_tx43,330,43,0.02,740,0.0361308574188944,5.07802459548333,1.9314315104380118,1.6964654000003065,kriging_results\s330_tx43\map330_tx43_ratio0_0200.png
s330_tx47,330,47,0.005,185,0.07045490480773468,7.144263207565571,3.604336209684251,0.7992616999999882,kriging_results\s330_tx47\map330_tx47_ratio0_0050.png
s330_tx47,330,47,0.01,370,0.04671570089674126,5.817457948389505,2.740110860792299,1.1731063000006543,kriging_results\s330_tx47\map330_tx47_ratio0_0100.png
s330_tx47,330,47,0.02,740,0.03624901547376352,5.124481521006635,1.954878309626479,1.7469340999996348,kriging_results\s330_tx47\map330_tx47_ratio0_0200.png
s330_tx50,330,50,0.005,185,0.050255061152596446,5.519637593389367,2.8123580314129146,0.7809785999997985,kriging_results\s330_tx50\map330_tx50_ratio0_0050.png
s330_tx50,330,50,0.01,370,0.04105337278192554,4.98878838973986,2.2040970053282627,1.1476106000009167,kriging_results\s330_tx50\map330_tx50_ratio0_0100.png
s330_tx50,330,50,0.02,740,0.035224651946181254,4.621085583460325,1.7168096769598085,1.8177254000001994,kriging_results\s330_tx50\map330_tx50_ratio0_0200.png
s330_tx53,330,53,0.005,185,0.0659457455970571,5.389300342259858,2.8180034301800725,0.8104590000002645,kriging_results\s330_tx53\map330_tx53_ratio0_0050.png
s330_tx53,330,53,0.01,370,0.06130893925406743,5.19637987805297,2.231023749564558,1.1833568999991257,kriging_results\s330_tx53\map330_tx53_ratio0_0100.png
s330_tx53,330,53,0.02,740,0.04443944804114724,4.4240836043267535,1.6348821887471756,1.7886177000000316,kriging_results\s330_tx53\map330_tx53_ratio0_0200.png
s330_tx55,330,55,0.005,185,0.05455505303964153,5.3635659524098305,2.764184875141697,0.8440795000005892,kriging_results\s330_tx55\map330_tx55_ratio0_0050.png
s330_tx55,330,55,0.01,370,0.04671305436231558,4.963125540868932,2.286060412264935,1.1524028000003455,kriging_results\s330_tx55\map330_tx55_ratio0_0100.png
s330_tx55,330,55,0.02,740,0.03633806701120271,4.377408148252597,1.6956801839210314,1.7034641000009287,kriging_results\s330_tx55\map330_tx55_ratio0_0200.png
s330_tx60,330,60,0.005,185,0.0626507968376534,5.879010465269036,2.9100070093303545,0.753197199999704,kriging_results\s330_tx60\map330_tx60_ratio0_0050.png
s330_tx60,330,60,0.01,370,0.05057522422975203,5.2821391265942,2.433160649518764,1.0846086999990803,kriging_results\s330_tx60\map330_tx60_ratio0_0100.png
s330_tx60,330,60,0.02,740,0.03952742256010116,4.66971286360089,1.7967765341454383,1.7124842000011995,kriging_results\s330_tx60\map330_tx60_ratio0_0200.png
s330_tx65,330,65,0.005,185,0.06262012676504787,4.906675412797448,2.5715089523284895,0.779191699999501,kriging_results\s330_tx65\map330_tx65_ratio0_0050.png
s330_tx65,330,65,0.01,370,0.061955149907383295,4.880553403529432,2.114719077292815,1.1412137999996048,kriging_results\s330_tx65\map330_tx65_ratio0_0100.png
s330_tx65,330,65,0.02,740,0.04560572412172686,4.187357470202932,1.6087654870478718,1.7973251000003074,kriging_results\s330_tx65\map330_tx65_ratio0_0200.png
s330_tx70,330,70,0.005,185,0.04834776083519218,6.105945481407859,2.9865885693246486,0.7923108000013599,kriging_results\s330_tx70\map330_tx70_ratio0_0050.png
s330_tx70,330,70,0.01,370,0.035655178369479346,5.243557602019888,2.349693642036001,1.1670152000006055,kriging_results\s330_tx70\map330_tx70_ratio0_0100.png
s330_tx70,330,70,0.02,740,0.031202887823362408,4.9052611971068165,1.8468200358052012,1.7226862999996229,kriging_results\s330_tx70\map330_tx70_ratio0_0200.png
s330_tx74,330,74,0.005,185,0.059149774074510685,5.379709446377908,2.6811350401132117,0.8040060000002995,kriging_results\s330_tx74\map330_tx74_ratio0_0050.png
s330_tx74,330,74,0.01,370,0.046882005988242534,4.789446911653656,2.1062657456988285,1.1615689999998722,kriging_results\s330_tx74\map330_tx74_ratio0_0100.png
s330_tx74,330,74,0.02,740,0.03966138664951853,4.405205944197697,1.616706619151293,1.824793800000407,kriging_results\s330_tx74\map330_tx74_ratio0_0200.png
s330_tx76,330,76,0.005,185,0.07210678509987968,7.264332462158132,3.6209259833647955,0.806921000001239,kriging_results\s330_tx76\map330_tx76_ratio0_0050.png
s330_tx76,330,76,0.01,370,0.0470080228408137,5.8653460324831155,2.7664265706123845,1.2060420000016165,kriging_results\s330_tx76\map330_tx76_ratio0_0100.png
s330_tx76,330,76,0.02,740,0.036041033839659634,5.135778248295177,1.9495487725790799,1.7792706999989605,kriging_results\s330_tx76\map330_tx76_ratio0_0200.png
s330_tx77,330,77,0.005,185,0.0846076334506502,5.916098570494717,2.761338085050574,0.7996043000002828,kriging_results\s330_tx77\map330_tx77_ratio0_0050.png
s330_tx77,330,77,0.01,370,0.051934700290115196,4.635103623916748,1.9985852750304016,1.1466956000003847,kriging_results\s330_tx77\map330_tx77_ratio0_0100.png
s330_tx77,330,77,0.02,740,0.043189269864934245,4.226866738389917,1.532644024806079,1.6860078000008798,kriging_results\s330_tx77\map330_tx77_ratio0_0200.png
s348_tx03,348,3,0.005,272,0.016426220760944667,5.579039409437217,2.7529273929863876,1.4238928000013402,kriging_results\s348_tx03\map348_tx3_ratio0_0050.png
s348_tx03,348,3,0.01,544,0.013600270846540984,5.076499943530888,2.0464825064520316,2.154664399999092,kriging_results\s348_tx03\map348_tx3_ratio0_0100.png
s348_tx03,348,3,0.02,1088,0.010399850821792251,4.439194318660847,1.5525484042298472,3.306095300000379,kriging_results\s348_tx03\map348_tx3_ratio0_0200.png
s348_tx08,348,8,0.005,272,0.016093016612219714,5.2953698547561965,2.5470799529360457,1.376527399999759,kriging_results\s348_tx08\map348_tx8_ratio0_0050.png
s348_tx08,348,8,0.01,544,0.014556655492963082,5.036262647657133,2.0542464932773257,2.077090599999792,kriging_results\s348_tx08\map348_tx8_ratio0_0100.png
s348_tx08,348,8,0.02,1088,0.010918969224372018,4.361826497574577,1.5567943867299543,3.319887000001472,kriging_results\s348_tx08\map348_tx8_ratio0_0200.png
s348_tx13,348,13,0.005,272,0.019011761856702253,5.830413447409354,2.9251832208046364,1.4294751999987056,kriging_results\s348_tx13\map348_tx13_ratio0_0050.png
s348_tx13,348,13,0.01,544,0.016259578271736436,5.391912221974591,2.2795851818908703,2.125936200000069,kriging_results\s348_tx13\map348_tx13_ratio0_0100.png
s348_tx13,348,13,0.02,1088,0.012351486222126876,4.699458082942538,1.6715022928269196,3.347296500000084,kriging_results\s348_tx13\map348_tx13_ratio0_0200.png
s348_tx26,348,26,0.005,272,0.015614823366322946,4.8139959393257135,2.3854642193168543,1.4190592999984801,kriging_results\s348_tx26\map348_tx26_ratio0_0050.png
s348_tx26,348,26,0.01,544,0.014003837785997236,4.558906734908957,1.8789734992944485,2.1377030000003288,kriging_results\s348_tx26\map348_tx26_ratio0_0100.png
s348_tx26,348,26,0.02,1088,0.01010808520480085,3.873215184895884,1.3880658024521868,3.341753000000608,kriging_results\s348_tx26\map348_tx26_ratio0_0200.png
s348_tx29,348,29,0.005,272,0.016077246978749574,5.455585770448242,2.674795470167944,1.3734334000000672,kriging_results\s348_tx29\map348_tx29_ratio0_0050.png
s348_tx29,348,29,0.01,544,0.013743560154446034,5.0441172263847855,2.009861836198797,2.0622414999998,kriging_results\s348_tx29\map348_tx29_ratio0_0100.png
s348_tx29,348,29,0.02,1088,0.010764551392416158,4.464095891915983,1.570918412211012,3.4032533999998122,kriging_results\s348_tx29\map348_tx29_ratio0_0200.png
s348_tx33,348,33,0.005,272,0.016237843501727255,5.59681754511206,2.689148592950667,1.3475703000003705,kriging_results\s348_tx33\map348_tx33_ratio0_0050.png
s348_tx33,348,33,0.01,544,0.014357558726889154,5.262804958506503,2.0893925386745718,2.1444391000004543,kriging_results\s348_tx33\map348_tx33_ratio0_0100.png
s348_tx33,348,33,0.02,1088,0.010165815214090785,4.428412594764506,1.5148478395282903,3.518211999999039,kriging_results\s348_tx33\map348_tx33_ratio0_0200.png
s348_tx38,348,38,0.005,272,0.01587394766189847,5.119569281973689,2.50518783579997,1.4732475000000704,kriging_results\s348_tx38\map348_tx38_ratio0_0050.png
s348_tx38,348,38,0.01,544,0.015556674537883584,5.068148542056421,2.0622610336385634,2.197736800000712,kriging_results\s348_tx38\map348_tx38_ratio0_0100.png
s348_tx38,348,38,0.02,1088,0.009670666514746342,3.9959418014519454,1.376398338906474,3.2450823999988643,kriging_results\s348_tx38\map348_tx38_ratio0_0200.png
s348_tx39,348,39,0.005,272,0.021555734152161853,4.952629296190259,2.330406520159234,1.4657964000016364,kriging_results\s348_tx39\map348_tx39_ratio0_0050.png
s348_tx39,348,39,0.01,544,0.015432922892810407,4.190622206952508,1.7225073763681895,2.1765702000011515,kriging_results\s348_tx39\map348_tx39_ratio0_0100.png
s348_tx39,348,39,0.02,1088,0.010700394049767034,3.489428412159959,1.2159226671373036,3.3050462000010157,kriging_results\s348_tx39\map348_tx39_ratio0_0200.png
s348_tx40,348,40,0.005,272,0.019192920526545296,5.105355707062965,2.5198015301527588,1.4236560999997891,kriging_results\s348_tx40\map348_tx40_ratio0_0050.png
s348_tx40,348,40,0.01,544,0.01447223055051771,4.433260128400645,1.8621756252124133,2.1902805999998236,kriging_results\s348_tx40\map348_tx40_ratio0_0100.png
s348_tx40,348,40,0.02,1088,0.010537802212505195,3.782949060090983,1.3494163026982935,3.3748059999998077,kriging_results\s348_tx40\map348_tx40_ratio0_0200.png
s348_tx41,348,41,0.005,272,0.015841630752041,4.885268729431275,2.437099465764848,1.4715477999998257,kriging_results\s348_tx41\map348_tx41_ratio0_0050.png
s348_tx41,348,41,0.01,544,0.013830888647643504,4.564713814044954,1.8869319834971836,2.1647233000003325,kriging_results\s348_tx41\map348_tx41_ratio0_0100.png
s348_tx41,348,41,0.02,1088,0.01005168296553762,3.891418155123855,1.3783338789011597,3.483476800000062,kriging_results\s348_tx41\map348_tx41_ratio0_0200.png
s348_tx55,348,55,0.005,272,0.01598246483606791,5.28215458462563,2.6508591911359125,1.489012099998945,kriging_results\s348_tx55\map348_tx55_ratio0_0050.png
s348_tx55,348,55,0.01,544,0.01243990853233141,4.660127663568374,1.9194116952218159,2.1234638999994786,kriging_results\s348_tx55\map348_tx55_ratio0_0100.png
s348_tx55,348,55,0.02,1088,0.009788811255754464,4.133845107145997,1.4655165333182196,3.461447699999553,kriging_results\s348_tx55\map348_tx55_ratio0_0200.png
s348_tx57,348,57,0.005,272,0.015420696766110985,4.042165750553025,1.953220031608104,1.4234358000012435,kriging_results\s348_tx57\map348_tx57_ratio0_0050.png
s348_tx57,348,57,0.01,544,0.01841950366717231,4.417749516931109,1.7475423852845204,2.1054366999997,kriging_results\s348_tx57\map348_tx57_ratio0_0100.png
s348_tx57,348,57,0.02,1088,0.011044578916375928,3.4208710257732475,1.1786289453559073,3.328484700001354,kriging_results\s348_tx57\map348_tx57_ratio0_0200.png
s348_tx58,348,58,0.005,272,0.016127243404395673,5.550959977560913,2.736245098452082,1.4297373999997944,kriging_results\s348_tx58\map348_tx58_ratio0_0050.png
s348_tx58,348,58,0.01,544,0.013498365148895495,5.078419973638907,2.0273697242812565,2.127180999999837,kriging_results\s348_tx58\map348_tx58_ratio0_0100.png
s348_tx58,348,58,0.02,1088,0.010302377064227352,4.436666084700852,1.5464965162132034,3.2984506000011606,kriging_results\s348_tx58\map348_tx58_ratio0_0200.png
s348_tx62,348,62,0.005,272,0.018151761508891178,5.04794782775535,2.4131404083862438,1.4597484000005352,kriging_results\s348_tx62\map348_tx62_ratio0_0050.png
s348_tx62,348,62,0.01,544,0.019441091888024984,5.224151863103344,2.052005462298597,2.1825770999985252,kriging_results\s348_tx62\map348_tx62_ratio0_0100.png
s348_tx62,348,62,0.02,1088,0.010723501850350352,3.8799290934114317,1.368635374280892,3.3891929000001255,kriging_results\s348_tx62\map348_tx62_ratio0_0200.png
s348_tx64,348,64,0.005,272,0.015944480960261926,5.1034499054285565,2.4812180871971217,1.4904528999995819,kriging_results\s348_tx64\map348_tx64_ratio0_0050.png
s348_tx64,348,64,0.01,544,0.014950951861277408,4.9418900918141295,2.0092070505813155,2.160079000001133,kriging_results\s348_tx64\map348_tx64_ratio0_0100.png
s348_tx64,348,64,0.02,1088,0.010976563774745216,4.2343997567836364,1.475517297638,3.4393834000002244,kriging_results\s348_tx64\map348_tx64_ratio0_0200.png
s348_tx65,348,65,0.005,272,0.018380751946634345,5.689146972960647,2.852634180799393,1.4861918999995396,kriging_results\s348_tx65\map348_tx65_ratio0_0050.png
s348_tx65,348,65,0.01,544,0.015629593877888807,5.24613384079008,2.1921954831454897,2.176225000001068,kriging_results\s348_tx65\map348_tx65_ratio0_0100.png
s348_tx65,348,65,0.02,1088,0.011623380621674699,4.524095265565012,1.6534890284772883,3.398400500000207,kriging_results\s348_tx65\map348_tx65_ratio0_0200.png
s348_tx67,348,67,0.005,272,0.01499756041882144,5.064178959994383,2.3736096379545986,1.4478665999995428,kriging_results\s348_tx67\map348_tx67_ratio0_0050.png
s348_tx67,348,67,0.01,544,0.013779670031166443,4.854205396009403,1.9268327712872417,2.2261264999997366,kriging_results\s348_tx67\map348_tx67_ratio0_0100.png
s348_tx67,348,67,0.02,1088,0.010177483878310576,4.171756487092515,1.4028646562119973,3.1647228000001633,kriging_results\s348_tx67\map348_tx67_ratio0_0200.png
s348_tx69,348,69,0.005,272,0.016438825786981203,5.209965169157755,2.522670034363821,1.3525539999991452,kriging_results\s348_tx69\map348_tx69_ratio0_0050.png
s348_tx69,348,69,0.01,544,0.01563592146393701,5.0811399810722575,2.1057608898241678,2.013708799999222,kriging_results\s348_tx69\map348_tx69_ratio0_0100.png
s348_tx69,348,69,0.02,1088,0.009776822241580956,4.0178921925272,1.3785339994290966,2.677793599999859,kriging_results\s348_tx69\map348_tx69_ratio0_0200.png
s348_tx71,348,71,0.005,272,0.019036594526144264,5.047552622450018,2.3555252094553563,1.3294968999998673,kriging_results\s348_tx71\map348_tx71_ratio0_0050.png
s348_tx71,348,71,0.01,544,0.016206772122819492,4.657302810561116,1.8148455805328565,1.8832000999991578,kriging_results\s348_tx71\map348_tx71_ratio0_0100.png
s348_tx71,348,71,0.02,1088,0.010497558662308688,3.7482657553361074,1.250131807511735,2.76601859999937,kriging_results\s348_tx71\map348_tx71_ratio0_0200.png
s348_tx75,348,75,0.005,272,0.015419474767994403,5.1015613063429015,2.3594192977055757,1.361118599999827,kriging_results\s348_tx75\map348_tx75_ratio0_0050.png
s348_tx75,348,75,0.01,544,0.014185546819452919,4.89318183457029,1.894515105220354,1.9009507999999187,kriging_results\s348_tx75\map348_tx75_ratio0_0100.png
s348_tx75,348,75,0.02,1088,0.009491112001886372,4.002458785873219,1.3237340667190434,2.8024420000001555,kriging_results\s348_tx75\map348_tx75_ratio0_0200.png
s356_tx02,356,2,0.005,274,0.014888579930146688,4.821326245909914,2.186112350003221,1.3240196999995533,kriging_results\s356_tx02\map356_tx2_ratio0_0050.png
s356_tx02,356,2,0.01,547,0.015348916839386476,4.895293727007229,2.044299056564047,1.939655899999707,kriging_results\s356_tx02\map356_tx2_ratio0_0100.png
s356_tx02,356,2,0.02,1094,0.011331059903112391,4.206056994726126,1.4531189285984496,3.0360596000009537,kriging_results\s356_tx02\map356_tx2_ratio0_0200.png
s356_tx03,356,3,0.005,274,0.015577284490933324,5.0136844397443125,2.513412331337662,1.383605200000602,kriging_results\s356_tx03\map356_tx3_ratio0_0050.png
s356_tx03,356,3,0.01,547,0.015906626643820025,5.066408127414089,2.066459615444744,2.10683760000029,kriging_results\s356_tx03\map356_tx3_ratio0_0100.png
s356_tx03,356,3,0.02,1094,0.011989202106044202,4.398516923689568,1.5344679240137271,3.3282687999999325,kriging_results\s356_tx03\map356_tx3_ratio0_0200.png
s356_tx11,356,11,0.005,274,0.01264159028344756,4.753640566423094,2.3836017303056654,1.4932676000007632,kriging_results\s356_tx11\map356_tx11_ratio0_0050.png
s356_tx11,356,11,0.01,547,0.013887963472062299,4.982470866322088,1.989867989123102,2.231843800000206,kriging_results\s356_tx11\map356_tx11_ratio0_0100.png
s356_tx11,356,11,0.02,1094,0.008940681717211485,3.9977054983130373,1.3891520200334326,3.3456649999989168,kriging_results\s356_tx11\map356_tx11_ratio0_0200.png
s356_tx17,356,17,0.005,274,0.017431634203822304,4.973542473344875,2.5369376525895646,1.5240302000001975,kriging_results\s356_tx17\map356_tx17_ratio0_0050.png
s356_tx17,356,17,0.01,547,0.01583648428346938,4.740521943842749,2.098864769307399,2.143882800000938,kriging_results\s356_tx17\map356_tx17_ratio0_0100.png
s356_tx17,356,17,0.02,1094,0.011271577659161026,3.999347400512285,1.4681714350935393,3.2504941999995935,kriging_results\s356_tx17\map356_tx17_ratio0_0200.png
s356_tx19,356,19,0.005,274,0.016316567564719442,4.4772554937549875,2.0197534322429123,1.4277406000001065,kriging_results\s356_tx19\map356_tx19_ratio0_0050.png
s356_tx19,356,19,0.01,547,0.016336085995172334,4.4799327462720155,1.7530515878952855,2.2275402000013855,kriging_results\s356_tx19\map356_tx19_ratio0_0100.png
s356_tx19,356,19,0.02,1094,0.014181310102251557,4.174030879242141,1.3621074296571527,3.330803200000446,kriging_results\s356_tx19\map356_tx19_ratio0_0200.png
s356_tx20,356,20,0.005,274,0.01316938277075375,4.750197895419867,2.335457240851394,1.477629999999408,kriging_results\s356_tx20\map356_tx20_ratio0_0050.png
s356_tx20,356,20,0.01,547,0.014784531128250821,5.033067781626865,2.048531613322624,2.1437222000004112,kriging_results\s356_tx20\map356_tx20_ratio0_0100.png
s356_tx20,356,20,0.02,1094,0.01004353866465704,4.148321182751903,1.4132821192004894,3.397841199999675,kriging_results\s356_tx20\map356_tx20_ratio0_0200.png
s356_tx22,356,22,0.005,274,0.019853854183522764,4.779726014033892,2.348384278440818,1.4913524000003235,kriging_results\s356_tx22\map356_tx22_ratio0_0050.png
s356_tx22,356,22,0.01,547,0.017263991075795074,4.457087868501739,1.9118052254182814,2.262687399999777,kriging_results\s356_tx22\map356_tx22_ratio0_0100.png
s356_tx22,356,22,0.02,1094,0.013549991744133856,3.94866330729985,1.3610799219864256,3.418172700001378,kriging_results\s356_tx22\map356_tx22_ratio0_0200.png
s356_tx25,356,25,0.005,274,0.01855257743932086,4.981400635999658,2.4444163780949686,1.4664318000013736,kriging_results\s356_tx25\map356_tx25_ratio0_0050.png
s356_tx25,356,25,0.01,547,0.015562616685111245,4.5623715550130965,1.9385396868846598,2.159641800000827,kriging_results\s356_tx25\map356_tx25_ratio0_0100.png
s356_tx25,356,25,0.02,1094,0.011666025148305136,3.9501246350514325,1.4401320031427352,3.3472265000000334,kriging_results\s356_tx25\map356_tx25_ratio0_0200.png
s356_tx30,356,30,0.005,274,0.01731067445489355,4.872688580174053,2.3147574329200094,1.436358900000414,kriging_results\s356_tx30\map356_tx30_ratio0_0050.png
s356_tx30,356,30,0.01,547,0.016678751141126623,4.78292345947218,1.925942269997514,2.104491500000222,kriging_results\s356_tx30\map356_tx30_ratio0_0100.png
s356_tx30,356,30,0.02,1094,0.013588173353425359,4.3171009267329445,1.5082952819588735,3.0994091000011394,kriging_results\s356_tx30\map356_tx30_ratio0_0200.png
s356_tx47,356,47,0.005,274,0.013048272114518611,4.848396742009674,2.370585375690633,1.283565499999895,kriging_results\s356_tx47\map356_tx47_ratio0_0050.png
s356_tx47,356,47,0.01,547,0.013612554443806634,4.952123452238713,1.9679530080489667,2.1241289999998116,kriging_results\s356_tx47\map356_tx47_ratio0_0100.png
s356_tx47,356,47,0.02,1094,0.008940070866969275,4.013212222589493,1.3861601362762175,3.396612599999571,kriging_results\s356_tx47\map356_tx47_ratio0_0200.png
s356_tx48,356,48,0.005,274,0.013342516204311476,4.591050609547324,2.290059056510745,1.4907941000001301,kriging_results\s356_tx48\map356_tx48_ratio0_0050.png
s356_tx48,356,48,0.01,547,0.013166782997586482,4.560716185737296,1.916094490024345,2.1306807000000845,kriging_results\s356_tx48\map356_tx48_ratio0_0100.png
s356_tx48,356,48,0.02,1094,0.009368006404425755,3.8469522622685663,1.37226927411866,3.4067587000008643,kriging_results\s356_tx48\map356_tx48_ratio0_0200.png
s356_tx49,356,49,0.005,274,0.017502174621420744,4.992020004763765,2.440614258609353,1.4892667999993137,kriging_results\s356_tx49\map356_tx49_ratio0_0050.png
s356_tx49,356,49,0.01,547,0.0176953532144889,5.019493878254028,2.0775818410699487,2.1606604999997217,kriging_results\s356_tx49\map356_tx49_ratio0_0100.png
s356_tx49,356,49,0.02,1094,0.01350799873839316,4.38556767714083,1.5564088523393358,3.5612240999998903,kriging_results\s356_tx49\map356_tx49_ratio0_0200.png
s356_tx53,356,53,0.005,274,0.016423648153543146,4.924519436069325,2.4160122779935893,1.55519699999968,kriging_results\s356_tx53\map356_tx53_ratio0_0050.png
s356_tx53,356,53,0.01,547,0.01589814930987426,4.84509536251085,2.0347781561574045,2.1592026999987866,kriging_results\s356_tx53\map356_tx53_ratio0_0100.png
s356_tx53,356,53,0.02,1094,0.012714615484555504,4.3329198413699,1.5461873825601409,3.315291700000671,kriging_results\s356_tx53\map356_tx53_ratio0_0200.png
s356_tx54,356,54,0.005,274,0.012648537151614334,4.789513809672984,2.2847607933523912,1.3990704999996524,kriging_results\s356_tx54\map356_tx54_ratio0_0050.png
s356_tx54,356,54,0.01,547,0.013510227039137903,4.949970393114971,1.9760859825177384,2.197214300000269,kriging_results\s356_tx54\map356_tx54_ratio0_0100.png
s356_tx54,356,54,0.02,1094,0.009022032753247554,4.0450461405023015,1.4030883131435448,3.3944848000010097,kriging_results\s356_tx54\map356_tx54_ratio0_0200.png
s356_tx56,356,56,0.005,274,0.018402448043613972,4.393586946459315,2.0436613091290923,1.5596335000009276,kriging_results\s356_tx56\map356_tx56_ratio0_0050.png
s356_tx56,356,56,0.01,547,0.013694496127989432,3.790133005199147,1.604496590699539,2.138541799999075,kriging_results\s356_tx56\map356_tx56_ratio0_0100.png
s356_tx56,356,56,0.02,1094,0.011536186153169894,3.47866463174042,1.2336065302856158,3.4533627000000706,kriging_results\s356_tx56\map356_tx56_ratio0_0200.png
s356_tx58,356,58,0.005,274,0.015564386421391104,4.566202269684554,2.09999244638464,1.4528262000003451,kriging_results\s356_tx58\map356_tx58_ratio0_0050.png
s356_tx58,356,58,0.01,547,0.01583363720606101,4.605528759292891,1.8560216773563138,2.290381400000115,kriging_results\s356_tx58\map356_tx58_ratio0_0100.png
s356_tx58,356,58,0.02,1094,0.013347445844105726,4.228518494036684,1.4031286144934936,3.4262406999987434,kriging_results\s356_tx58\map356_tx58_ratio0_0200.png
s356_tx63,356,63,0.005,274,0.015649581172991534,5.070483541426281,2.4608320211688035,1.4483149999996385,kriging_results\s356_tx63\map356_tx63_ratio0_0050.png
s356_tx63,356,63,0.01,547,0.016610001262436648,5.2237556548078015,2.2361850867916373,2.1472001999991335,kriging_results\s356_tx63\map356_tx63_ratio0_0100.png
s356_tx63,356,63,0.02,1094,0.01228891088091287,4.493189316746925,1.566753399378858,3.3518442999993567,kriging_results\s356_tx63\map356_tx63_ratio0_0200.png
s356_tx65,356,65,0.005,274,0.012443713624936304,4.6458295455484295,2.3648255901744375,1.4802925999993022,kriging_results\s356_tx65\map356_tx65_ratio0_0050.png
s356_tx65,356,65,0.01,547,0.014740219462142807,5.056386273161445,2.053692239073139,2.1690324999999575,kriging_results\s356_tx65\map356_tx65_ratio0_0100.png
s356_tx65,356,65,0.02,1094,0.009042542029498276,3.9603496668003113,1.4330516430779239,3.3576164999994944,kriging_results\s356_tx65\map356_tx65_ratio0_0200.png
s356_tx74,356,74,0.005,274,0.014222411869813024,4.687050604768191,2.2466550218539987,1.446857999999338,kriging_results\s356_tx74\map356_tx74_ratio0_0050.png
s356_tx74,356,74,0.01,547,0.013945426227048632,4.641185346357726,1.9352548750571323,2.1287097000003996,kriging_results\s356_tx74\map356_tx74_ratio0_0100.png
s356_tx74,356,74,0.02,1094,0.011645920428843923,4.24130914322076,1.4418937921519688,3.389128699998764,kriging_results\s356_tx74\map356_tx74_ratio0_0200.png
s356_tx78,356,78,0.005,274,0.016076933160262027,5.26778057481322,2.735530597628385,1.5087409999996453,kriging_results\s356_tx78\map356_tx78_ratio0_0050.png
s356_tx78,356,78,0.01,547,0.01638539227250638,5.31807540201311,2.296831501332615,2.03611649999948,kriging_results\s356_tx78\map356_tx78_ratio0_0100.png
s356_tx78,356,78,0.02,1094,0.012653944646916984,4.673465458240532,1.7294891416851048,3.339049399999567,kriging_results\s356_tx78\map356_tx78_ratio0_0200.png
s359_tx03,359,3,0.005,259,0.011127507709924165,4.326473051003506,1.843121538956222,1.287682500000301,kriging_results\s359_tx03\map359_tx3_ratio0_0050.png
s359_tx03,359,3,0.01,517,0.008395542902108288,3.7580231540202735,1.3961819049855275,2.011923100000786,kriging_results\s359_tx03\map359_tx3_ratio0_0100.png
s359_tx03,359,3,0.02,1034,0.007149588044289932,3.4679718566273166,1.092324908323533,3.069112600000153,kriging_results\s359_tx03\map359_tx3_ratio0_0200.png
s359_tx09,359,9,0.005,259,0.011590310577148693,4.57412291466046,1.9059637654716848,1.3387726999990264,kriging_results\s359_tx09\map359_tx9_ratio0_0050.png
s359_tx09,359,9,0.01,517,0.008228540574733637,3.854088669479074,1.3312674575234227,1.95668250000017,kriging_results\s359_tx09\map359_tx9_ratio0_0100.png
s359_tx09,359,9,0.02,1034,0.007503910524234548,3.6804770895182584,1.0719815200786773,3.2181497999990825,kriging_results\s359_tx09\map359_tx9_ratio0_0200.png
s359_tx10,359,10,0.005,259,0.020644555039921426,4.737645598438495,2.0788553765372795,1.2846945000001142,kriging_results\s359_tx10\map359_tx10_ratio0_0050.png
s359_tx10,359,10,0.01,517,0.01192656038870123,3.6009526454264424,1.3269338799644572,1.9040125999999873,kriging_results\s359_tx10\map359_tx10_ratio0_0100.png
s359_tx10,359,10,0.02,1034,0.008734424397943455,3.0816048860953145,0.9570655688454366,3.1692741999995633,kriging_results\s359_tx10\map359_tx10_ratio0_0200.png
s359_tx14,359,14,0.005,259,0.01171218744345077,4.635269016669707,2.1112141287463326,1.3312191999993956,kriging_results\s359_tx14\map359_tx14_ratio0_0050.png
s359_tx14,359,14,0.01,517,0.009118615654635311,4.089972548530394,1.5291301863955773,2.008992600000056,kriging_results\s359_tx14\map359_tx14_ratio0_0100.png
s359_tx14,359,14,0.02,1034,0.008072783118111087,3.8482881615930458,1.2232349309268953,3.1756336000016745,kriging_results\s359_tx14\map359_tx14_ratio0_0200.png
s359_tx16,359,16,0.005,259,0.010298299902583108,4.566033236393238,1.9284654575691471,1.3022341000014421,kriging_results\s359_tx16\map359_tx16_ratio0_0050.png
s359_tx16,359,16,0.01,517,0.007910251379053086,4.001763630753809,1.3807933289950862,2.04000459999952,kriging_results\s359_tx16\map359_tx16_ratio0_0100.png
s359_tx16,359,16,0.02,1034,0.0064420940963506555,3.6113520170268787,1.0524676446020327,3.1689968000009685,kriging_results\s359_tx16\map359_tx16_ratio0_0200.png
s359_tx21,359,21,0.005,259,0.00993485890530995,4.4711809573130115,1.9045846901305945,1.2842127999992954,kriging_results\s359_tx21\map359_tx21_ratio0_0050.png
s359_tx21,359,21,0.01,517,0.007692203765245527,3.9342937250440166,1.381341291632456,1.925037400000292,kriging_results\s359_tx21\map359_tx21_ratio0_0100.png
s359_tx21,359,21,0.02,1034,0.006560907060171896,3.6334846511435175,1.0883444995933256,2.9683520999988104,kriging_results\s359_tx21\map359_tx21_ratio0_0200.png
s359_tx23,359,23,0.005,259,0.038245232354680546,6.219493694427639,2.538047445628415,1.3058578000000125,kriging_results\s359_tx23\map359_tx23_ratio0_0050.png
s359_tx23,359,23,0.01,517,0.021021061819499524,4.610984911477983,1.6707777866303313,1.9694705000001704,kriging_results\s359_tx23\map359_tx23_ratio0_0100.png
s359_tx23,359,23,0.02,1034,0.017688765217096572,4.2297542386089155,1.311449063447783,3.050830300000598,kriging_results\s359_tx23\map359_tx23_ratio0_0200.png
s359_tx25,359,25,0.005,259,0.02147797927432551,5.636344029240011,2.3919098850227813,1.309210900000835,kriging_results\s359_tx25\map359_tx25_ratio0_0050.png
s359_tx25,359,25,0.01,517,0.014572170708367985,4.642617524849244,1.6696223175145641,2.0487148000011075,kriging_results\s359_tx25\map359_tx25_ratio0_0100.png
s359_tx25,359,25,0.02,1034,0.012216698218070239,4.2508688610544025,1.3050932447373849,2.988224299999274,kriging_results\s359_tx25\map359_tx25_ratio0_0200.png
s359_tx26,359,26,0.005,259,0.03841000123343192,6.202039335876764,2.451715115606508,1.3371404000008624,kriging_results\s359_tx26\map359_tx26_ratio0_0050.png
s359_tx26,359,26,0.01,517,0.020517877995503725,4.53292538161821,1.624253719888284,1.9739441999990959,kriging_results\s359_tx26\map359_tx26_ratio0_0100.png
s359_tx26,359,26,0.02,1034,0.017200844879476842,4.1503740477667606,1.2904679830581254,2.9618909000000713,kriging_results\s359_tx26\map359_tx26_ratio0_0200.png
s359_tx28,359,28,0.005,259,0.014647456651193422,4.990942302301871,2.1907399702057386,1.3925791000001482,kriging_results\s359_tx28\map359_tx28_ratio0_0050.png
s359_tx28,359,28,0.01,517,0.011188471264185844,4.362011562412034,1.564129256936501,2.0127221000002464,kriging_results\s359_tx28\map359_tx28_ratio0_0100.png
s359_tx28,359,28,0.02,1034,0.008367923119082516,3.77233518965353,1.1595956450532885,3.1313248999995267,kriging_results\s359_tx28\map359_tx28_ratio0_0200.png
s359_tx44,359,44,0.005,259,0.038311385417727294,6.19145860676718,2.4606245776441806,1.3160879999995814,kriging_results\s359_tx44\map359_tx44_ratio0_0050.png
s359_tx44,359,44,0.01,517,0.0205245642690845,4.531750708439002,1.6246662163505685,1.9829270000009274,kriging_results\s359_tx44\map359_tx44_ratio0_0100.png
s359_tx44,359,44,0.02,1034,0.017077196313033994,4.133684481190708,1.3013543034810025,3.2206145000000106,kriging_results\s359_tx44\map359_tx44_ratio0_0200.png
s359_tx47,359,47,0.005,259,0.01095154548954417,4.670581628683582,1.9571417082724871,1.4101471999983914,kriging_results\s359_tx47\map359_tx47_ratio0_0050.png
s359_tx47,359,47,0.01,517,0.008642065013975728,4.1489865270446815,1.4498545319921128,2.015128699998968,kriging_results\s359_tx47\map359_tx47_ratio0_0100.png
s359_tx47,359,47,0.02,1034,0.006805279432059122,3.6817664583129175,1.0690073605404296,3.0835043999995833,kriging_results\s359_tx47\map359_tx47_ratio0_0200.png
s359_tx48,359,48,0.005,259,0.04213356470882458,7.023880798382632,2.9233831479725767,1.3349693000000116,kriging_results\s359_tx48\map359_tx48_ratio0_0050.png
s359_tx48,359,48,0.01,517,0.01852836132821913,4.6578074722039755,1.7939192126388337,2.003285599999799,kriging_results\s359_tx48\map359_tx48_ratio0_0100.png
s359_tx48,359,48,0.02,1034,0.014589774405100259,4.133208519468661,1.3998178959040404,3.048989299999448,kriging_results\s359_tx48\map359_tx48_ratio0_0200.png
s359_tx51,359,51,0.005,259,0.024458663990488752,4.1716051358471224,1.8245322668157617,1.3470539000009012,kriging_results\s359_tx51\map359_tx51_ratio0_0050.png
s359_tx51,359,51,0.01,517,0.02230436884706665,3.983655719337919,1.4779243182929371,2.0391564999990806,kriging_results\s359_tx51\map359_tx51_ratio0_0100.png
s359_tx51,359,51,0.02,1034,0.017764894263179627,3.5552335883359354,1.0798695595852548,3.046265700000731,kriging_results\s359_tx51\map359_tx51_ratio0_0200.png
s359_tx53,359,53,0.005,259,0.010657524854902189,4.63936733632247,1.972423197204061,1.3470481000003929,kriging_results\s359_tx53\map359_tx53_ratio0_0050.png
s359_tx53,359,53,0.01,517,0.007994036988308683,4.018034432475119,1.3838991031156758,2.050152399999206,kriging_results\s359_tx53\map359_tx53_ratio0_0100.png
s359_tx53,359,53,0.02,1034,0.006494231275035667,3.621549664421897,1.0596648276460978,3.0790685000010853,kriging_results\s359_tx53\map359_tx53_ratio0_0200.png
s359_tx65,359,65,0.005,259,0.012267818922093679,4.607221496502181,1.9557549366822593,1.379781699999512,kriging_results\s359_tx65\map359_tx65_ratio0_0050.png
s359_tx65,359,65,0.01,517,0.008748908705793356,3.8907413411062675,1.4118507614596199,2.0310619000010774,kriging_results\s359_tx65\map359_tx65_ratio0_0100.png
s359_tx65,359,65,0.02,1034,0.007854190235987152,3.686431155572587,1.145089444638922,3.1381433000005927,kriging_results\s359_tx65\map359_tx65_ratio0_0200.png
s359_tx66,359,66,0.005,259,0.012518254931444987,4.911538425053684,2.136159827634669,1.347054300000309,kriging_results\s359_tx66\map359_tx66_ratio0_0050.png
s359_tx66,359,66,0.01,517,0.008877139344072279,4.1360156236494054,1.4362990833295457,2.0451794999989943,kriging_results\s359_tx66\map359_tx66_ratio0_0100.png
s359_tx66,359,66,0.02,1034,0.006806307529680087,3.6216079811216226,1.0991734047490944,3.078156699999454,kriging_results\s359_tx66\map359_tx66_ratio0_0200.png
s359_tx69,359,69,0.005,259,0.01117646545625534,4.737913674460996,2.0277792516783344,1.3331849000005604,kriging_results\s359_tx69\map359_tx69_ratio0_0050.png
s359_tx69,359,69,0.01,517,0.00833006293752467,4.090336537372217,1.391181431920563,2.037381300000561,kriging_results\s359_tx69\map359_tx69_ratio0_0100.png
s359_tx69,359,69,0.02,1034,0.0066181477568766555,3.645886356198705,1.0571468440935141,3.0709327000004123,kriging_results\s359_tx69\map359_tx69_ratio0_0200.png
s359_tx72,359,72,0.005,259,0.03417997594659431,6.067558435018952,2.4957492966210646,1.2633762000004936,kriging_results\s359_tx72\map359_tx72_ratio0_0050.png
s359_tx72,359,72,0.01,517,0.016950176517618216,4.272825870302476,1.558185159293021,2.046548399999665,kriging_results\s359_tx72\map359_tx72_ratio0_0100.png
s359_tx72,359,72,0.02,1034,0.014722969697292266,3.982225034478512,1.1868863238597647,3.1688412000003154,kriging_results\s359_tx72\map359_tx72_ratio0_0200.png
s359_tx76,359,76,0.005,259,0.048897346189982045,7.127542604242647,2.771539329486305,1.3359889000003022,kriging_results\s359_tx76\map359_tx76_ratio0_0050.png
s359_tx76,359,76,0.01,517,0.02054423735846376,4.6200022141904284,1.724516375815304,2.035297000000355,kriging_results\s359_tx76\map359_tx76_ratio0_0100.png
s359_tx76,359,76,0.02,1034,0.016511693475265286,4.141836786683533,1.3281674503136331,3.0540875000006054,kriging_results\s359_tx76\map359_tx76_ratio0_0200.png
s362_tx04,362,4,0.005,260,0.025333807105703175,6.130481115249782,2.912966073456384,1.4072902999996586,kriging_results\s362_tx04\map362_tx4_ratio0_0050.png
s362_tx04,362,4,0.01,519,0.01704371884278045,5.028361713091973,2.05642923380279,1.9447232999991684,kriging_results\s362_tx04\map362_tx4_ratio0_0100.png
s362_tx04,362,4,0.02,1038,0.01411016519631623,4.575203152730184,1.5422667523479747,3.1113748000007035,kriging_results\s362_tx04\map362_tx4_ratio0_0200.png
s362_tx07,362,7,0.005,260,0.02237722901887354,5.75072362247696,2.6601527147066135,1.347458700000061,kriging_results\s362_tx07\map362_tx7_ratio0_0050.png
s362_tx07,362,7,0.01,519,0.01668470284969811,4.96567829024496,2.0380227598798033,2.0443221000004996,kriging_results\s362_tx07\map362_tx7_ratio0_0100.png
s362_tx07,362,7,0.02,1038,0.013429972861468966,4.455094356863166,1.4795013308651428,3.3079519999992044,kriging_results\s362_tx07\map362_tx7_ratio0_0200.png
s362_tx11,362,11,0.005,260,0.02560137869124352,6.36214115058895,3.0711039598190966,1.3271674999996321,kriging_results\s362_tx11\map362_tx11_ratio0_0050.png
s362_tx11,362,11,0.01,519,0.01964601308234007,5.573254100990059,2.317249234217258,2.1038668999990477,kriging_results\s362_tx11\map362_tx11_ratio0_0100.png
s362_tx11,362,11,0.02,1038,0.016027517125495543,5.03390192617035,1.6300943545356101,3.1201761000011174,kriging_results\s362_tx11\map362_tx11_ratio0_0200.png
s362_tx12,362,12,0.005,260,0.030177254591132647,6.65317335744867,3.1204108716297823,1.3450396999996883,kriging_results\s362_tx12\map362_tx12_ratio0_0050.png
s362_tx12,362,12,0.01,519,0.018131157415987007,5.15705460047431,2.2053198519165615,2.0587926999996853,kriging_results\s362_tx12\map362_tx12_ratio0_0100.png
s362_tx12,362,12,0.02,1038,0.01597815232692356,4.841191378556771,1.6672449232675355,3.1339606000001368,kriging_results\s362_tx12\map362_tx12_ratio0_0200.png
s362_tx15,362,15,0.005,260,0.02961432697019728,6.016049904353213,2.8523241455654427,1.3718460999989475,kriging_results\s362_tx15\map362_tx15_ratio0_0050.png
s362_tx15,362,15,0.01,519,0.01971175330731253,4.908209810559483,2.0955970609058294,1.999126000000615,kriging_results\s362_tx15\map362_tx15_ratio0_0100.png
s362_tx15,362,15,0.02,1038,0.017553979286398944,4.631783824354632,1.6544909434507367,3.0396997000007104,kriging_results\s362_tx15\map362_tx15_ratio0_0200.png
s362_tx17,362,17,0.005,260,0.028048845078805743,6.129456429664266,3.0897756286732827,1.3990087999991374,kriging_results\s362_tx17\map362_tx17_ratio0_0050.png
s362_tx17,362,17,0.01,519,0.02238477883451742,5.475715469726324,2.4915340511426036,2.092564799999309,kriging_results\s362_tx17\map362_tx17_ratio0_0100.png
s362_tx17,362,17,0.02,1038,0.01840112987286323,4.964628004593907,1.8459348874671437,3.015625899999577,kriging_results\s362_tx17\map362_tx17_ratio0_0200.png
s362_tx20,362,20,0.005,260,0.027023671823289463,6.222039989584469,3.0208121145652522,1.2865060999993148,kriging_results\s362_tx20\map362_tx20_ratio0_0050.png
s362_tx20,362,20,0.01,519,0.022047020060191224,5.6199902620281135,2.435081341533328,1.746307399998841,kriging_results\s362_tx20\map362_tx20_ratio0_0100.png
s362_tx20,362,20,0.02,1038,0.017014016641379984,4.937010460057716,1.6998836095030567,3.087979500000074,kriging_results\s362_tx20\map362_tx20_ratio0_0200.png
s362_tx24,362,24,0.005,260,0.029269810920986,5.8733745538118445,2.747329580334756,1.3953609999989567,kriging_results\s362_tx24\map362_tx24_ratio0_0050.png
s362_tx24,362,24,0.01,519,0.021659913577372708,5.052497381676786,2.089676604145512,1.948302099999637,kriging_results\s362_tx24\map362_tx24_ratio0_0100.png
s362_tx24,362,24,0.02,1038,0.017621064043717695,4.557155041230434,1.540020057008565,2.993924899999911,kriging_results\s362_tx24\map362_tx24_ratio0_0200.png
s362_tx30,362,30,0.005,260,0.0215431494403699,3.8222547457784324,2.041558701312775,1.3518753999996989,kriging_results\s362_tx30\map362_tx30_ratio0_0050.png
s362_tx30,362,30,0.01,519,0.0149017914515281,3.1789542642110717,1.4752515903659977,1.9835653999998613,kriging_results\s362_tx30\map362_tx30_ratio0_0100.png
s362_tx30,362,30,0.02,1038,0.012153613292739465,2.870897920919511,1.094289962514217,3.070708700000978,kriging_results\s362_tx30\map362_tx30_ratio0_0200.png
s362_tx34,362,34,0.005,260,0.019379710260165994,5.25228465130821,2.496219911767357,1.339037499999904,kriging_results\s362_tx34\map362_tx34_ratio0_0050.png
s362_tx34,362,34,0.01,519,0.016233419594327066,4.807060837199982,1.9407275163044255,2.024202900000091,kriging_results\s362_tx34\map362_tx34_ratio0_0100.png
s362_tx34,362,34,0.02,1038,0.013199198777126369,4.334593722213452,1.4335014671842445,3.147451999999248,kriging_results\s362_tx34\map362_tx34_ratio0_0200.png
s362_tx35,362,35,0.005,260,0.024813411021738317,5.993822833974459,2.7996396635272207,1.3303450999992492,kriging_results\s362_tx35\map362_tx35_ratio0_0050.png
s362_tx35,362,35,0.01,519,0.017420328806125374,5.022140347016863,2.020561563602267,2.0411098999993555,kriging_results\s362_tx35\map362_tx35_ratio0_0100.png
s362_tx35,362,35,0.02,1038,0.01428281182626017,4.547445750072044,1.5293137683127815,3.1003294000001915,kriging_results\s362_tx35\map362_tx35_ratio0_0200.png
s362_tx36,362,36,0.005,260,0.018389466359580695,4.288354886340962,2.107287585894971,1.4003931999995984,kriging_results\s362_tx36\map362_tx36_ratio0_0050.png
s362_tx36,362,36,0.01,519,0.013265915941673891,3.642292152359057,1.6035129578360037,1.9717553999998927,kriging_results\s362_tx36\map362_tx36_ratio0_0100.png
s362_tx36,362,36,0.02,1038,0.011263525737880784,3.356165179814194,1.1997706788803,3.090598599999794,kriging_results\s362_tx36\map362_tx36_ratio0_0200.png
s362_tx44,362,44,0.005,260,0.0187150048560908,4.909085388097566,2.3197685471779237,1.3945440999996208,kriging_results\s362_tx44\map362_tx44_ratio0_0050.png
s362_tx44,362,44,0.01,519,0.01755965783984112,4.7551435511466105,1.9163341310146238,2.0046433999996225,kriging_results\s362_tx44\map362_tx44_ratio0_0100.png
s362_tx44,362,44,0.02,1038,0.013874076671660122,4.226760658845251,1.3801251701151362,3.1364176999995834,kriging_results\s362_tx44\map362_tx44_ratio0_0200.png
s362_tx45,362,45,0.005,260,0.0335149690183648,6.578832556878745,2.8016384756557056,1.3614868999993632,kriging_results\s362_tx45\map362_tx45_ratio0_0050.png
s362_tx45,362,45,0.01,519,0.017912258540257284,4.809551683292242,1.976674441205179,2.0090617000005295,kriging_results\s362_tx45\map362_tx45_ratio0_0100.png
s362_tx45,362,45,0.02,1038,0.016533564887693496,4.620752154228758,1.5126929964101754,3.0832480000008218,kriging_results\s362_tx45\map362_tx45_ratio0_0200.png
s362_tx50,362,50,0.005,260,0.022180045623213917,4.7151646478868585,2.207996715292419,1.2909479999998439,kriging_results\s362_tx50\map362_tx50_ratio0_0050.png
s362_tx50,362,50,0.01,519,0.02018435027534586,4.498037085740365,1.842650970097325,2.096133799999734,kriging_results\s362_tx50\map362_tx50_ratio0_0100.png
s362_tx50,362,50,0.02,1038,0.015419284257484185,3.9314046766061423,1.3051805849973033,3.045510400001149,kriging_results\s362_tx50\map362_tx50_ratio0_0200.png
s362_tx63,362,63,0.005,260,0.02725954250783723,5.860600769469355,2.695112689692961,1.2784804999992048,kriging_results\s362_tx63\map362_tx63_ratio0_0050.png
s362_tx63,362,63,0.01,519,0.017663823486362133,4.717644402340957,1.9027580601572474,2.077368700000079,kriging_results\s362_tx63\map362_tx63_ratio0_0100.png
s362_tx63,362,63,0.02,1038,0.016334350673012334,4.5366344593654535,1.4792621657021163,3.1388514999998733,kriging_results\s362_tx63\map362_tx63_ratio0_0200.png
s362_tx66,362,66,0.005,260,0.029705464508112987,6.597223344585096,3.0223684212228608,1.3780219000000216,kriging_results\s362_tx66\map362_tx66_ratio0_0050.png
s362_tx66,362,66,0.01,519,0.01773604514326374,5.09766622989178,2.1592573364916445,1.97836450000068,kriging_results\s362_tx66\map362_tx66_ratio0_0100.png
s362_tx66,362,66,0.02,1038,0.01572048272813958,4.799278443363895,1.585188547500653,3.102286199999071,kriging_results\s362_tx66\map362_tx66_ratio0_0200.png
s362_tx67,362,67,0.005,260,0.022938554527051434,5.820064740218073,2.699200306844707,1.3312561999991885,kriging_results\s362_tx67\map362_tx67_ratio0_0050.png
s362_tx67,362,67,0.01,519,0.018640327271838217,5.24652265234988,2.132505650000715,2.0463902999999846,kriging_results\s362_tx67\map362_tx67_ratio0_0100.png
s362_tx67,362,67,0.02,1038,0.01596792384143588,4.855891923122533,1.6010852203971906,3.2077391000002535,kriging_results\s362_tx67\map362_tx67_ratio0_0200.png
s362_tx72,362,72,0.005,260,0.022707606107379454,5.763814217958697,2.7893116751873994,1.3985233000003063,kriging_results\s362_tx72\map362_tx72_ratio0_0050.png
s362_tx72,362,72,0.01,519,0.019436205594044256,5.332489931799331,2.1468895341472733,2.0610663000006753,kriging_results\s362_tx72\map362_tx72_ratio0_0100.png
s362_tx72,362,72,0.02,1038,0.015067073618279584,4.695034122509647,1.5445238780304582,3.1878926000008505,kriging_results\s362_tx72\map362_tx72_ratio0_0200.png
s362_tx78,362,78,0.005,260,0.018614390322562957,5.163530151427217,2.4386289066381224,1.3517547999999806,kriging_results\s362_tx78\map362_tx78_ratio0_0050.png
s362_tx78,362,78,0.01,519,0.016713558041579434,4.892792019433134,1.9727016397151476,2.0537795000000187,kriging_results\s362_tx78\map362_tx78_ratio0_0100.png
s362_tx78,362,78,0.02,1038,0.013293699446090048,4.36360297667774,1.4501232629061687,3.2150383000007423,kriging_results\s362_tx78\map362_tx78_ratio0_0200.png
s367_tx01,367,1,0.005,293,0.01070886322937699,4.416126247953147,2.2471642947843273,1.608608099999401,kriging_results\s367_tx01\map367_tx1_ratio0_0050.png
s367_tx01,367,1,0.01,586,0.007871903222771816,3.786253275789639,1.58441695368922,2.3783765000007406,kriging_results\s367_tx01\map367_tx1_ratio0_0100.png
s367_tx01,367,1,0.02,1171,0.005554163482909987,3.1803807824113712,1.1125274920053605,3.9206403000007413,kriging_results\s367_tx01\map367_tx1_ratio0_0200.png
s367_tx02,367,2,0.005,293,0.007893141137970433,4.0146229318979945,1.9509309051391615,1.7033205000007001,kriging_results\s367_tx02\map367_tx2_ratio0_0050.png
s367_tx02,367,2,0.01,586,0.007003992305075247,3.781748518025941,1.4877943293814315,2.3931431000000885,kriging_results\s367_tx02\map367_tx2_ratio0_0100.png
s367_tx02,367,2,0.02,1171,0.004508137149993671,3.0340195586207446,1.0430375881180072,3.8294224000001122,kriging_results\s367_tx02\map367_tx2_ratio0_0200.png
s367_tx03,367,3,0.005,293,0.007868474067561975,3.9396555364235213,1.8686595289897818,1.6274873000002117,kriging_results\s367_tx03\map367_tx3_ratio0_0050.png
s367_tx03,367,3,0.01,586,0.007063544947054211,3.7327108684719392,1.440213480114069,2.5075134999988222,kriging_results\s367_tx03\map367_tx3_ratio0_0100.png
s367_tx03,367,3,0.02,1171,0.00443004186759204,2.9560850028331753,0.9817858907791976,3.90081470000041,kriging_results\s367_tx03\map367_tx3_ratio0_0200.png
s367_tx20,367,20,0.005,293,0.00966818965130141,4.465807677111338,2.1327932464262647,1.6248889999988023,kriging_results\s367_tx20\map367_tx20_ratio0_0050.png
s367_tx20,367,20,0.01,586,0.008044441675159074,4.073571793707185,1.5781071540030016,2.3768543000005593,kriging_results\s367_tx20\map367_tx20_ratio0_0100.png
s367_tx20,367,20,0.02,1171,0.005145882596844511,3.258047162076495,1.1160430391804768,3.919807899999796,kriging_results\s367_tx20\map367_tx20_ratio0_0200.png
s367_tx27,367,27,0.005,293,0.009682490733325807,3.9349586515162582,1.9626088676234863,1.6259523000007903,kriging_results\s367_tx27\map367_tx27_ratio0_0050.png
s367_tx27,367,27,0.01,586,0.008010256166878345,3.5790671032471817,1.5227355041597797,2.3554018000013457,kriging_results\s367_tx27\map367_tx27_ratio0_0100.png
s367_tx27,367,27,0.02,1171,0.00590330452178651,3.0725165330828395,1.0934444061447257,3.8663429000007454,kriging_results\s367_tx27\map367_tx27_ratio0_0200.png
s367_tx29,367,29,0.005,293,0.013738666196201416,4.944529174271371,2.3913497880467456,1.5965228000004572,kriging_results\s367_tx29\map367_tx29_ratio0_0050.png
s367_tx29,367,29,0.01,586,0.011903636070802954,4.602486119065427,1.8676556774446245,2.495957700000872,kriging_results\s367_tx29\map367_tx29_ratio0_0100.png
s367_tx29,367,29,0.02,1171,0.009015794345587018,4.005480871103595,1.3578165829114432,3.731340000000273,kriging_results\s367_tx29\map367_tx29_ratio0_0200.png
s367_tx30,367,30,0.005,293,0.014554489752776213,4.7133168824073755,2.3611746336730555,1.6492328000003909,kriging_results\s367_tx30\map367_tx30_ratio0_0050.png
s367_tx30,367,30,0.01,586,0.014370807120340542,4.683480611586966,1.9006132217723846,2.3032438999998703,kriging_results\s367_tx30\map367_tx30_ratio0_0100.png
s367_tx30,367,30,0.02,1171,0.010530822944146617,4.009214666448288,1.388006194091897,3.7490375000015774,kriging_results\s367_tx30\map367_tx30_ratio0_0200.png
s367_tx32,367,32,0.005,293,0.010266473532604457,4.381258824061469,2.201511693678077,1.648086200000762,kriging_results\s367_tx32\map367_tx32_ratio0_0050.png
s367_tx32,367,32,0.01,586,0.008175490940898356,3.9097157847891273,1.5730167586216701,2.413940399999774,kriging_results\s367_tx32\map367_tx32_ratio0_0100.png
s367_tx32,367,32,0.02,1171,0.005775906052197571,3.2862327933437525,1.1239164242421533,3.7522274000002653,kriging_results\s367_tx32\map367_tx32_ratio0_0200.png
s367_tx37,367,37,0.005,293,0.00946342780227939,4.4377885382242495,2.155661905728352,1.66311289999976,kriging_results\s367_tx37\map367_tx37_ratio0_0050.png
s367_tx37,367,37,0.01,586,0.008132103886839196,4.113806104425905,1.6679399991301973,2.458439300000464,kriging_results\s367_tx37\map367_tx37_ratio0_0100.png
s367_tx37,367,37,0.02,1171,0.00531366248624132,3.3253651905164814,1.185897484056498,3.872920499999964,kriging_results\s367_tx37\map367_tx37_ratio0_0200.png
s367_tx42,367,42,0.005,293,0.015168038787157194,5.003845729597374,2.5186637286646314,1.552318899999591,kriging_results\s367_tx42\map367_tx42_ratio0_0050.png
s367_tx42,367,42,0.01,586,0.01360875795119461,4.739673622533957,1.8589589491879288,2.465146900000036,kriging_results\s367_tx42\map367_tx42_ratio0_0100.png
s367_tx42,367,42,0.02,1171,0.008994165587913503,3.8531830013702066,1.3583300855267098,3.768829499998901,kriging_results\s367_tx42\map367_tx42_ratio0_0200.png
s367_tx43,367,43,0.005,293,0.012333214832392582,4.677647633661064,2.4061440286671236,1.6238640999999916,kriging_results\s367_tx43\map367_tx43_ratio0_0050.png
s367_tx43,367,43,0.01,586,0.008819113796881177,3.9555039809030736,1.6263592391121193,2.4962833000008686,kriging_results\s367_tx43\map367_tx43_ratio0_0100.png
s367_tx43,367,43,0.02,1171,0.006627244968033853,3.42890819308347,1.245357257054206,3.8435129999998026,kriging_results\s367_tx43\map367_tx43_ratio0_0200.png
s367_tx45,367,45,0.005,293,0.01091872719895469,4.695177200245487,2.209841574627579,1.66568179999922,kriging_results\s367_tx45\map367_tx45_ratio0_0050.png
s367_tx45,367,45,0.01,586,0.009006476279028832,4.264257554972424,1.636856916032033,13.082174000001032,kriging_results\s367_tx45\map367_tx45_ratio0_0100.png
s367_tx45,367,45,0.02,1171,0.006247659565574478,3.5516049672843883,1.167888891862787,3.8261687999984133,kriging_results\s367_tx45\map367_tx45_ratio0_0200.png
s367_tx49,367,49,0.005,293,0.013609702135109612,4.527805970899159,2.058377943605218,1.6295061000000715,kriging_results\s367_tx49\map367_tx49_ratio0_0050.png
s367_tx49,367,49,0.01,586,0.011140730751376567,4.096569556736636,1.5409612092621994,2.4099727000011626,kriging_results\s367_tx49\map367_tx49_ratio0_0100.png
s367_tx49,367,49,0.02,1171,0.008540088228190754,3.586696871430235,1.1344159691940066,3.7992630999997345,kriging_results\s367_tx49\map367_tx49_ratio0_0200.png
s367_tx52,367,52,0.005,293,0.012163578284673515,4.540117351658379,2.22412425942842,1.6918956999998045,kriging_results\s367_tx52\map367_tx52_ratio0_0050.png
s367_tx52,367,52,0.01,586,0.00911617494481898,3.930454058145604,1.6102078374918027,2.401750600000014,kriging_results\s367_tx52\map367_tx52_ratio0_0100.png
s367_tx52,367,52,0.02,1171,0.0069602429457276405,3.4343819335796333,1.143653934178701,3.814564500000415,kriging_results\s367_tx52\map367_tx52_ratio0_0200.png
s367_tx58,367,58,0.005,293,0.011856887451640458,4.430259993275013,2.2466397816693195,1.6124983000008797,kriging_results\s367_tx58\map367_tx58_ratio0_0050.png
s367_tx58,367,58,0.01,586,0.011190880407959099,4.304036958895895,1.8456886215087382,2.4452997999997024,kriging_results\s367_tx58\map367_tx58_ratio0_0100.png
s367_tx58,367,58,0.02,1171,0.008083926028963594,3.658095473235276,1.2992489910963576,3.8289054999986547,kriging_results\s367_tx58\map367_tx58_ratio0_0200.png
s367_tx60,367,60,0.005,293,0.009738827091205687,4.449184946843232,2.045819576689717,1.6193023000014364,kriging_results\s367_tx60\map367_tx60_ratio0_0050.png
s367_tx60,367,60,0.01,586,0.008420024426007162,4.136983569304212,1.4886588172676567,2.3448121000001265,kriging_results\s367_tx60\map367_tx60_ratio0_0100.png
s367_tx60,367,60,0.02,1171,0.005849019973883512,3.448011256692771,1.0859121800495923,3.875209799998629,kriging_results\s367_tx60\map367_tx60_ratio0_0200.png
s367_tx62,367,62,0.005,293,0.011359744061518129,4.728207932552033,2.2317339863544228,1.621667499999603,kriging_results\s367_tx62\map367_tx62_ratio0_0050.png
s367_tx62,367,62,0.01,586,0.010237546028867377,4.488592996328761,1.7180205694537722,2.496774199998981,kriging_results\s367_tx62\map367_tx62_ratio0_0100.png
s367_tx62,367,62,0.02,1171,0.006975443203647961,3.70508521063854,1.2346684879650764,3.7776429999994434,kriging_results\s367_tx62\map367_tx62_ratio0_0200.png
s367_tx68,367,68,0.005,293,0.011205028317741818,4.4991970936180525,2.259028245831165,1.6882751000011922,kriging_results\s367_tx68\map367_tx68_ratio0_0050.png
s367_tx68,367,68,0.01,586,0.00839144255971708,3.8935598369652147,1.6117784341486059,2.4116297000000486,kriging_results\s367_tx68\map367_tx68_ratio0_0100.png
s367_tx68,367,68,0.02,1171,0.006764074712031171,3.495688601396271,1.2001292792335803,4.031786100000318,kriging_results\s367_tx68\map367_tx68_ratio0_0200.png
s367_tx69,367,69,0.005,293,0.010797560408346257,4.714618190550323,2.2714311842738604,1.6374976999995852,kriging_results\s367_tx69\map367_tx69_ratio0_0050.png
s367_tx69,367,69,0.01,586,0.008700045640872081,4.231988314028585,1.638066186279948,2.434506699999474,kriging_results\s367_tx69\map367_tx69_ratio0_0100.png
s367_tx69,367,69,0.02,1171,0.006063386422776686,3.5329811348027826,1.2046917663111025,3.730610800001159,kriging_results\s367_tx69\map367_tx69_ratio0_0200.png
s367_tx78,367,78,0.005,293,0.018185935616504376,4.97623237436891,2.3253774501130393,1.6387948999999935,kriging_results\s367_tx78\map367_tx78_ratio0_0050.png
s367_tx78,367,78,0.01,586,0.015735083217195474,4.628788738178867,1.7687077696203668,2.2980821000001015,kriging_results\s367_tx78\map367_tx78_ratio0_0100.png
s367_tx78,367,78,0.02,1171,0.010706472658594021,3.818176866953515,1.244763981846505,3.4546080000000075,kriging_results\s367_tx78\map367_tx78_ratio0_0200.png
s378_tx00,378,0,0.005,294,0.012753302732997893,4.166280385622265,2.0075559353437047,1.6793928000006417,kriging_results\s378_tx00\map378_tx0_ratio0_0050.png
s378_tx00,378,0,0.01,588,0.012016189393718261,4.0440874407086405,1.623551971936516,2.3984743999990314,kriging_results\s378_tx00\map378_tx0_ratio0_0100.png
s378_tx00,378,0,0.02,1176,0.01044145900384392,3.7697951545865256,1.3547060036665324,3.851735500000359,kriging_results\s378_tx00\map378_tx0_ratio0_0200.png
s378_tx04,378,4,0.005,294,0.006190928016706813,3.6003124510771274,1.4926886625128497,1.7091586000005918,kriging_results\s378_tx04\map378_tx4_ratio0_0050.png
s378_tx04,378,4,0.01,588,0.005979654039160244,3.538346356059214,1.2325122953627277,2.415566600000602,kriging_results\s378_tx04\map378_tx4_ratio0_0100.png
s378_tx04,378,4,0.02,1176,0.005079369548279814,3.261123362331032,0.981446542339969,3.8849366000013106,kriging_results\s378_tx04\map378_tx4_ratio0_0200.png
s378_tx06,378,6,0.005,294,0.01098299503564635,4.0513379000005205,1.7790677961508636,1.649500600000465,kriging_results\s378_tx06\map378_tx6_ratio0_0050.png
s378_tx06,378,6,0.01,588,0.009471610567535965,3.762270321545672,1.4349839615681914,2.497775499999989,kriging_results\s378_tx06\map378_tx6_ratio0_0100.png
s378_tx06,378,6,0.02,1176,0.008120723874533355,3.4836574670138036,1.1308505958426696,3.8465761999996175,kriging_results\s378_tx06\map378_tx6_ratio0_0200.png
s378_tx10,378,10,0.005,294,0.00718356310995728,3.958202985923215,1.6622677061238784,1.7113320000007661,kriging_results\s378_tx10\map378_tx10_ratio0_0050.png
s378_tx10,378,10,0.01,588,0.0056886892171115686,3.5223638098315124,1.3292146533973528,2.3975035000003118,kriging_results\s378_tx10\map378_tx10_ratio0_0100.png
s378_tx10,378,10,0.02,1176,0.004798853585967261,3.2351681542303963,1.0848863782572018,3.8564822999996977,kriging_results\s378_tx10\map378_tx10_ratio0_0200.png
s378_tx12,378,12,0.005,294,0.0066552566041484275,3.768181294678767,1.5870704288130626,1.6865047000010236,kriging_results\s378_tx12\map378_tx12_ratio0_0050.png
s378_tx12,378,12,0.01,588,0.0056061037527826985,3.458437684818915,1.2520607898579452,2.427980300000854,kriging_results\s378_tx12\map378_tx12_ratio0_0100.png
s378_tx12,378,12,0.02,1176,0.004748944827919879,3.1830829391320923,1.0247549305057875,3.865277999999307,kriging_results\s378_tx12\map378_tx12_ratio0_0200.png
s378_tx14,378,14,0.005,294,0.0083425397126239,3.5423635365862354,1.5531575736275962,1.625272799999948,kriging_results\s378_tx14\map378_tx14_ratio0_0050.png
s378_tx14,378,14,0.01,588,0.007301501581398434,3.3139814854666465,1.2596306906860175,2.5705789999992703,kriging_results\s378_tx14\map378_tx14_ratio0_0100.png
s378_tx14,378,14,0.02,1176,0.005606319506747129,2.903908380112918,0.9497251360881,3.8946792999995523,kriging_results\s378_tx14\map378_tx14_ratio0_0200.png
s378_tx16,378,16,0.005,294,0.008144388662610063,3.5018493818479843,1.4865750563857485,1.6566439999987779,kriging_results\s378_tx16\map378_tx16_ratio0_0050.png
s378_tx16,378,16,0.01,588,0.006542133578879605,3.138541756825649,1.1462306366654655,2.4320707999995648,kriging_results\s378_tx16\map378_tx16_ratio0_0100.png
s378_tx16,378,16,0.02,1176,0.005740802523752969,2.940048621206148,0.9296754524741659,3.9004043999993883,kriging_results\s378_tx16\map378_tx16_ratio0_0200.png
s378_tx19,378,19,0.005,294,0.010723913321586597,3.897782603098267,1.7222571882147504,1.605762600000162,kriging_results\s378_tx19\map378_tx19_ratio0_0050.png
s378_tx19,378,19,0.01,588,0.008507844437919491,3.471768281585182,1.2785468649598544,2.5295997000011994,kriging_results\s378_tx19\map378_tx19_ratio0_0100.png
s378_tx19,378,19,0.02,1176,0.008907238486655075,3.5523234867187217,1.0781851707900414,3.8437919999996666,kriging_results\s378_tx19\map378_tx19_ratio0_0200.png
s378_tx21,378,21,0.005,294,0.0072108249132570934,3.467805102058809,1.4580195517871335,1.6516744000000472,kriging_results\s378_tx21\map378_tx21_ratio0_0050.png
s378_tx21,378,21,0.01,588,0.006323361924103928,3.247403241342139,1.134690229294707,2.493938200001139,kriging_results\s378_tx21\map378_tx21_ratio0_0100.png
s378_tx21,378,21,0.02,1176,0.006074668765478718,3.182903778242527,0.9775696339387822,3.7363552000006166,kriging_results\s378_tx21\map378_tx21_ratio0_0200.png
s378_tx39,378,39,0.005,294,0.006551200484114329,3.6795543988427073,1.5500726279164392,1.6219977000000654,kriging_results\s378_tx39\map378_tx39_ratio0_0050.png
s378_tx39,378,39,0.01,588,0.005384883104530447,3.335976031541604,1.2479180827477032,2.4561845999996876,kriging_results\s378_tx39\map378_tx39_ratio0_0100.png
s378_tx39,378,39,0.02,1176,0.004872526254221211,3.173305430710246,1.05028194535536,3.797940100001142,kriging_results\s378_tx39\map378_tx39_ratio0_0200.png
s378_tx43,378,43,0.005,294,0.01194802389757226,3.99039795961747,1.9288997311732838,1.630509800001164,kriging_results\s378_tx43\map378_tx43_ratio0_0050.png
s378_tx43,378,43,0.01,588,0.00933471712413799,3.527107978772985,1.4480375455554737,2.49776010000096,kriging_results\s378_tx43\map378_tx43_ratio0_0100.png
s378_tx43,378,43,0.02,1176,0.00973046460606917,3.6010981515441056,1.2301226896970787,3.856805900000836,kriging_results\s378_tx43\map378_tx43_ratio0_0200.png
s378_tx49,378,49,0.005,294,0.006408322063808835,3.737347825903371,1.567746433972846,1.6494515000013052,kriging_results\s378_tx49\map378_tx49_ratio0_0050.png
s378_tx49,378,49,0.01,588,0.005543274850723734,3.475958250410248,1.2229456113838182,2.4966674000006606,kriging_results\s378_tx49\map378_tx49_ratio0_0100.png
s378_tx49,378,49,0.02,1176,0.005087945121437399,3.3301405029541065,1.0272900489780523,4.010860799999136,kriging_results\s378_tx49\map378_tx49_ratio0_0200.png
s378_tx56,378,56,0.005,294,0.007227316059786016,3.8745259657752587,1.6473420556086185,1.670228999999381,kriging_results\s378_tx56\map378_tx56_ratio0_0050.png
s378_tx56,378,56,0.01,588,0.005727171802676008,3.44905530145162,1.361424548684552,2.4663962999984506,kriging_results\s378_tx56\map378_tx56_ratio0_0100.png
s378_tx56,378,56,0.02,1176,0.004927263225467651,3.199137620574028,1.0902563740285043,3.8751142999990407,kriging_results\s378_tx56\map378_tx56_ratio0_0200.png
s378_tx60,378,60,0.005,294,0.006461758237037498,3.377083764014836,1.4318455829703098,1.5659903999985545,kriging_results\s378_tx60\map378_tx60_ratio0_0050.png
s378_tx60,378,60,0.01,588,0.005668771852901173,3.1630857754876263,1.1211125613860942,2.3970116000000417,kriging_results\s378_tx60\map378_tx60_ratio0_0100.png
s378_tx60,378,60,0.02,1176,0.005478556235144773,3.10956436216639,0.977283408153703,3.8053441000010935,kriging_results\s378_tx60\map378_tx60_ratio0_0200.png
s378_tx69,378,69,0.005,294,0.012187885421197768,4.048818372449697,1.7766984052334431,1.6147433999994973,kriging_results\s378_tx69\map378_tx69_ratio0_0050.png
s378_tx69,378,69,0.01,588,0.010899196131561399,3.8287882800299182,1.3737868208843418,2.4926357999993343,kriging_results\s378_tx69\map378_tx69_ratio0_0100.png
s378_tx69,378,69,0.02,1176,0.01056807883726549,3.77018048106965,1.1582965997162344,3.969362399999227,kriging_results\s378_tx69\map378_tx69_ratio0_0200.png
s378_tx71,378,71,0.005,294,0.01341357603176015,4.1916180409572785,2.036763006977517,1.645495299999311,kriging_results\s378_tx71\map378_tx71_ratio0_0050.png
s378_tx71,378,71,0.01,588,0.01252410353739992,4.050258484478836,1.6121775439029509,2.5386834000000817,kriging_results\s378_tx71\map378_tx71_ratio0_0100.png
s378_tx71,378,71,0.02,1176,0.010693556185784681,3.742574859858558,1.3266142150562232,3.8988867000007303,kriging_results\s378_tx71\map378_tx71_ratio0_0200.png
s378_tx75,378,75,0.005,294,0.00683634346141256,3.7627507153680972,1.5525923766337093,1.7468712999998388,kriging_results\s378_tx75\map378_tx75_ratio0_0050.png
s378_tx75,378,75,0.01,588,0.00538402765995015,3.339236338374696,1.2488672872784896,2.534188900001027,kriging_results\s378_tx75\map378_tx75_ratio0_0100.png
s378_tx75,378,75,0.02,1176,0.004431132338741357,3.0293599346152704,0.9984507702276436,3.8796693999993295,kriging_results\s378_tx75\map378_tx75_ratio0_0200.png
s378_tx76,378,76,0.005,294,0.007504078088396414,3.239771937388942,1.3659092296961468,1.6566017999994074,kriging_results\s378_tx76\map378_tx76_ratio0_0050.png
s378_tx76,378,76,0.01,588,0.005043998565774708,2.656154050942879,0.9383817808516751,2.537435900001583,kriging_results\s378_tx76\map378_tx76_ratio0_0100.png
s378_tx76,378,76,0.02,1176,0.004553407617404434,2.523678546715017,0.7650696499023022,4.01915899999949,kriging_results\s378_tx76\map378_tx76_ratio0_0200.png
s378_tx77,378,77,0.005,294,0.0056995816999069505,3.545183273129696,1.39012713272109,1.6309037000009994,kriging_results\s378_tx77\map378_tx77_ratio0_0050.png
s378_tx77,378,77,0.01,588,0.0051875145304932,3.3821810864033686,1.1873673283527566,2.4118573000014294,kriging_results\s378_tx77\map378_tx77_ratio0_0100.png
s378_tx77,378,77,0.02,1176,0.004283861362978779,3.0735119200503096,0.9490214028650069,3.858948399998553,kriging_results\s378_tx77\map378_tx77_ratio0_0200.png
s378_tx79,378,79,0.005,294,0.012095756531126559,4.229807410766874,1.9787113008972048,1.6879219000002195,kriging_results\s378_tx79\map378_tx79_ratio0_0050.png
s378_tx79,378,79,0.01,588,0.009053238049210615,3.6593677088827947,1.4693381922498714,2.5229927000000316,kriging_results\s378_tx79\map378_tx79_ratio0_0100.png
s378_tx79,378,79,0.02,1176,0.00827687974561488,3.4989473544783616,1.1747944312628165,3.9186933999990288,kriging_results\s378_tx79\map378_tx79_ratio0_0200.png
s381_tx04,381,4,0.005,285,0.025012722035802255,6.163664981729971,3.1930685296650254,1.511327700000038,kriging_results\s381_tx04\map381_tx4_ratio0_0050.png
s381_tx04,381,4,0.01,570,0.02072735566785753,5.6108737589421205,2.4859304046537103,2.304366599999412,kriging_results\s381_tx04\map381_tx4_ratio0_0100.png
s381_tx04,381,4,0.02,1140,0.01863507549457954,5.320153083203476,2.0475585636669256,3.670083400000294,kriging_results\s381_tx04\map381_tx4_ratio0_0200.png
s381_tx07,381,7,0.005,285,0.026669234438806765,6.234781738959691,3.2701142372156395,1.507748600000923,kriging_results\s381_tx07\map381_tx7_ratio0_0050.png
s381_tx07,381,7,0.01,570,0.022658013491587938,5.746810743417407,2.6472612633024304,2.2559149999997317,kriging_results\s381_tx07\map381_tx7_ratio0_0100.png
s381_tx07,381,7,0.02,1140,0.019558748636260496,5.339326946347061,2.147842130505137,3.208981199999471,kriging_results\s381_tx07\map381_tx7_ratio0_0200.png
s381_tx11,381,11,0.005,285,0.023939394601401785,5.89770708703444,2.949049060430627,1.4233968000007735,kriging_results\s381_tx11\map381_tx11_ratio0_0050.png
s381_tx11,381,11,0.01,570,0.019095836253858554,5.26739584139702,2.2677094999029968,2.0857710000000225,kriging_results\s381_tx11\map381_tx11_ratio0_0100.png
s381_tx11,381,11,0.02,1140,0.017554365190511918,5.050323303037748,1.8816169142331725,3.1177987000010035,kriging_results\s381_tx11\map381_tx11_ratio0_0200.png
s381_tx12,381,12,0.005,285,0.02482358945476773,5.813388348991609,2.9494930298207307,1.4334194000002753,kriging_results\s381_tx12\map381_tx12_ratio0_0050.png
s381_tx12,381,12,0.01,570,0.020716022496517432,5.31068120414677,2.3119747725554545,2.045775799999319,kriging_results\s381_tx12\map381_tx12_ratio0_0100.png
s381_tx12,381,12,0.02,1140,0.01898305285944344,5.0837019082154455,1.9141415205755414,3.0951132999998663,kriging_results\s381_tx12\map381_tx12_ratio0_0200.png
s381_tx16,381,16,0.005,285,0.02463953684436136,6.065071761538611,3.0538434792941183,1.4199860999997327,kriging_results\s381_tx16\map381_tx16_ratio0_0050.png
s381_tx16,381,16,0.01,570,0.01881246095665525,5.299592519357579,2.2868301962992463,2.063361700000314,kriging_results\s381_tx16\map381_tx16_ratio0_0100.png
s381_tx16,381,16,0.02,1140,0.017638923870435558,5.131634458363603,1.9627283941847444,3.0147572999994736,kriging_results\s381_tx16\map381_tx16_ratio0_0200.png
s381_tx20,381,20,0.005,285,0.027217686378283097,6.126170163556791,3.191718826003294,1.3796555999997508,kriging_results\s381_tx20\map381_tx20_ratio0_0050.png
s381_tx20,381,20,0.01,570,0.022788110389951797,5.605542001230865,2.527168555201189,2.0652815000012197,kriging_results\s381_tx20\map381_tx20_ratio0_0100.png
s381_tx20,381,20,0.02,1140,0.0196735825969731,5.208410226912079,2.061062505327624,2.9820257000010315,kriging_results\s381_tx20\map381_tx20_ratio0_0200.png
s381_tx22,381,22,0.005,285,0.02791755709274094,5.992582407964376,3.0467910426392257,1.4819375999995827,kriging_results\s381_tx22\map381_tx22_ratio0_0050.png
s381_tx22,381,22,0.01,570,0.022043438904789027,5.324943323222171,2.4370368320899525,2.121361400000751,kriging_results\s381_tx22\map381_tx22_ratio0_0100.png
s381_tx22,381,22,0.02,1140,0.018938246303893937,4.93565948945867,1.95756095320599,3.1382647000009456,kriging_results\s381_tx22\map381_tx22_ratio0_0200.png
s381_tx23,381,23,0.005,285,0.02347629012271313,5.456201772556527,2.725666211090514,1.4508927000006224,kriging_results\s381_tx23\map381_tx23_ratio0_0050.png
s381_tx23,381,23,0.01,570,0.019638715608434425,4.99036406911569,2.1893032724457475,2.1584922000001825,kriging_results\s381_tx23\map381_tx23_ratio0_0100.png
s381_tx23,381,23,0.02,1140,0.017134180232479836,4.661303216688759,1.7390865974803313,3.437116099999912,kriging_results\s381_tx23\map381_tx23_ratio0_0200.png
s381_tx25,381,25,0.005,285,0.024286268362391433,6.160851879264168,3.2187809184625515,1.5459733000006963,kriging_results\s381_tx25\map381_tx25_ratio0_0050.png
s381_tx25,381,25,0.01,570,0.018100831086906435,5.318750682078344,2.3316563414911218,2.2422320999994554,kriging_results\s381_tx25\map381_tx25_ratio0_0100.png
s381_tx25,381,25,0.02,1140,0.017778595855783525,5.2711952177390105,2.0560283795164196,3.734089200001108,kriging_results\s381_tx25\map381_tx25_ratio0_0200.png
s381_tx26,381,26,0.005,285,0.02378963657325318,6.011392070115193,3.042546990517935,1.573818000000756,kriging_results\s381_tx26\map381_tx26_ratio0_0050.png
s381_tx26,381,26,0.01,570,0.019485074087575646,5.440416977293226,2.354009522918076,2.264639699998952,kriging_results\s381_tx26\map381_tx26_ratio0_0100.png
s381_tx26,381,26,0.02,1140,0.01825391853248427,5.2657375130558455,2.001206367321098,3.6473192000012205,kriging_results\s381_tx26\map381_tx26_ratio0_0200.png
s381_tx50,381,50,0.005,285,0.026664439784813546,5.988464681935801,3.0895165204855335,1.5630360999984987,kriging_results\s381_tx50\map381_tx50_ratio0_0050.png
s381_tx50,381,50,0.01,570,0.022792733797276185,5.536655061522993,2.407180874265774,2.469767499998852,kriging_results\s381_tx50\map381_tx50_ratio0_0100.png
s381_tx50,381,50,0.02,1140,0.019713248665360388,5.149064832613255,1.9582698612605247,3.61843239999871,kriging_results\s381_tx50\map381_tx50_ratio0_0200.png
s381_tx52,381,52,0.005,285,0.02683705666630009,5.839387874960193,2.975090476762181,1.5896305999995093,kriging_results\s381_tx52\map381_tx52_ratio0_0050.png
s381_tx52,381,52,0.01,570,0.021922850382305195,5.2777448879016715,2.3097803559824563,2.336744300000646,kriging_results\s381_tx52\map381_tx52_ratio0_0100.png
s381_tx52,381,52,0.02,1140,0.020093062068519543,5.052693351804159,1.917242791432054,3.6193368999993254,kriging_results\s381_tx52\map381_tx52_ratio0_0200.png
s381_tx55,381,55,0.005,285,0.02296443020164653,5.697447985211823,2.895286270210983,1.5341542999995,kriging_results\s381_tx55\map381_tx55_ratio0_0050.png
s381_tx55,381,55,0.01,570,0.019023783963969233,5.185623552749943,2.266794199722624,2.282730899998569,kriging_results\s381_tx55\map381_tx55_ratio0_0100.png
s381_tx55,381,55,0.02,1140,0.0172006507345824,4.930886121995302,1.8141728624513407,3.1761714999993274,kriging_results\s381_tx55\map381_tx55_ratio0_0200.png
s381_tx58,381,58,0.005,285,0.029227309137909812,5.302957001989482,2.6489600100562227,1.3821545000009792,kriging_results\s381_tx58\map381_tx58_ratio0_0050.png
s381_tx58,381,58,0.01,570,0.023768408366241212,4.782156050666848,2.0968555075338604,2.418244999998933,kriging_results\s381_tx58\map381_tx58_ratio0_0100.png
s381_tx58,381,58,0.02,1140,0.021003238143993262,4.4953842575530585,1.7216532765428318,3.616458099999363,kriging_results\s381_tx58\map381_tx58_ratio0_0200.png
s381_tx60,381,60,0.005,285,0.036909311208426845,5.769327391413931,2.997672473188678,1.520567999999912,kriging_results\s381_tx60\map381_tx60_ratio0_0050.png
s381_tx60,381,60,0.01,570,0.026834189156263608,4.919278874146019,2.233055489779971,2.3181372999988525,kriging_results\s381_tx60\map381_tx60_ratio0_0100.png
s381_tx60,381,60,0.02,1140,0.022603766864979162,4.514894550803242,1.7837774654077752,3.6907609999998385,kriging_results\s381_tx60\map381_tx60_ratio0_0200.png
s381_tx66,381,66,0.005,285,0.024882959494216164,5.979412538058036,3.1330710782238116,1.5919518999999127,kriging_results\s381_tx66\map381_tx66_ratio0_0050.png
s381_tx66,381,66,0.01,570,0.018257968464517826,5.121931013468503,2.2887549490488404,2.322354700001597,kriging_results\s381_tx66\map381_tx66_ratio0_0100.png
s381_tx66,381,66,0.02,1140,0.018360428129589823,5.1362824833678555,2.0363191755397967,3.5919747999996616,kriging_results\s381_tx66\map381_tx66_ratio0_0200.png
s381_tx67,381,67,0.005,285,0.02656590937811195,6.236880056201274,3.2430721860310245,1.673490799999854,kriging_results\s381_tx67\map381_tx67_ratio0_0050.png
s381_tx67,381,67,0.01,570,0.02080281928384909,5.5190730913797115,2.5360744000360187,2.3600279000002047,kriging_results\s381_tx67\map381_tx67_ratio0_0100.png
s381_tx67,381,67,0.02,1140,0.01847835018341889,5.20159630718921,2.0595613242773667,3.735638399999516,kriging_results\s381_tx67\map381_tx67_ratio0_0200.png
s381_tx69,381,69,0.005,285,0.023299524931643105,6.247335622189062,3.198542451408982,1.6102720999988378,kriging_results\s381_tx69\map381_tx69_ratio0_0050.png
s381_tx69,381,69,0.01,570,0.01852149189307429,5.570052444759618,2.542429627014536,2.452809399999751,kriging_results\s381_tx69\map381_tx69_ratio0_0100.png
s381_tx69,381,69,0.02,1140,0.017551621145071163,5.422254773814723,2.1559049859772474,3.627013299999817,kriging_results\s381_tx69\map381_tx69_ratio0_0200.png
s381_tx70,381,70,0.005,285,0.025863331421345802,6.152879502729726,3.2865508654418907,1.5435741999990569,kriging_results\s381_tx70\map381_tx70_ratio0_0050.png
s381_tx70,381,70,0.01,570,0.01907431525505351,5.283973773712727,2.401529685259012,2.3165781000006973,kriging_results\s381_tx70\map381_tx70_ratio0_0100.png
s381_tx70,381,70,0.02,1140,0.01846585021952262,5.199012083075406,2.114570490164263,3.7317233000012493,kriging_results\s381_tx70\map381_tx70_ratio0_0200.png
s381_tx75,381,75,0.005,285,0.024892159194401575,6.083748921345796,3.0947492860705097,1.5612020999997185,kriging_results\s381_tx75\map381_tx75_ratio0_0050.png
s381_tx75,381,75,0.01,570,0.01947600906564368,5.381334433146838,2.3735840064216345,2.3682263999999122,kriging_results\s381_tx75\map381_tx75_ratio0_0100.png
s381_tx75,381,75,0.02,1140,0.01826647254356795,5.211555205485837,2.017433109713062,3.724539499999082,kriging_results\s381_tx75\map381_tx75_ratio0_0200.png
s384_tx00,384,0,0.005,285,0.012666541690884636,5.149055002415885,2.415864609231913,1.5519672999998875,kriging_results\s384_tx00\map384_tx0_ratio0_0050.png
s384_tx00,384,0,0.01,569,0.009246256466745135,4.39927864836907,1.735008823290298,2.3904547999991337,kriging_results\s384_tx00\map384_tx0_ratio0_0100.png
s384_tx00,384,0,0.02,1138,0.007896108012472336,4.065416483884085,1.341991448701654,3.6102639000000636,kriging_results\s384_tx00\map384_tx0_ratio0_0200.png
s384_tx03,384,3,0.005,285,0.01454482274796631,5.190492473581824,2.5539749831383487,1.5620495999992272,kriging_results\s384_tx03\map384_tx3_ratio0_0050.png
s384_tx03,384,3,0.01,569,0.011246165161704328,4.564115056445574,1.943517176430927,2.426348800001506,kriging_results\s384_tx03\map384_tx3_ratio0_0100.png
s384_tx03,384,3,0.02,1138,0.009272239106088313,4.14425686962051,1.5089991952792647,3.7157069999993837,kriging_results\s384_tx03\map384_tx3_ratio0_0200.png
s384_tx13,384,13,0.005,285,0.015145876044113103,5.405243699495371,2.6865952119618384,1.5936967000016011,kriging_results\s384_tx13\map384_tx13_ratio0_0050.png
s384_tx13,384,13,0.01,569,0.010879275287101958,4.581081926887792,1.9714079039662555,2.34076129999994,kriging_results\s384_tx13\map384_tx13_ratio0_0100.png
s384_tx13,384,13,0.02,1138,0.008799815059445375,4.120072401107609,1.4399906044849946,3.6381934999990335,kriging_results\s384_tx13\map384_tx13_ratio0_0200.png
s384_tx16,384,16,0.005,285,0.01275314838324462,5.225088197647222,2.416796981435459,1.5626867999999376,kriging_results\s384_tx16\map384_tx16_ratio0_0050.png
s384_tx16,384,16,0.01,569,0.008958724849324844,4.379333518820269,1.7458857543792956,2.3212844999998197,kriging_results\s384_tx16\map384_tx16_ratio0_0100.png
s384_tx16,384,16,0.02,1138,0.007237150023727156,3.936123434154838,1.2929444539875135,3.657880800001294,kriging_results\s384_tx16\map384_tx16_ratio0_0200.png
s384_tx17,384,17,0.005,285,0.011992685394281933,5.056329004345465,2.111866278960702,1.6193233999983931,kriging_results\s384_tx17\map384_tx17_ratio0_0050.png
s384_tx17,384,17,0.01,569,0.00846011024887815,4.246832385701072,1.5412450732131324,2.346903600000587,kriging_results\s384_tx17\map384_tx17_ratio0_0100.png
s384_tx17,384,17,0.02,1138,0.007179900090123407,3.912337448383978,1.1951454526591903,3.787654100000509,kriging_results\s384_tx17\map384_tx17_ratio0_0200.png
s384_tx23,384,23,0.005,285,0.011818443615213866,5.020655011661962,2.1663884377255744,1.5928321999999753,kriging_results\s384_tx23\map384_tx23_ratio0_0050.png
s384_tx23,384,23,0.01,569,0.008496918298719281,4.257071617604601,1.5764384054288505,2.3797255999998015,kriging_results\s384_tx23\map384_tx23_ratio0_0100.png
s384_tx23,384,23,0.02,1138,0.0073174420100054136,3.9505710353914836,1.247341149165879,3.6757263999988936,kriging_results\s384_tx23\map384_tx23_ratio0_0200.png
s384_tx25,384,25,0.005,285,0.01152913947851839,4.892050214870722,2.0610658524723173,1.5984864000001835,kriging_results\s384_tx25\map384_tx25_ratio0_0050.png
s384_tx25,384,25,0.01,569,0.008295009796265348,4.1495491286874,1.4804324680619807,2.3023224999997183,kriging_results\s384_tx25\map384_tx25_ratio0_0100.png
s384_tx25,384,25,0.02,1138,0.007391824850374955,3.917132802663055,1.1665205037975657,3.6366723000010097,kriging_results\s384_tx25\map384_tx25_ratio0_0200.png
s384_tx31,384,31,0.005,285,0.012446832941576285,4.994709332486687,2.1778896345064718,1.554938500001299,kriging_results\s384_tx31\map384_tx31_ratio0_0050.png
s384_tx31,384,31,0.01,569,0.008403203362956246,4.103960981516425,1.5346613083526823,2.3964230000001407,kriging_results\s384_tx31\map384_tx31_ratio0_0100.png
s384_tx31,384,31,0.02,1138,0.007306650593387664,3.826836997407881,1.179104780348629,3.5487694000003103,kriging_results\s384_tx31\map384_tx31_ratio0_0200.png
s384_tx40,384,40,0.005,285,0.012424776842410147,5.123050392276586,2.3751806146429715,1.6025123999988864,kriging_results\s384_tx40\map384_tx40_ratio0_0050.png
s384_tx40,384,40,0.01,569,0.008926177742125872,4.3422727386111495,1.708509695520298,2.264041399999769,kriging_results\s384_tx40\map384_tx40_ratio0_0100.png
s384_tx40,384,40,0.02,1138,0.007713852068048273,4.036639711964119,1.3275105917926948,3.6143566999999166,kriging_results\s384_tx40\map384_tx40_ratio0_0200.png
s384_tx41,384,41,0.005,285,0.01465658741085035,5.094694718229605,2.3780892392953055,1.5474769000011293,kriging_results\s384_tx41\map384_tx41_ratio0_0050.png
s384_tx41,384,41,0.01,569,0.010299099635066188,4.27072260052312,1.686960838818665,2.404577100000097,kriging_results\s384_tx41\map384_tx41_ratio0_0100.png
s384_tx41,384,41,0.02,1138,0.009146312531148955,4.024618807213959,1.374161240437847,3.6579156999996485,kriging_results\s384_tx41\map384_tx41_ratio0_0200.png
s384_tx43,384,43,0.005,285,0.012673118361293865,5.2053341951887155,2.3988140036326078,1.5569864999997662,kriging_results\s384_tx43\map384_tx43_ratio0_0050.png
s384_tx43,384,43,0.01,569,0.008887886480078109,4.35919325563728,1.7336982099650233,2.289343299999018,kriging_results\s384_tx43\map384_tx43_ratio0_0100.png
s384_tx43,384,43,0.02,1138,0.0071802325534615725,3.918105529725556,1.278278605786992,3.654839200000424,kriging_results\s384_tx43\map384_tx43_ratio0_0200.png
s384_tx45,384,45,0.005,285,0.013675941037157037,4.3688887686713995,1.98014090035454,1.5651593999991746,kriging_results\s384_tx45\map384_tx45_ratio0_0050.png
s384_tx45,384,45,0.01,569,0.010689663702941258,3.8625525424334777,1.4050508481777322,2.2604707999998936,kriging_results\s384_tx45\map384_tx45_ratio0_0100.png
s384_tx45,384,45,0.02,1138,0.008663070938643736,3.477189036856676,1.0896465340541794,3.6858348000005208,kriging_results\s384_tx45\map384_tx45_ratio0_0200.png
s384_tx50,384,50,0.005,285,0.013812583243793782,5.36512389182314,2.591894848195912,1.576915600000575,kriging_results\s384_tx50\map384_tx50_ratio0_0050.png
s384_tx50,384,50,0.01,569,0.008817779911229697,4.286688500669779,1.710584377700156,2.4554005000009056,kriging_results\s384_tx50\map384_tx50_ratio0_0100.png
s384_tx50,384,50,0.02,1138,0.007337152417435621,3.910263927527651,1.3422398838954808,3.6461875999993936,kriging_results\s384_tx50\map384_tx50_ratio0_0200.png
s384_tx52,384,52,0.005,285,0.013203991161801034,5.248586671377069,2.49722230464175,1.5475686999998288,kriging_results\s384_tx52\map384_tx52_ratio0_0050.png
s384_tx52,384,52,0.01,569,0.009196826666978063,4.380349493935091,1.8074212712845596,2.2905741999984457,kriging_results\s384_tx52\map384_tx52_ratio0_0100.png
s384_tx52,384,52,0.02,1138,0.00757687733653597,3.975894852712704,1.3911881412135538,3.642901499999425,kriging_results\s384_tx52\map384_tx52_ratio0_0200.png
s384_tx54,384,54,0.005,285,0.011988390027009141,4.801138622149119,2.021785034650707,1.5829539000005752,kriging_results\s384_tx54\map384_tx54_ratio0_0050.png
s384_tx54,384,54,0.01,569,0.008325888328335238,4.001097201000656,1.3842679690875463,2.3933748999988893,kriging_results\s384_tx54\map384_tx54_ratio0_0100.png
s384_tx54,384,54,0.02,1138,0.007503721190998277,3.798412742618832,1.1173688402173556,3.6684581999998045,kriging_results\s384_tx54\map384_tx54_ratio0_0200.png
s384_tx59,384,59,0.005,285,0.011458855590513272,4.859723461128399,2.030847546420838,1.6355855000001611,kriging_results\s384_tx59\map384_tx59_ratio0_0050.png
s384_tx59,384,59,0.01,569,0.008580974616887718,4.205418702821224,1.5260253637747243,2.458470800000214,kriging_results\s384_tx59\map384_tx59_ratio0_0100.png
s384_tx59,384,59,0.02,1138,0.007691673238219752,3.9815424456785515,1.1964249840409042,3.7118623000005755,kriging_results\s384_tx59\map384_tx59_ratio0_0200.png
s384_tx65,384,65,0.005,285,0.012571038857197077,5.041852991906893,2.1894190099945727,1.6712058000011893,kriging_results\s384_tx65\map384_tx65_ratio0_0050.png
s384_tx65,384,65,0.01,569,0.008394514402354501,4.120048995867018,1.5254372222989445,2.5254998999989766,kriging_results\s384_tx65\map384_tx65_ratio0_0100.png
s384_tx65,384,65,0.02,1138,0.007295295940053486,3.8408385467343815,1.2063444899560463,3.5498275000009016,kriging_results\s384_tx65\map384_tx65_ratio0_0200.png
s384_tx66,384,66,0.005,285,0.012932119085316239,5.186076192568027,2.2954542261091535,1.5517093000016757,kriging_results\s384_tx66\map384_tx66_ratio0_0050.png
s384_tx66,384,66,0.01,569,0.008467624549378426,4.196476978640872,1.5924657749164894,2.3305357999997796,kriging_results\s384_tx66\map384_tx66_ratio0_0100.png
s384_tx66,384,66,0.02,1138,0.007354978565549341,3.91106247955309,1.23425531710887,3.6975103999993735,kriging_results\s384_tx66\map384_tx66_ratio0_0200.png
s384_tx68,384,68,0.005,285,0.013446508469409993,4.4023191890245235,1.9696284893867282,1.6035948999997345,kriging_results\s384_tx68\map384_tx68_ratio0_0050.png
s384_tx68,384,68,0.01,569,0.010519618456559042,3.8938279772905244,1.4177029657995919,2.371145900000556,kriging_results\s384_tx68\map384_tx68_ratio0_0100.png
s384_tx68,384,68,0.02,1138,0.008697599843918331,3.5405967788553334,1.1183058217629407,3.5148561999994854,kriging_results\s384_tx68\map384_tx68_ratio0_0200.png
s384_tx69,384,69,0.005,285,0.01343943082539345,4.587022843478692,2.0965885096233707,1.514481700000033,kriging_results\s384_tx69\map384_tx69_ratio0_0050.png
s384_tx69,384,69,0.01,569,0.010195286053932376,3.99521512377173,1.50182555064921,2.252904799999669,kriging_results\s384_tx69\map384_tx69_ratio0_0100.png
s384_tx69,384,69,0.02,1138,0.008442361789929246,3.6355694013618134,1.1596502419350934,3.5495725000000675,kriging_results\s384_tx69\map384_tx69_ratio0_0200.png
s414_tx01,414,1,0.005,281,0.01774603472103255,5.164528635558659,2.4308270839391013,1.4858500000009371,kriging_results\s414_tx01\map414_tx1_ratio0_0050.png
s414_tx01,414,1,0.01,561,0.014549797527884878,4.676366034487178,1.9135237637121754,2.213852599999882,kriging_results\s414_tx01\map414_tx1_ratio0_0100.png
s414_tx01,414,1,0.02,1122,0.015048183300789206,4.755783338982078,1.626434068415623,3.4643515999996453,kriging_results\s414_tx01\map414_tx1_ratio0_0200.png
s414_tx02,414,2,0.005,281,0.01881382513308138,4.763362369343248,2.2723195183211424,1.4891360000001441,kriging_results\s414_tx02\map414_tx2_ratio0_0050.png
s414_tx02,414,2,0.01,561,0.016005650155603866,4.393511185722899,1.798823395159167,2.197382700000162,kriging_results\s414_tx02\map414_tx2_ratio0_0100.png
s414_tx02,414,2,0.02,1122,0.013369190079487194,4.0153888829600435,1.3726184583880223,3.437378399999943,kriging_results\s414_tx02\map414_tx2_ratio0_0200.png
s414_tx04,414,4,0.005,281,0.017696491434034484,5.13670585733042,2.4728306619791107,1.4782635999999911,kriging_results\s414_tx04\map414_tx4_ratio0_0050.png
s414_tx04,414,4,0.01,561,0.01474876271932875,4.6894174943367775,1.9572758619079464,2.1502686999992875,kriging_results\s414_tx04\map414_tx4_ratio0_0100.png
s414_tx04,414,4,0.02,1122,0.012947922952201133,4.393808920341571,1.5138171809362793,3.455677399999331,kriging_results\s414_tx04\map414_tx4_ratio0_0200.png
s414_tx06,414,6,0.005,281,0.01495564889773858,4.742582804978215,2.3178183036637217,1.4952992999988055,kriging_results\s414_tx06\map414_tx6_ratio0_0050.png
s414_tx06,414,6,0.01,561,0.013018238233553374,4.424746601624747,1.783656224835151,2.241719899999225,kriging_results\s414_tx06\map414_tx6_ratio0_0100.png
s414_tx06,414,6,0.02,1122,0.01352366509253089,4.5098230465349385,1.5771555741092154,3.4648342999989836,kriging_results\s414_tx06\map414_tx6_ratio0_0200.png
s414_tx09,414,9,0.005,281,0.02135053668501042,5.38374626075588,2.646701206935294,1.440778300000602,kriging_results\s414_tx09\map414_tx9_ratio0_0050.png
s414_tx09,414,9,0.01,561,0.015798230296438395,4.631102631413187,2.0827049290346467,2.2112875999991957,kriging_results\s414_tx09\map414_tx9_ratio0_0100.png
s414_tx09,414,9,0.02,1122,0.015056615656869951,4.521097509186389,1.6619046386919076,3.5498927000007825,kriging_results\s414_tx09\map414_tx9_ratio0_0200.png
s414_tx10,414,10,0.005,281,0.015668725343828935,4.5499635270437935,2.1640826248569325,1.514436100000239,kriging_results\s414_tx10\map414_tx10_ratio0_0050.png
s414_tx10,414,10,0.01,561,0.013189590980260301,4.174522011736608,1.6491554005627747,2.2014270999989094,kriging_results\s414_tx10\map414_tx10_ratio0_0100.png
s414_tx10,414,10,0.02,1122,0.012391095889750845,4.046186973371919,1.3895052257312,3.358412199999293,kriging_results\s414_tx10\map414_tx10_ratio0_0200.png
s414_tx11,414,11,0.005,281,0.017857872955821585,5.261674324517605,2.660231307422976,1.463936800000738,kriging_results\s414_tx11\map414_tx11_ratio0_0050.png
s414_tx11,414,11,0.01,561,0.014711180742256172,4.775654149635615,2.0526041046636316,1.9824595999998564,kriging_results\s414_tx11\map414_tx11_ratio0_0100.png
s414_tx11,414,11,0.02,1122,0.01451079098244247,4.743016657151537,1.7807429309866132,3.3422523999997793,kriging_results\s414_tx11\map414_tx11_ratio0_0200.png
s414_tx20,414,20,0.005,281,0.021292737632124522,5.185678293016977,2.4667061875318606,1.5334325000003446,kriging_results\s414_tx20\map414_tx20_ratio0_0050.png
s414_tx20,414,20,0.01,561,0.015447673442718874,4.416938647213619,1.8283369711749708,2.179681300000084,kriging_results\s414_tx20\map414_tx20_ratio0_0100.png
s414_tx20,414,20,0.02,1122,0.013900972478941837,4.189984470108191,1.4380616431158781,3.5151053000008687,kriging_results\s414_tx20\map414_tx20_ratio0_0200.png
s414_tx23,414,23,0.005,281,0.018159218147931307,5.425272478434638,2.7370374816370853,1.4860918000013044,kriging_results\s414_tx23\map414_tx23_ratio0_0050.png
s414_tx23,414,23,0.01,561,0.015276684028772088,4.97608202575269,2.0099443227551865,2.1688779999985854,kriging_results\s414_tx23\map414_tx23_ratio0_0100.png
s414_tx23,414,23,0.02,1122,0.014163653967244371,4.79138021796278,1.685644617558878,3.524801800000205,kriging_results\s414_tx23\map414_tx23_ratio0_0200.png
s414_tx25,414,25,0.005,281,0.01678651731996685,5.038934565836038,2.4444730084370376,1.4728044999992562,kriging_results\s414_tx25\map414_tx25_ratio0_0050.png
s414_tx25,414,25,0.01,561,0.015342765025313088,4.8173726149743,1.9626094217750025,2.200500099999772,kriging_results\s414_tx25\map414_tx25_ratio0_0100.png
s414_tx25,414,25,0.02,1122,0.013784405778517224,4.56617389563361,1.5871972378188979,3.482268699999622,kriging_results\s414_tx25\map414_tx25_ratio0_0200.png
s414_tx30,414,30,0.005,281,0.017696142862865416,5.043409207257567,2.338103424968833,1.481877500000337,kriging_results\s414_tx30\map414_tx30_ratio0_0050.png
s414_tx30,414,30,0.01,561,0.014456197356093983,4.558394709338785,1.9176994495613333,2.1936861999984103,kriging_results\s414_tx30\map414_tx30_ratio0_0100.png
s414_tx30,414,30,0.02,1122,0.014030864539291494,4.490835116337449,1.5075337507669433,3.450309100000595,kriging_results\s414_tx30\map414_tx30_ratio0_0200.png
s414_tx31,414,31,0.005,281,0.018040257012979448,5.1812112711609135,2.5335646829880516,1.509378700000525,kriging_results\s414_tx31\map414_tx31_ratio0_0050.png
s414_tx31,414,31,0.01,561,0.015610802187287864,4.819728197375274,1.8761361745887188,2.2703160000000935,kriging_results\s414_tx31\map414_tx31_ratio0_0100.png
s414_tx31,414,31,0.02,1122,0.013985038601564078,4.561858147187842,1.5989375112824837,3.4532251000000542,kriging_results\s414_tx31\map414_tx31_ratio0_0200.png
s414_tx32,414,32,0.005,281,0.018580012865868488,5.200423913653003,2.5484539211690516,1.4876664000003075,kriging_results\s414_tx32\map414_tx32_ratio0_0050.png
s414_tx32,414,32,0.01,561,0.01568712167148416,4.77845358459831,2.059568397156024,2.2352980000014213,kriging_results\s414_tx32\map414_tx32_ratio0_0100.png
s414_tx32,414,32,0.02,1122,0.014818807343823591,4.6443224855590115,1.6143569929958148,3.3882060999985697,kriging_results\s414_tx32\map414_tx32_ratio0_0200.png
s414_tx33,414,33,0.005,281,0.01610264409263774,5.037692961103881,2.312038458987824,1.4433546000000206,kriging_results\s414_tx33\map414_tx33_ratio0_0050.png
s414_tx33,414,33,0.01,561,0.014650759225241101,4.805218757045187,1.912908001309748,2.2763833000008162,kriging_results\s414_tx33\map414_tx33_ratio0_0100.png
s414_tx33,414,33,0.02,1122,0.012601108518708657,4.456433940515338,1.5082694811489348,3.5372341999991477,kriging_results\s414_tx33\map414_tx33_ratio0_0200.png
s414_tx39,414,39,0.005,281,0.018818762838983247,5.261469815954652,2.520506932808124,1.4788126999992528,kriging_results\s414_tx39\map414_tx39_ratio0_0050.png
s414_tx39,414,39,0.01,561,0.014616079216251195,4.636892125330821,1.946009101377068,2.323082400000203,kriging_results\s414_tx39\map414_tx39_ratio0_0100.png
s414_tx39,414,39,0.02,1122,0.01418630468737462,4.5682113564243965,1.571982000308798,3.520006699998703,kriging_results\s414_tx39\map414_tx39_ratio0_0200.png
s414_tx47,414,47,0.005,281,0.018773758114690457,5.276383478468468,2.472274131527897,1.511720200000127,kriging_results\s414_tx47\map414_tx47_ratio0_0050.png
s414_tx47,414,47,0.01,561,0.014919816893003993,4.703731142664395,1.9733207095535008,2.186463099998946,kriging_results\s414_tx47\map414_tx47_ratio0_0100.png
s414_tx47,414,47,0.02,1122,0.014587134106921189,4.650993570222688,1.602528615206338,3.5533818999992945,kriging_results\s414_tx47\map414_tx47_ratio0_0200.png
s414_tx52,414,52,0.005,281,0.01795700377110597,5.07196030397852,2.5412581289952816,1.4716071999991982,kriging_results\s414_tx52\map414_tx52_ratio0_0050.png
s414_tx52,414,52,0.01,561,0.014140488255842992,4.500814467297774,1.8902394029072231,2.1585347000000183,kriging_results\s414_tx52\map414_tx52_ratio0_0100.png
s414_tx52,414,52,0.02,1122,0.015401266061158221,4.697179090766997,1.6349462838257205,3.4241313000002265,kriging_results\s414_tx52\map414_tx52_ratio0_0200.png
s414_tx53,414,53,0.005,281,0.0168878575469413,5.056863059397148,2.3586572386582634,1.5149930999996286,kriging_results\s414_tx53\map414_tx53_ratio0_0050.png
s414_tx53,414,53,0.01,561,0.014470301546437837,4.680935973822105,1.929147458463911,2.1751165999994555,kriging_results\s414_tx53\map414_tx53_ratio0_0100.png
s414_tx53,414,53,0.02,1122,0.014355427009398456,4.662318864769257,1.5704378302350237,3.4738349999988714,kriging_results\s414_tx53\map414_tx53_ratio0_0200.png
s414_tx57,414,57,0.005,281,0.018973666166939247,5.4108826101745775,2.531501386787427,1.505694899999071,kriging_results\s414_tx57\map414_tx57_ratio0_0050.png
s414_tx57,414,57,0.01,561,0.015283464987159594,4.856276384498848,2.031099603309699,2.214978500000143,kriging_results\s414_tx57\map414_tx57_ratio0_0100.png
s414_tx57,414,57,0.02,1122,0.013803668222585318,4.615191660339775,1.6144448609317323,3.512497899999289,kriging_results\s414_tx57\map414_tx57_ratio0_0200.png
s414_tx76,414,76,0.005,281,0.015730371068124433,5.061562359889124,2.3540669884862617,1.4230827999999747,kriging_results\s414_tx76\map414_tx76_ratio0_0050.png
s414_tx76,414,76,0.01,561,0.01325691184958479,4.646610794597213,1.858822593376636,2.26179140000022,kriging_results\s414_tx76\map414_tx76_ratio0_0100.png
s414_tx76,414,76,0.02,1122,0.01197684509807392,4.416582290281728,1.4993431114580145,3.65623880000021,kriging_results\s414_tx76\map414_tx76_ratio0_0200.png
s420_tx03,420,3,0.005,288,0.012270902894596706,4.539492317126607,2.0009985014371043,1.5898902000008093,kriging_results\s420_tx03\map420_tx3_ratio0_0050.png
s420_tx03,420,3,0.01,576,0.009752104304992222,4.046860132225418,1.5051112892975682,2.5390429999988555,kriging_results\s420_tx03\map420_tx3_ratio0_0100.png
s420_tx03,420,3,0.02,1151,0.007199915649551594,3.477224545984001,1.053843289392436,3.7502531000009185,kriging_results\s420_tx03\map420_tx3_ratio0_0200.png
s420_tx04,420,4,0.005,288,0.01048425970549817,3.4607333514185434,1.6390183522240362,1.7160668999986228,kriging_results\s420_tx04\map420_tx4_ratio0_0050.png
s420_tx04,420,4,0.01,576,0.008191945065156437,3.059093605416197,1.214027082797563,2.4720221999996284,kriging_results\s420_tx04\map420_tx4_ratio0_0100.png
s420_tx04,420,4,0.02,1151,0.006794505183144159,2.7859811626948208,0.8672340272735649,3.821851799999422,kriging_results\s420_tx04\map420_tx4_ratio0_0200.png
s420_tx13,420,13,0.005,288,0.011591464031635804,4.708256711294973,2.2191455107471376,1.6523729000000458,kriging_results\s420_tx13\map420_tx13_ratio0_0050.png
s420_tx13,420,13,0.01,576,0.008759609700443595,4.09292103894669,1.6354563252695817,2.374577799999315,kriging_results\s420_tx13\map420_tx13_ratio0_0100.png
s420_tx13,420,13,0.02,1151,0.00683870575090732,3.6164124451467825,1.2144903173398065,3.7696591000003536,kriging_results\s420_tx13\map420_tx13_ratio0_0200.png
s420_tx16,420,16,0.005,288,0.011117860328069764,4.446207424582204,2.128810397729604,1.6152720999998564,kriging_results\s420_tx16\map420_tx16_ratio0_0050.png
s420_tx16,420,16,0.01,576,0.008935131868916682,3.9859293663241413,1.5419270455757441,2.4634424000014405,kriging_results\s420_tx16\map420_tx16_ratio0_0100.png
s420_tx16,420,16,0.02,1151,0.00606052597020005,3.282723229941432,1.079782080160698,3.81935920000069,kriging_results\s420_tx16\map420_tx16_ratio0_0200.png
s420_tx20,420,20,0.005,288,0.01270402721402127,4.769684507437229,2.13998177532179,1.6377508000005037,kriging_results\s420_tx20\map420_tx20_ratio0_0050.png
s420_tx20,420,20,0.01,576,0.010083645832460854,4.249401274485552,1.6479738545819524,2.521241499998723,kriging_results\s420_tx20\map420_tx20_ratio0_0100.png
s420_tx20,420,20,0.02,1151,0.007143234968251984,3.5765673899818173,1.103999828271161,3.7962422000000515,kriging_results\s420_tx20\map420_tx20_ratio0_0200.png
s420_tx31,420,31,0.005,288,0.016244262578751535,5.105470933407829,2.3867771743635644,1.645921699999235,kriging_results\s420_tx31\map420_tx31_ratio0_0050.png
s420_tx31,420,31,0.01,576,0.011053760111730702,4.211539010256356,1.6432857008953972,2.4017809000015404,kriging_results\s420_tx31\map420_tx31_ratio0_0100.png
s420_tx31,420,31,0.02,1151,0.008607171655971175,3.716345122455925,1.1936919166752933,3.802394300000742,kriging_results\s420_tx31\map420_tx31_ratio0_0200.png
s420_tx34,420,34,0.005,288,0.016525315235526934,4.916257251986786,2.1857653466997684,1.6037347000001319,kriging_results\s420_tx34\map420_tx34_ratio0_0050.png
s420_tx34,420,34,0.01,576,0.010040319421491327,3.832070413064002,1.5244449349676232,2.470949799999289,kriging_results\s420_tx34\map420_tx34_ratio0_0100.png
s420_tx34,420,34,0.02,1151,0.00840710271975366,3.506573055570215,1.129408867724374,3.7943677000002936,kriging_results\s420_tx34\map420_tx34_ratio0_0200.png
s420_tx35,420,35,0.005,288,0.01113620777554614,4.6294972608670255,1.9853103991656127,1.576809999998659,kriging_results\s420_tx35\map420_tx35_ratio0_0050.png
s420_tx35,420,35,0.01,576,0.0088553535101402,4.1282703180013085,1.546618614957634,2.431134000000384,kriging_results\s420_tx35\map420_tx35_ratio0_0100.png
s420_tx35,420,35,0.02,1151,0.006877574731606596,3.6381686907021464,1.1359755011429231,3.7580293999999412,kriging_results\s420_tx35\map420_tx35_ratio0_0200.png
s420_tx48,420,48,0.005,288,0.010462916035708389,4.187178164985927,1.9368426988785994,1.6181164999998146,kriging_results\s420_tx48\map420_tx48_ratio0_0050.png
s420_tx48,420,48,0.01,576,0.00887181346835576,3.8556826197919816,1.5201409850497904,2.4171260000002803,kriging_results\s420_tx48\map420_tx48_ratio0_0100.png
s420_tx48,420,48,0.02,1151,0.005835275023418452,3.1269844780074436,1.048792009321963,3.7203176000002713,kriging_results\s420_tx48\map420_tx48_ratio0_0200.png
s420_tx52,420,52,0.005,288,0.01064664425104955,4.061371073309477,1.8473453431845288,1.5838657999993302,kriging_results\s420_tx52\map420_tx52_ratio0_0050.png
s420_tx52,420,52,0.01,576,0.0087937187151179,3.691072484308138,1.5011629816416456,2.5102301000006264,kriging_results\s420_tx52\map420_tx52_ratio0_0100.png
s420_tx52,420,52,0.02,1151,0.006358211101050828,3.138584112872433,1.0221611901350478,3.794197200000781,kriging_results\s420_tx52\map420_tx52_ratio0_0200.png
s420_tx54,420,54,0.005,288,0.014473121042281809,4.654543518812935,2.1150145931941404,1.6030706999990798,kriging_results\s420_tx54\map420_tx54_ratio0_0050.png
s420_tx54,420,54,0.01,576,0.01071179520101054,4.004304762842793,1.5503122042914765,2.4903736999985995,kriging_results\s420_tx54\map420_tx54_ratio0_0100.png
s420_tx54,420,54,0.02,1151,0.007658096859301287,3.385761927608761,1.0727956638087095,3.7364651999996568,kriging_results\s420_tx54\map420_tx54_ratio0_0200.png
s420_tx55,420,55,0.005,288,0.011350271392834937,4.599368790437875,2.0643059176321743,1.6311275999996724,kriging_results\s420_tx55\map420_tx55_ratio0_0050.png
s420_tx55,420,55,0.01,576,0.008880522302786478,4.068313036443483,1.561185396828516,2.4942049000001134,kriging_results\s420_tx55\map420_tx55_ratio0_0100.png
s420_tx55,420,55,0.02,1151,0.006570272470759671,3.4993452679738826,1.1264636387177338,3.7709687999995367,kriging_results\s420_tx55\map420_tx55_ratio0_0200.png
s420_tx56,420,56,0.005,288,0.010557085978673955,4.550860568458343,2.0433103911746953,1.6566863000007288,kriging_results\s420_tx56\map420_tx56_ratio0_0050.png
s420_tx56,420,56,0.01,576,0.008889344512002606,4.1759603718323755,1.6029170251223068,2.5270192999996652,kriging_results\s420_tx56\map420_tx56_ratio0_0100.png
s420_tx56,420,56,0.02,1151,0.006403225225765623,3.5442218099664546,1.1291320360054928,3.8870830000014394,kriging_results\s420_tx56\map420_tx56_ratio0_0200.png
s420_tx58,420,58,0.005,288,0.010218552655191067,4.181633418026689,1.9485958683838387,1.8081521999993129,kriging_results\s420_tx58\map420_tx58_ratio0_0050.png
s420_tx58,420,58,0.01,576,0.009677253313981175,4.069371351882203,1.5259842763250646,2.6548797999985254,kriging_results\s420_tx58\map420_tx58_ratio0_0100.png
s420_tx58,420,58,0.02,1151,0.006120801603021983,3.236349469204292,1.0640967577021618,4.003419300001042,kriging_results\s420_tx58\map420_tx58_ratio0_0200.png
s420_tx60,420,60,0.005,288,0.01050486082665111,4.141782483231744,1.9228182067345725,1.7362017999985255,kriging_results\s420_tx60\map420_tx60_ratio0_0050.png
s420_tx60,420,60,0.01,576,0.009200960076773516,3.876222561941856,1.5562034165278589,2.596808799999053,kriging_results\s420_tx60\map420_tx60_ratio0_0100.png
s420_tx60,420,60,0.02,1151,0.006007157775779458,3.1320353597292985,1.0285657680071743,3.8379555999999866,kriging_results\s420_tx60\map420_tx60_ratio0_0200.png
s420_tx62,420,62,0.005,288,0.014719747369988146,4.614752840217307,2.040927092872763,1.7709475999999995,kriging_results\s420_tx62\map420_tx62_ratio0_0050.png
s420_tx62,420,62,0.01,576,0.010990674191401434,3.9875894466873305,1.5720794799524491,2.6535492000002705,kriging_results\s420_tx62\map420_tx62_ratio0_0100.png
s420_tx62,420,62,0.02,1151,0.007681439069826657,3.3336466013690997,1.042388957408344,3.868487700001424,kriging_results\s420_tx62\map420_tx62_ratio0_0200.png
s420_tx68,420,68,0.005,288,0.015955534221492956,5.133619398640794,2.429978791177392,1.7381806000012148,kriging_results\s420_tx68\map420_tx68_ratio0_0050.png
s420_tx68,420,68,0.01,576,0.009870422266674938,4.037716863818784,1.6735760156132402,2.6218697000003885,kriging_results\s420_tx68\map420_tx68_ratio0_0100.png
s420_tx68,420,68,0.02,1151,0.008324790877132273,3.708127501288409,1.2572884580941301,3.9958368000006885,kriging_results\s420_tx68\map420_tx68_ratio0_0200.png
s420_tx69,420,69,0.005,288,0.012935865671464163,4.94371789659395,2.303267137104683,1.6664707999989332,kriging_results\s420_tx69\map420_tx69_ratio0_0050.png
s420_tx69,420,69,0.01,576,0.009384382491833057,4.210743476574867,1.7622300257014398,2.4971590000004653,kriging_results\s420_tx69\map420_tx69_ratio0_0100.png
s420_tx69,420,69,0.02,1151,0.006861967830795564,3.6006447196395572,1.233407139257826,3.8818021999995835,kriging_results\s420_tx69\map420_tx69_ratio0_0200.png
s420_tx73,420,73,0.005,288,0.010938347059794589,4.527705727130328,2.131189271786682,1.6396956000007776,kriging_results\s420_tx73\map420_tx73_ratio0_0050.png
s420_tx73,420,73,0.01,576,0.008890274236651705,4.081877040045669,1.6236494871853915,2.621062600001096,kriging_results\s420_tx73\map420_tx73_ratio0_0100.png
s420_tx73,420,73,0.02,1151,0.0069215093842284504,3.601660228387592,1.1894145537519736,3.7840627000005043,kriging_results\s420_tx73\map420_tx73_ratio0_0200.png
s420_tx79,420,79,0.005,288,0.012548592344632922,4.62620144296167,2.238859675835914,1.8043570000008913,kriging_results\s420_tx79\map420_tx79_ratio0_0050.png
s420_tx79,420,79,0.01,576,0.00836641033128366,3.7774316726933517,1.513612932033427,2.553474999998798,kriging_results\s420_tx79\map420_tx79_ratio0_0100.png
s420_tx79,420,79,0.02,1151,0.006604222134805308,3.3561230011129295,1.1315234801822613,3.620234599999094,kriging_results\s420_tx79\map420_tx79_ratio0_0200.png
s436_tx02,436,2,0.005,303,0.01166233837245733,4.189183568273379,1.6462372362036712,1.798957300001348,kriging_results\s436_tx02\map436_tx2_ratio0_0050.png
s436_tx02,436,2,0.01,606,0.01082433934514151,4.035870972739738,1.2791521375544532,2.3049872999999934,kriging_results\s436_tx02\map436_tx2_ratio0_0100.png
s436_tx02,436,2,0.02,1211,0.00812494740167442,3.4966072084427533,0.9252962004485028,3.5634155000007013,kriging_results\s436_tx02\map436_tx2_ratio0_0200.png
s436_tx06,436,6,0.005,303,0.01653831583827731,4.207896368653381,1.57730847847403,1.5908204999996087,kriging_results\s436_tx06\map436_tx6_ratio0_0050.png
s436_tx06,436,6,0.01,606,0.0141114608883115,3.886918115504506,1.2119192085416084,2.3432503000003635,kriging_results\s436_tx06\map436_tx6_ratio0_0100.png
s436_tx06,436,6,0.02,1211,0.008762717420600304,3.062942228116805,0.8396412438800304,3.818558299999495,kriging_results\s436_tx06\map436_tx6_ratio0_0200.png
s436_tx09,436,9,0.005,303,0.009124147594082277,4.344816075370972,1.6259368730885504,1.708890199999587,kriging_results\s436_tx09\map436_tx9_ratio0_0050.png
s436_tx09,436,9,0.01,606,0.006180818309550987,3.5760059834509796,1.1767290458085615,2.399600900000223,kriging_results\s436_tx09\map436_tx9_ratio0_0100.png
s436_tx09,436,9,0.02,1211,0.005440985742585508,3.3551662078221653,0.8866448147673646,3.708059000000503,kriging_results\s436_tx09\map436_tx9_ratio0_0200.png
s436_tx12,436,12,0.005,303,0.009164865819887638,4.265293388342963,1.5641266991280915,1.5877813999995851,kriging_results\s436_tx12\map436_tx12_ratio0_0050.png
s436_tx12,436,12,0.01,606,0.0058179273589947,3.3983647832439106,1.1209070523968496,2.4107889999995677,kriging_results\s436_tx12\map436_tx12_ratio0_0100.png
s436_tx12,436,12,0.02,1211,0.0051525024470193,3.1981214236584097,0.8227392186132058,3.4530051999990974,kriging_results\s436_tx12\map436_tx12_ratio0_0200.png
s436_tx15,436,15,0.005,303,0.011351008837669986,4.210177978232569,1.6227069935267286,1.624672300000384,kriging_results\s436_tx15\map436_tx15_ratio0_0050.png
s436_tx15,436,15,0.01,606,0.010380197070440139,4.026113603649658,1.2806058440872752,2.5028652000000875,kriging_results\s436_tx15\map436_tx15_ratio0_0100.png
s436_tx15,436,15,0.02,1211,0.007329401180372384,3.383120575460793,0.9195946628485236,3.8505863999998837,kriging_results\s436_tx15\map436_tx15_ratio0_0200.png
s436_tx17,436,17,0.005,303,0.011378679624194947,4.295407611263308,1.699244064698548,1.8008264000000054,kriging_results\s436_tx17\map436_tx17_ratio0_0050.png
s436_tx17,436,17,0.01,606,0.010250018448461557,4.076812828702532,1.3089070968378398,2.8404743000010058,kriging_results\s436_tx17\map436_tx17_ratio0_0100.png
s436_tx17,436,17,0.02,1211,0.007733413285355596,3.5411478191109635,0.9177327819439082,4.128454300000158,kriging_results\s436_tx17\map436_tx17_ratio0_0200.png
s436_tx18,436,18,0.005,303,0.012824351862032424,4.123798364712916,1.6308972505114943,1.825859099999434,kriging_results\s436_tx18\map436_tx18_ratio0_0050.png
s436_tx18,436,18,0.01,606,0.012281547843527824,4.035582689484229,1.2829187209126718,2.7660749000006035,kriging_results\s436_tx18\map436_tx18_ratio0_0100.png
s436_tx18,436,18,0.02,1211,0.007732789488080287,3.2021951421334136,0.7936538557155765,4.213764300000548,kriging_results\s436_tx18\map436_tx18_ratio0_0200.png
s436_tx26,436,26,0.005,303,0.007436237259366638,3.795351578452809,1.4147174422720221,1.804311099998813,kriging_results\s436_tx26\map436_tx26_ratio0_0050.png
s436_tx26,436,26,0.01,606,0.005098495584914439,3.14265284192714,1.0083826944665695,2.6479687000010017,kriging_results\s436_tx26\map436_tx26_ratio0_0100.png
s436_tx26,436,26,0.02,1211,0.004650779693818135,3.0014994367253793,0.8061632316866866,4.134221099999195,kriging_results\s436_tx26\map436_tx26_ratio0_0200.png
s436_tx28,436,28,0.005,303,0.011258083012752267,4.242241615644939,1.782332245077714,1.816416499999832,kriging_results\s436_tx28\map436_tx28_ratio0_0050.png
s436_tx28,436,28,0.01,606,0.010294510662729715,4.0566359187884515,1.3900055338202235,2.661753000000317,kriging_results\s436_tx28\map436_tx28_ratio0_0100.png
s436_tx28,436,28,0.02,1211,0.007875641141504198,3.5481840251632772,1.0066751774185465,4.177713999999469,kriging_results\s436_tx28\map436_tx28_ratio0_0200.png
s436_tx39,436,39,0.005,303,0.012461005473382549,4.189059277722148,1.6467751823696755,1.7669299999997747,kriging_results\s436_tx39\map436_tx39_ratio0_0050.png
s436_tx39,436,39,0.01,606,0.010739621922959732,3.8889687931944206,1.178101775249935,2.645044399998369,kriging_results\s436_tx39\map436_tx39_ratio0_0100.png
s436_tx39,436,39,0.02,1211,0.008057518768392787,3.368531624185239,0.824634774438792,4.110176499998488,kriging_results\s436_tx39\map436_tx39_ratio0_0200.png
s436_tx42,436,42,0.005,303,0.010111209417527491,4.4725481260100945,1.6342078396104254,1.7415340000006836,kriging_results\s436_tx42\map436_tx42_ratio0_0050.png
s436_tx42,436,42,0.01,606,0.006615025134921993,3.6175889562006533,1.1731297026903313,2.7814015000003565,kriging_results\s436_tx42\map436_tx42_ratio0_0100.png
s436_tx42,436,42,0.02,1211,0.005708068611892486,3.3604548098432367,0.8224764042580548,4.403953400000319,kriging_results\s436_tx42\map436_tx42_ratio0_0200.png
s436_tx45,436,45,0.005,303,0.00900373820258075,4.275901242091738,1.5862308754124315,1.87290799999937,kriging_results\s436_tx45\map436_tx45_ratio0_0050.png
s436_tx45,436,45,0.01,606,0.0053944558577225035,3.309710855336159,1.1016595171190173,2.7101459999994404,kriging_results\s436_tx45\map436_tx45_ratio0_0100.png
s436_tx45,436,45,0.02,1211,0.005021419902206895,3.1932248512669217,0.8175725969971614,4.100008399998842,kriging_results\s436_tx45\map436_tx45_ratio0_0200.png
s436_tx47,436,47,0.005,303,0.010401003650067577,4.448437908292138,1.6626975809272655,1.8420427000000927,kriging_results\s436_tx47\map436_tx47_ratio0_0050.png
s436_tx47,436,47,0.01,606,0.00666012998530144,3.5596824410049033,1.1476227156238241,2.6476884999992762,kriging_results\s436_tx47\map436_tx47_ratio0_0100.png
s436_tx47,436,47,0.02,1211,0.005941763243071888,3.3622312243543853,0.857991391821877,4.311174899999969,kriging_results\s436_tx47\map436_tx47_ratio0_0200.png
s436_tx54,436,54,0.005,303,0.007341014257727546,3.7719387034052057,1.387950900997593,1.843468799999755,kriging_results\s436_tx54\map436_tx54_ratio0_0050.png
s436_tx54,436,54,0.01,606,0.005077947865812505,3.137116894025423,1.0034103193172492,2.5656190999998216,kriging_results\s436_tx54\map436_tx54_ratio0_0100.png
s436_tx54,436,54,0.02,1211,0.004650278830835875,3.0021063808631494,0.8050374987576808,4.198110299999826,kriging_results\s436_tx54\map436_tx54_ratio0_0200.png
s436_tx60,436,60,0.005,303,0.008659123332378395,3.8045671832032757,1.4540932238281152,1.7625630000002275,kriging_results\s436_tx60\map436_tx60_ratio0_0050.png
s436_tx60,436,60,0.01,606,0.007295085792462105,3.4920744806492108,1.0766129739307595,2.6527153000006365,kriging_results\s436_tx60\map436_tx60_ratio0_0100.png
s436_tx60,436,60,0.02,1211,0.0060060650045752825,3.1685700343803997,0.8115297883553076,4.219415699999445,kriging_results\s436_tx60\map436_tx60_ratio0_0200.png
s436_tx66,436,66,0.005,303,0.007520227736650151,3.7975120296102705,1.4063298768797756,1.8155538999999408,kriging_results\s436_tx66\map436_tx66_ratio0_0050.png
s436_tx66,436,66,0.01,606,0.005177879645258062,3.1510814596928425,0.9897087241090274,2.789357999999993,kriging_results\s436_tx66\map436_tx66_ratio0_0100.png
s436_tx66,436,66,0.02,1211,0.004695548081481157,3.000729194078956,0.7877495744356043,4.196650600000794,kriging_results\s436_tx66\map436_tx66_ratio0_0200.png
s436_tx71,436,71,0.005,303,0.010149694827638915,4.229852310193652,1.575071427657412,1.9218833000013547,kriging_results\s436_tx71\map436_tx71_ratio0_0050.png
s436_tx71,436,71,0.01,606,0.008537840837208115,3.879473125209225,1.1954918744531053,2.8315020999998524,kriging_results\s436_tx71\map436_tx71_ratio0_0100.png
s436_tx71,436,71,0.02,1211,0.007291930365132557,3.585254380373737,0.9271825262165041,4.232385299999805,kriging_results\s436_tx71\map436_tx71_ratio0_0200.png
s436_tx73,436,73,0.005,303,0.01059712641967882,4.322073410281426,1.504582992468517,1.906523699999525,kriging_results\s436_tx73\map436_tx73_ratio0_0050.png
s436_tx73,436,73,0.01,606,0.007958741928056385,3.7455905327948655,1.1261791907396845,2.682390800000576,kriging_results\s436_tx73\map436_tx73_ratio0_0100.png
s436_tx73,436,73,0.02,1211,0.00687089421421663,3.480204129835176,0.8368938487255599,4.234324400000332,kriging_results\s436_tx73\map436_tx73_ratio0_0200.png
s436_tx74,436,74,0.005,303,0.008821670006637292,4.268272449575734,1.6313852342128392,1.8167904999991151,kriging_results\s436_tx74\map436_tx74_ratio0_0050.png
s436_tx74,436,74,0.01,606,0.005666979450124096,3.420995806024054,1.1538320872390537,2.6584612999995443,kriging_results\s436_tx74\map436_tx74_ratio0_0100.png
s436_tx74,436,74,0.02,1211,0.005132255536429038,3.255598654496648,0.857699532130613,4.247776000000158,kriging_results\s436_tx74\map436_tx74_ratio0_0200.png
s436_tx76,436,76,0.005,303,0.007749500885549258,3.9398076194866243,1.4052398746166213,1.804181299999982,kriging_results\s436_tx76\map436_tx76_ratio0_0050.png
s436_tx76,436,76,0.01,606,0.005051359973526755,3.180843614547948,0.9624930866378446,2.670219800000268,kriging_results\s436_tx76\map436_tx76_ratio0_0100.png
s436_tx76,436,76,0.02,1211,0.004486719545047236,2.997799712174884,0.7344302477655918,4.0430612999989535,kriging_results\s436_tx76\map436_tx76_ratio0_0200.png
s449_tx06,449,6,0.005,276,0.010905686327684587,4.490572160125276,1.8507581346867215,1.4217721999993955,kriging_results\s449_tx06\map449_tx6_ratio0_0050.png
s449_tx06,449,6,0.01,552,0.008810526166379623,4.036231874755424,1.407950047712501,2.140870100000029,kriging_results\s449_tx06\map449_tx6_ratio0_0100.png
s449_tx06,449,6,0.02,1104,0.006806174556460406,3.5475353551704094,0.9843161660268919,2.8296840000002703,kriging_results\s449_tx06\map449_tx6_ratio0_0200.png
s449_tx08,449,8,0.005,276,0.0113280339567394,4.476682217634896,1.9724046769073265,1.375467199999548,kriging_results\s449_tx08\map449_tx8_ratio0_0050.png
s449_tx08,449,8,0.01,552,0.009124821781887933,4.0178265028665745,1.312075604090616,2.010394200000519,kriging_results\s449_tx08\map449_tx8_ratio0_0100.png
s449_tx08,449,8,0.02,1104,0.0075216750744969176,3.647844079421954,1.003219423883707,2.8959247000002506,kriging_results\s449_tx08\map449_tx8_ratio0_0200.png
s449_tx11,449,11,0.005,276,0.011141999621568685,3.9849518480452955,1.6753380537988156,1.3857324999989942,kriging_results\s449_tx11\map449_tx11_ratio0_0050.png
s449_tx11,449,11,0.01,552,0.007786837852829965,3.331363927741815,1.1874789022742902,1.9798535000008997,kriging_results\s449_tx11\map449_tx11_ratio0_0100.png
s449_tx11,449,11,0.02,1104,0.006219994890311669,2.9773954682728094,0.9033889838270566,2.906553200000417,kriging_results\s449_tx11\map449_tx11_ratio0_0200.png
s449_tx14,449,14,0.005,276,0.011000698354359507,4.511443549020443,1.9100445686855745,1.4286150999996607,kriging_results\s449_tx14\map449_tx14_ratio0_0050.png
s449_tx14,449,14,0.01,552,0.008897219868124091,4.057257327474479,1.2918878760072743,1.9660201000006055,kriging_results\s449_tx14\map449_tx14_ratio0_0100.png
s449_tx14,449,14,0.02,1104,0.007706356194534079,3.775982155821846,1.015894998753254,3.0319184999989375,kriging_results\s449_tx14\map449_tx14_ratio0_0200.png
s449_tx16,449,16,0.005,276,0.010314594569854313,4.369198472294686,1.9221411639345993,1.3910495000000083,kriging_results\s449_tx16\map449_tx16_ratio0_0050.png
s449_tx16,449,16,0.01,552,0.008348745323021064,3.93084837177076,1.4028127093232927,2.023295599999983,kriging_results\s449_tx16\map449_tx16_ratio0_0100.png
s449_tx16,449,16,0.02,1104,0.007263236113954087,3.666407784959474,0.9986786225826144,2.8291961000013544,kriging_results\s449_tx16\map449_tx16_ratio0_0200.png
s449_tx18,449,18,0.005,276,0.012007526089044242,4.516649217262984,1.8982707192699046,1.4002205999986472,kriging_results\s449_tx18\map449_tx18_ratio0_0050.png
s449_tx18,449,18,0.01,552,0.008373619797230614,3.7717787143355967,1.2380704236187452,2.021238199999061,kriging_results\s449_tx18\map449_tx18_ratio0_0100.png
s449_tx18,449,18,0.02,1104,0.007565033739238473,3.5850483911849427,0.9661206314896471,2.95124560000113,kriging_results\s449_tx18\map449_tx18_ratio0_0200.png
s449_tx23,449,23,0.005,276,0.010577825173707015,4.411600944921125,1.912954896367042,1.4656377000010252,kriging_results\s449_tx23\map449_tx23_ratio0_0050.png
s449_tx23,449,23,0.01,552,0.00825510515851168,3.8972595439686373,1.3131103768698138,2.038446300000942,kriging_results\s449_tx23\map449_tx23_ratio0_0100.png
s449_tx23,449,23,0.02,1104,0.007478525931543734,3.7094201561670213,1.015311021837135,3.2620571999996173,kriging_results\s449_tx23\map449_tx23_ratio0_0200.png
s449_tx24,449,24,0.005,276,0.013046089060940324,4.614906094392666,1.9265942079069418,1.4444963000005373,kriging_results\s449_tx24\map449_tx24_ratio0_0050.png
s449_tx24,449,24,0.01,552,0.009764570382319824,3.992539897337979,1.3517153766429275,2.1844244000003528,kriging_results\s449_tx24\map449_tx24_ratio0_0100.png
s449_tx24,449,24,0.02,1104,0.007925318779024781,3.596922375922427,1.045226784708726,3.46686839999893,kriging_results\s449_tx24\map449_tx24_ratio0_0200.png
s449_tx25,449,25,0.005,276,0.010622206772404394,4.460174839535165,1.8292586947821075,1.4553639000005205,kriging_results\s449_tx25\map449_tx25_ratio0_0050.png
s449_tx25,449,25,0.01,552,0.008742611837196218,4.04636550370127,1.4271920842083228,2.202617499999178,kriging_results\s449_tx25\map449_tx25_ratio0_0100.png
s449_tx25,449,25,0.02,1104,0.006812356410400649,3.5718498695708303,1.001221457642511,3.4654220000011264,kriging_results\s449_tx25\map449_tx25_ratio0_0200.png
s449_tx26,449,26,0.005,276,0.011684624714932685,4.395732284133217,1.8099619419376074,1.564419000000271,kriging_results\s449_tx26\map449_tx26_ratio0_0050.png
s449_tx26,449,26,0.01,552,0.009021393560331624,3.8624302832346102,1.3063350607583966,2.181211799999801,kriging_results\s449_tx26\map449_tx26_ratio0_0100.png
s449_tx26,449,26,0.02,1104,0.007041188981560515,3.412297078002487,0.983297899839451,3.302212900000086,kriging_results\s449_tx26\map449_tx26_ratio0_0200.png
s449_tx32,449,32,0.005,276,0.009717917340842845,4.241989849021326,1.829989522572916,1.5950166000002355,kriging_results\s449_tx32\map449_tx32_ratio0_0050.png
s449_tx32,449,32,0.01,552,0.008268535850190424,3.91288719694947,1.316648376826614,2.285709899999347,kriging_results\s449_tx32\map449_tx32_ratio0_0100.png
s449_tx32,449,32,0.02,1104,0.007193064999278524,3.6495558117577755,0.9607110808561145,3.4702304000002187,kriging_results\s449_tx32\map449_tx32_ratio0_0200.png
s449_tx40,449,40,0.005,276,0.013425799991510208,4.795524160344475,2.091948224768324,1.5314101999993,kriging_results\s449_tx40\map449_tx40_ratio0_0050.png
s449_tx40,449,40,0.01,552,0.009829545622399537,4.103294819684418,1.4869593762550215,2.183148000000074,kriging_results\s449_tx40\map449_tx40_ratio0_0100.png
s449_tx40,449,40,0.02,1104,0.008304826421231966,3.771649119072054,1.1369972326499296,3.2726818999999523,kriging_results\s449_tx40\map449_tx40_ratio0_0200.png
s449_tx51,449,51,0.005,276,0.023568877718645583,4.878099353029445,1.9917421658148127,1.4173898999997618,kriging_results\s449_tx51\map449_tx51_ratio0_0050.png
s449_tx51,449,51,0.01,552,0.015105453768310255,3.905243190011711,1.3307253637011158,2.0741227000016806,kriging_results\s449_tx51\map449_tx51_ratio0_0100.png
s449_tx51,449,51,0.02,1104,0.012239598934796609,3.5153193268058387,0.9880415550264708,3.2494965000005323,kriging_results\s449_tx51\map449_tx51_ratio0_0200.png
s449_tx53,449,53,0.005,276,0.012063284257347326,4.71621723253096,1.9830780381939774,1.5413420000004407,kriging_results\s449_tx53\map449_tx53_ratio0_0050.png
s449_tx53,449,53,0.01,552,0.010045296573548934,4.30370405035255,1.5269002466537658,2.146850799999811,kriging_results\s449_tx53\map449_tx53_ratio0_0100.png
s449_tx53,449,53,0.02,1104,0.008048016977000869,3.852170157116597,1.0724389686218692,3.453387200001089,kriging_results\s449_tx53\map449_tx53_ratio0_0200.png
s449_tx55,449,55,0.005,276,0.016942363334031884,5.078828708507087,2.291389465608614,1.608766100000139,kriging_results\s449_tx55\map449_tx55_ratio0_0050.png
s449_tx55,449,55,0.01,552,0.011770694483377352,4.23328603784157,1.5217841632275124,3.285467300000164,kriging_results\s449_tx55\map449_tx55_ratio0_0100.png
s449_tx55,449,55,0.02,1104,0.010103252573115827,3.921996234106884,1.1885314984553146,4.399062700000286,kriging_results\s449_tx55\map449_tx55_ratio0_0200.png
s449_tx57,449,57,0.005,276,0.01577702279017906,4.962028457531337,2.138626188245596,1.6001477999998315,kriging_results\s449_tx57\map449_tx57_ratio0_0050.png
s449_tx57,449,57,0.01,552,0.01222573776393101,4.368016465917013,1.5560898911075902,2.4115727999997034,kriging_results\s449_tx57\map449_tx57_ratio0_0100.png
s449_tx57,449,57,0.02,1104,0.010117841982813411,3.9736596882355606,1.1520171965913828,3.705831600000238,kriging_results\s449_tx57\map449_tx57_ratio0_0200.png
s449_tx69,449,69,0.005,276,0.011960046546842823,3.6871344868649047,1.5792395276034015,1.483823200000188,kriging_results\s449_tx69\map449_tx69_ratio0_0050.png
s449_tx69,449,69,0.01,552,0.011763989692439194,3.656788625160038,1.1457863898794924,2.0159490999994887,kriging_results\s449_tx69\map449_tx69_ratio0_0100.png
s449_tx69,449,69,0.02,1104,0.008232096127162122,3.0589879267449764,0.8146857342022266,3.6224631999994017,kriging_results\s449_tx69\map449_tx69_ratio0_0200.png
s449_tx72,449,72,0.005,276,0.02484905851949041,4.896134613389743,2.0378224885008436,1.6056528999997681,kriging_results\s449_tx72\map449_tx72_ratio0_0050.png
s449_tx72,449,72,0.01,552,0.015852556925612868,3.9106418189612184,1.3649321813330473,2.4048007000001235,kriging_results\s449_tx72\map449_tx72_ratio0_0100.png
s449_tx72,449,72,0.02,1104,0.01266489875460856,3.495418975465453,0.9958660769686012,3.5530961000004027,kriging_results\s449_tx72\map449_tx72_ratio0_0200.png
s449_tx76,449,76,0.005,276,0.011889830425515831,4.6775831802727454,2.0299941069859098,1.650360700001329,kriging_results\s449_tx76\map449_tx76_ratio0_0050.png
s449_tx76,449,76,0.01,552,0.009971771595412973,4.283707962088974,1.5248577529544074,2.4204641000014817,kriging_results\s449_tx76\map449_tx76_ratio0_0100.png
s449_tx76,449,76,0.02,1104,0.007889974536920545,3.8104081321087744,1.0749482243335358,3.6174912999995286,kriging_results\s449_tx76\map449_tx76_ratio0_0200.png
s449_tx78,449,78,0.005,276,0.016998162430301684,4.6583038443208995,1.9834965197979377,1.6599574000010762,kriging_results\s449_tx78\map449_tx78_ratio0_0050.png
s449_tx78,449,78,0.01,552,0.01339228012185578,4.134795991230115,1.4588369658432003,2.374947799999063,kriging_results\s449_tx78\map449_tx78_ratio0_0100.png
s449_tx78,449,78,0.02,1104,0.010526296118550636,3.6657649568048782,1.0559571734688065,3.756581899999219,kriging_results\s449_tx78\map449_tx78_ratio0_0200.png
s455_tx09,455,9,0.005,269,0.01619699838180709,5.023636206446254,2.0320405856772585,1.561430499999915,kriging_results\s455_tx09\map455_tx9_ratio0_0050.png
s455_tx09,455,9,0.01,537,0.011218202117330253,4.1808303587318205,1.4888182227847546,2.272405499999877,kriging_results\s455_tx09\map455_tx9_ratio0_0100.png
s455_tx09,455,9,0.02,1073,0.010602666318182978,4.064512458736898,1.173111656103187,3.516847200000484,kriging_results\s455_tx09\map455_tx9_ratio0_0200.png
s455_tx18,455,18,0.005,269,0.012646397307939723,4.945156658541509,1.9859637907914178,1.5237156999992294,kriging_results\s455_tx18\map455_tx18_ratio0_0050.png
s455_tx18,455,18,0.01,537,0.009254649028067665,4.230353056031562,1.4633455976901901,2.314364800000476,kriging_results\s455_tx18\map455_tx18_ratio0_0100.png
s455_tx18,455,18,0.02,1073,0.008424311266636335,4.036117865802931,1.1332797857275334,3.508878700000423,kriging_results\s455_tx18\map455_tx18_ratio0_0200.png
s455_tx20,455,20,0.005,269,0.013389109261401915,5.064828079543487,2.0179385582355573,1.5274570000001404,kriging_results\s455_tx20\map455_tx20_ratio0_0050.png
s455_tx20,455,20,0.01,537,0.00916362609823504,4.19008222355925,1.4525890918282387,2.30167210000036,kriging_results\s455_tx20\map455_tx20_ratio0_0100.png
s455_tx20,455,20,0.02,1073,0.008484039534780689,4.031718574865803,1.123730308745097,3.539001499999358,kriging_results\s455_tx20\map455_tx20_ratio0_0200.png
s455_tx23,455,23,0.005,269,0.01319452963735854,4.92818832612297,2.0144555998695797,1.55360059999839,kriging_results\s455_tx23\map455_tx23_ratio0_0050.png
s455_tx23,455,23,0.01,537,0.009432308503351262,4.166768097240125,1.4754723515157686,2.3101343999987876,kriging_results\s455_tx23\map455_tx23_ratio0_0100.png
s455_tx23,455,23,0.02,1073,0.008489850995384771,3.953123396824473,1.1422664528603614,3.5335918000000675,kriging_results\s455_tx23\map455_tx23_ratio0_0200.png
s455_tx25,455,25,0.005,269,0.012638102817072505,4.960033849351942,1.9764611971802193,1.5904876999993576,kriging_results\s455_tx25\map455_tx25_ratio0_0050.png
s455_tx25,455,25,0.01,537,0.009238948275119743,4.240869985718154,1.471890509892063,2.273076299999957,kriging_results\s455_tx25\map455_tx25_ratio0_0100.png
s455_tx25,455,25,0.02,1073,0.00846984748610017,4.0605184558662,1.1374630379569686,3.5724199999986013,kriging_results\s455_tx25\map455_tx25_ratio0_0200.png
s455_tx30,455,30,0.005,269,0.01533543970738742,4.733551901301575,2.0974694843906407,1.5643715999995038,kriging_results\s455_tx30\map455_tx30_ratio0_0050.png
s455_tx30,455,30,0.01,537,0.011886355609777894,4.167382684197811,1.5914514089371719,2.2607843999994657,kriging_results\s455_tx30\map455_tx30_ratio0_0100.png
s455_tx30,455,30,0.02,1073,0.010208533772596444,3.8620750712424385,1.2019714908259516,3.498037299999851,kriging_results\s455_tx30\map455_tx30_ratio0_0200.png
s455_tx31,455,31,0.005,269,0.014193432762614,4.455725002467287,1.9118512973903115,1.5659464000000298,kriging_results\s455_tx31\map455_tx31_ratio0_0050.png
s455_tx31,455,31,0.01,537,0.009063147530022892,3.5605261287336574,1.3234632433493223,2.3415612999997393,kriging_results\s455_tx31\map455_tx31_ratio0_0100.png
s455_tx31,455,31,0.02,1073,0.008147961567428271,3.375974317576857,1.032796439280247,3.4793285000014293,kriging_results\s455_tx31\map455_tx31_ratio0_0200.png
s455_tx34,455,34,0.005,269,0.017632464756082548,4.405226985492572,2.097568687430572,1.4952446999996027,kriging_results\s455_tx34\map455_tx34_ratio0_0050.png
s455_tx34,455,34,0.01,537,0.01241581168307235,3.696573283497927,1.4713960229042444,2.267285500000071,kriging_results\s455_tx34\map455_tx34_ratio0_0100.png
s455_tx34,455,34,0.02,1073,0.010678894205236059,3.4282691063273045,1.106882564021262,3.536022199999934,kriging_results\s455_tx34\map455_tx34_ratio0_0200.png
s455_tx36,455,36,0.005,269,0.013210698785535553,4.991264959122906,2.020640894245235,1.5844722999991063,kriging_results\s455_tx36\map455_tx36_ratio0_0050.png
s455_tx36,455,36,0.01,537,0.009692632199151388,4.2753196650335745,1.5284871048088289,2.2985077000012097,kriging_results\s455_tx36\map455_tx36_ratio0_0100.png
s455_tx36,455,36,0.02,1073,0.008603248385909017,4.027902557157026,1.1564845064748681,3.424688299999616,kriging_results\s455_tx36\map455_tx36_ratio0_0200.png
s455_tx38,455,38,0.005,269,0.014193208605692063,4.758417603209079,1.9595087186637568,1.562071799999103,kriging_results\s455_tx38\map455_tx38_ratio0_0050.png
s455_tx38,455,38,0.01,537,0.010392683649484187,4.07179701830331,1.4721434045548767,2.227022600000055,kriging_results\s455_tx38\map455_tx38_ratio0_0100.png
s455_tx38,455,38,0.02,1073,0.00939192162309092,3.8707889335009016,1.1171084177757882,4.9917775000012625,kriging_results\s455_tx38\map455_tx38_ratio0_0200.png
s455_tx42,455,42,0.005,269,0.013880105355223289,5.030934724682637,2.1029624557018574,4.49512329999925,kriging_results\s455_tx42\map455_tx42_ratio0_0050.png
s455_tx42,455,42,0.01,537,0.009753672955421644,4.217318466921468,1.5391623164299935,6.0795980999992025,kriging_results\s455_tx42\map455_tx42_ratio0_0100.png
s455_tx42,455,42,0.02,1073,0.008735899183921111,3.9912240646947135,1.176967724053341,8.022156099999847,kriging_results\s455_tx42\map455_tx42_ratio0_0200.png
s455_tx45,455,45,0.005,269,0.012382801380510662,4.818620579232509,2.060092550978336,4.38391700000102,kriging_results\s455_tx45\map455_tx45_ratio0_0050.png
s455_tx45,455,45,0.01,537,0.009608788431389534,4.244705777497612,1.553542050532389,5.745451099999627,kriging_results\s455_tx45\map455_tx45_ratio0_0100.png
s455_tx45,455,45,0.02,1073,0.008673854750593096,4.032917621112172,1.2093042513739756,3.31215709999924,kriging_results\s455_tx45\map455_tx45_ratio0_0200.png
s455_tx49,455,49,0.005,269,0.018865938364274165,4.210856782537062,1.8953047801048293,1.4917248000001564,kriging_results\s455_tx49\map455_tx49_ratio0_0050.png
s455_tx49,455,49,0.01,537,0.014205555140598668,3.6539311698579433,1.3757655240273468,2.1471283999999287,kriging_results\s455_tx49\map455_tx49_ratio0_0100.png
s455_tx49,455,49,0.02,1073,0.012384254653020758,3.4116636010364956,1.0542634858687312,3.2899591000004875,kriging_results\s455_tx49\map455_tx49_ratio0_0200.png
s455_tx56,455,56,0.005,269,0.01642410958799691,5.236470575335963,2.2232939258706526,1.4707348000010825,kriging_results\s455_tx56\map455_tx56_ratio0_0050.png
s455_tx56,455,56,0.01,537,0.011604058031880795,4.401520246125536,1.7024434185164994,2.1266754000007495,kriging_results\s455_tx56\map455_tx56_ratio0_0100.png
s455_tx56,455,56,0.02,1073,0.010834727837092245,4.253111410527597,1.2808520832545067,3.3124982999997883,kriging_results\s455_tx56\map455_tx56_ratio0_0200.png
s455_tx59,455,59,0.005,269,0.013057683203110475,4.9898040501363825,2.0155692032688544,1.4410566000005929,kriging_results\s455_tx59\map455_tx59_ratio0_0050.png
s455_tx59,455,59,0.01,537,0.009390396805698026,4.231481038258508,1.475328548531613,2.140396499999042,kriging_results\s455_tx59\map455_tx59_ratio0_0100.png
s455_tx59,455,59,0.02,1073,0.008512614531027467,4.028857538226226,1.1274261602636058,3.463771700000507,kriging_results\s455_tx59\map455_tx59_ratio0_0200.png
s455_tx66,455,66,0.005,269,0.016505910234261564,5.155288445439701,2.1627480392366434,1.5230413999997836,kriging_results\s455_tx66\map455_tx66_ratio0_0050.png
s455_tx66,455,66,0.01,537,0.011573802686861971,4.316892838080665,1.6080120569543894,2.132351500000368,kriging_results\s455_tx66\map455_tx66_ratio0_0100.png
s455_tx66,455,66,0.02,1073,0.010805184669063939,4.171087745019883,1.249675531166661,3.144663400000354,kriging_results\s455_tx66\map455_tx66_ratio0_0200.png
s455_tx70,455,70,0.005,269,0.015248673566996862,4.7750903665952515,2.111379118739015,1.4330860000009125,kriging_results\s455_tx70\map455_tx70_ratio0_0050.png
s455_tx70,455,70,0.01,537,0.011651191700579567,4.173983513819476,1.586138553956166,2.15898019999986,kriging_results\s455_tx70\map455_tx70_ratio0_0100.png
s455_tx70,455,70,0.02,1073,0.010053007563713728,3.8771585721095314,1.1957197686679155,3.2809712999987823,kriging_results\s455_tx70\map455_tx70_ratio0_0200.png
s455_tx72,455,72,0.005,269,0.01215672972532338,4.733859039573702,2.049847849135569,1.4958138999991206,kriging_results\s455_tx72\map455_tx72_ratio0_0050.png
s455_tx72,455,72,0.01,537,0.009536276628136614,4.19272483369365,1.5185921722902025,2.209370899998248,kriging_results\s455_tx72\map455_tx72_ratio0_0100.png
s455_tx72,455,72,0.02,1073,0.008635038458861356,3.9896893298349196,1.1928461899996634,3.33308340000076,kriging_results\s455_tx72\map455_tx72_ratio0_0200.png
s455_tx73,455,73,0.005,269,0.0123096659221399,4.931544271566817,1.9079638142527342,1.4727005000004283,kriging_results\s455_tx73\map455_tx73_ratio0_0050.png
s455_tx73,455,73,0.01,537,0.00919436541892658,4.26207098710952,1.4543717710646387,2.1378735000016604,kriging_results\s455_tx73\map455_tx73_ratio0_0100.png
s455_tx73,455,73,0.02,1073,0.00880916451380426,4.171835329175205,1.1502099480551706,3.326243899999099,kriging_results\s455_tx73\map455_tx73_ratio0_0200.png
s455_tx74,455,74,0.005,269,0.012670688301106401,4.93686054414236,1.9864869587434708,1.4362693000002764,kriging_results\s455_tx74\map455_tx74_ratio0_0050.png
s455_tx74,455,74,0.01,537,0.009318744691727339,4.233791440623842,1.4638143702342665,2.2034284000001207,kriging_results\s455_tx74\map455_tx74_ratio0_0100.png
s455_tx74,455,74,0.02,1073,0.008490925049354421,4.04136667822276,1.1428248078081646,3.224095400000806,kriging_results\s455_tx74\map455_tx74_ratio0_0200.png
s467_tx00,467,0,0.005,286,0.025587682911893863,4.903561344258738,1.8768587130820027,1.5822669999997743,kriging_results\s467_tx00\map467_tx0_ratio0_0050.png
s467_tx00,467,0,0.01,571,0.013309574052683166,3.5365370027538967,1.1641553044131039,2.3904234999990877,kriging_results\s467_tx00\map467_tx0_ratio0_0100.png
s467_tx00,467,0,0.02,1141,0.009308746503107618,2.957615618443635,0.8000789460006518,3.5876729000010528,kriging_results\s467_tx00\map467_tx0_ratio0_0200.png
s467_tx06,467,6,0.005,286,0.014927645162556681,4.582849783356761,1.9622572229918245,1.5755161000015505,kriging_results\s467_tx06\map467_tx6_ratio0_0050.png
s467_tx06,467,6,0.01,571,0.00901672878482784,3.5617584956950723,1.2927826563940856,2.4363806000001205,kriging_results\s467_tx06\map467_tx6_ratio0_0100.png
s467_tx06,467,6,0.02,1141,0.008203351441896314,3.3973134976849737,0.9843658265071927,3.7645786000011867,kriging_results\s467_tx06\map467_tx6_ratio0_0200.png
s467_tx07,467,7,0.005,286,0.010588695415855045,3.9853876519318905,1.828327547623089,1.5607952999998815,kriging_results\s467_tx07\map467_tx7_ratio0_0050.png
s467_tx07,467,7,0.01,571,0.007362090294298351,3.323149715280611,1.2077255370753441,2.4523544000003312,kriging_results\s467_tx07\map467_tx7_ratio0_0100.png
s467_tx07,467,7,0.02,1141,0.007333023263857749,3.3165829937446993,0.9823102659767297,3.6827613999994355,kriging_results\s467_tx07\map467_tx7_ratio0_0200.png
s467_tx12,467,12,0.005,286,0.009882096425256266,3.9307750282717375,1.7481176931016904,1.5005904999998165,kriging_results\s467_tx12\map467_tx12_ratio0_0050.png
s467_tx12,467,12,0.01,571,0.007896508279807332,3.513752743501777,1.2197108789936173,2.1044319000011456,kriging_results\s467_tx12\map467_tx12_ratio0_0100.png
s467_tx12,467,12,0.02,1141,0.006395977729092306,3.16232950757149,0.9362718518144741,3.2842309000006935,kriging_results\s467_tx12\map467_tx12_ratio0_0200.png
s467_tx15,467,15,0.005,286,0.01016113811897136,3.8140625324761968,1.6256793605690605,1.5308688000004622,kriging_results\s467_tx15\map467_tx15_ratio0_0050.png
s467_tx15,467,15,0.01,571,0.007782152652691838,3.337847529147154,1.1321455482664569,2.329963100000896,kriging_results\s467_tx15\map467_tx15_ratio0_0100.png
s467_tx15,467,15,0.02,1141,0.005890007140825284,2.903852378582251,0.8028446302786153,3.762484700000641,kriging_results\s467_tx15\map467_tx15_ratio0_0200.png
s467_tx18,467,18,0.005,286,0.010250101794289833,4.06704350223799,1.8295145283266392,1.6248902000006638,kriging_results\s467_tx18\map467_tx18_ratio0_0050.png
s467_tx18,467,18,0.01,571,0.008023523179350461,3.5982993166147836,1.2772613913588944,2.4221568000011757,kriging_results\s467_tx18\map467_tx18_ratio0_0100.png
s467_tx18,467,18,0.02,1141,0.006530479798242495,3.246289712785813,0.9470855294727998,3.7253275999992184,kriging_results\s467_tx18\map467_tx18_ratio0_0200.png
s467_tx24,467,24,0.005,286,0.009163834983628544,3.72979615617146,1.6747133434456312,1.6322221999998874,kriging_results\s467_tx24\map467_tx24_ratio0_0050.png
s467_tx24,467,24,0.01,571,0.00750569509496306,3.375529665219735,1.1708602372871884,2.341838899999857,kriging_results\s467_tx24\map467_tx24_ratio0_0100.png
s467_tx24,467,24,0.02,1141,0.00597896799624262,3.0127257246413115,0.8601242397444928,3.692365200000495,kriging_results\s467_tx24\map467_tx24_ratio0_0200.png
s467_tx27,467,27,0.005,286,0.014363806612166685,3.871453526650327,1.8224331701638325,1.6449561000008543,kriging_results\s467_tx27\map467_tx27_ratio0_0050.png
s467_tx27,467,27,0.01,571,0.00953696401210218,3.154600359149473,1.1373606458195011,2.528928599998835,kriging_results\s467_tx27\map467_tx27_ratio0_0100.png
s467_tx27,467,27,0.02,1141,0.008843258677434379,3.0377039226680864,0.9162353472551307,3.6605990000007296,kriging_results\s467_tx27\map467_tx27_ratio0_0200.png
s467_tx29,467,29,0.005,286,0.013146430327862842,3.661812352903741,1.6434062983581135,1.5035987999999634,kriging_results\s467_tx29\map467_tx29_ratio0_0050.png
s467_tx29,467,29,0.01,571,0.009660227908312566,3.1389604956270984,1.1732583349448424,2.449355499999001,kriging_results\s467_tx29\map467_tx29_ratio0_0100.png
s467_tx29,467,29,0.02,1141,0.007159604809257804,2.7023193732932014,0.8325736007746612,3.7152688000005583,kriging_results\s467_tx29\map467_tx29_ratio0_0200.png
s467_tx35,467,35,0.005,286,0.013273044413195314,4.125587489734228,1.959482697771371,1.5824855999999272,kriging_results\s467_tx35\map467_tx35_ratio0_0050.png
s467_tx35,467,35,0.01,571,0.008946532542734803,3.3870990623916932,1.2765026335320457,2.572782900000675,kriging_results\s467_tx35\map467_tx35_ratio0_0100.png
s467_tx35,467,35,0.02,1141,0.00848013522426084,3.297629861569566,1.0338621337839258,3.712861399999383,kriging_results\s467_tx35\map467_tx35_ratio0_0200.png
s467_tx38,467,38,0.005,286,0.014348030879977245,4.693303624024269,1.994966662464743,1.6394892999996955,kriging_results\s467_tx38\map467_tx38_ratio0_0050.png
s467_tx38,467,38,0.01,571,0.008789083836049523,3.673282169113722,1.2598711607662463,2.3679893000007723,kriging_results\s467_tx38\map467_tx38_ratio0_0100.png
s467_tx38,467,38,0.02,1141,0.008030444191666703,3.5111733832700085,0.999607431841343,3.671573699999499,kriging_results\s467_tx38\map467_tx38_ratio0_0200.png
s467_tx40,467,40,0.005,286,0.013854286903431786,4.674315165839385,1.992368836771929,1.6065409000002546,kriging_results\s467_tx40\map467_tx40_ratio0_0050.png
s467_tx40,467,40,0.01,571,0.008351479878465582,3.629172596126421,1.2208778035420416,2.3230090999986714,kriging_results\s467_tx40\map467_tx40_ratio0_0100.png
s467_tx40,467,40,0.02,1141,0.007705025464617698,3.485884052431804,0.9522425327862187,3.707056699999157,kriging_results\s467_tx40\map467_tx40_ratio0_0200.png
s467_tx47,467,47,0.005,286,0.011564610097585843,3.8235900938356093,1.6375305928099426,1.6279477999996743,kriging_results\s467_tx47\map467_tx47_ratio0_0050.png
s467_tx47,467,47,0.01,571,0.008317904877193921,3.242745025069956,1.154324942193284,2.4692232999987027,kriging_results\s467_tx47\map467_tx47_ratio0_0100.png
s467_tx47,467,47,0.02,1141,0.006551273936029469,2.8778536049489345,0.8474258390479408,3.7618999000005715,kriging_results\s467_tx47\map467_tx47_ratio0_0200.png
s467_tx48,467,48,0.005,286,0.01364497957194788,4.392256080603031,2.0053725253483496,1.6272074000007706,kriging_results\s467_tx48\map467_tx48_ratio0_0050.png
s467_tx48,467,48,0.01,571,0.00797521599318723,3.3579361746786356,1.2149558811245933,2.4458311999987927,kriging_results\s467_tx48\map467_tx48_ratio0_0100.png
s467_tx48,467,48,0.02,1141,0.007779034308234278,3.3163781546646103,0.9714922945935089,3.7985926999990625,kriging_results\s467_tx48\map467_tx48_ratio0_0200.png
s467_tx54,467,54,0.005,286,0.012615543003976895,4.24809307142503,1.8457609851434646,1.6009565000003931,kriging_results\s467_tx54\map467_tx54_ratio0_0050.png
s467_tx54,467,54,0.01,571,0.008576966707868802,3.502740030626456,1.2845734507529996,2.607568100000208,kriging_results\s467_tx54\map467_tx54_ratio0_0100.png
s467_tx54,467,54,0.02,1141,0.007184132327540968,3.205739321242538,0.958953733150256,3.882896499999333,kriging_results\s467_tx54\map467_tx54_ratio0_0200.png
s467_tx57,467,57,0.005,286,0.01386064090651107,4.1558768184362425,1.88242998459933,1.8164778000009392,kriging_results\s467_tx57\map467_tx57_ratio0_0050.png
s467_tx57,467,57,0.01,571,0.009217660493448418,3.389076409942785,1.2199358609212867,2.561723199998596,kriging_results\s467_tx57\map467_tx57_ratio0_0100.png
s467_tx57,467,57,0.02,1141,0.008508129584575185,3.256027457846431,0.9705336795104195,3.5757508000006055,kriging_results\s467_tx57\map467_tx57_ratio0_0200.png
s467_tx63,467,63,0.005,286,0.01228452767583134,4.408581352621664,1.9773416952242937,1.634883599999739,kriging_results\s467_tx63\map467_tx63_ratio0_0050.png
s467_tx63,467,63,0.01,571,0.007802158587138944,3.5133952840356857,1.2537846403887443,2.4430798000012146,kriging_results\s467_tx63\map467_tx63_ratio0_0100.png
s467_tx63,467,63,0.02,1141,0.00776486220701153,3.5049877551357915,1.0313201340058242,3.851537799999278,kriging_results\s467_tx63\map467_tx63_ratio0_0200.png
s467_tx64,467,64,0.005,286,0.01119033624130204,4.068585640362101,1.9101998526171238,1.6604298000002018,kriging_results\s467_tx64\map467_tx64_ratio0_0050.png
s467_tx64,467,64,0.01,571,0.007954870806438499,3.4303501252068003,1.3271823925461488,2.4693306000008306,kriging_results\s467_tx64\map467_tx64_ratio0_0100.png
s467_tx64,467,64,0.02,1141,0.007757635353537939,3.3875566669356356,1.0372520004268715,3.662086199999976,kriging_results\s467_tx64\map467_tx64_ratio0_0200.png
s467_tx75,467,75,0.005,286,0.013678151539735143,4.409831804490827,1.9501878991427828,1.6361381000006077,kriging_results\s467_tx75\map467_tx75_ratio0_0050.png
s467_tx75,467,75,0.01,571,0.008225464054974752,3.419704086092663,1.2112607663312416,2.5753105000003416,kriging_results\s467_tx75\map467_tx75_ratio0_0100.png
s467_tx75,467,75,0.02,1141,0.00786996626981164,3.344989488906854,0.9819704927894658,3.7401133999992453,kriging_results\s467_tx75\map467_tx75_ratio0_0200.png
s467_tx76,467,76,0.005,286,0.010511781521953815,4.000856551491455,1.8302457714271432,1.6696691999986797,kriging_results\s467_tx76\map467_tx76_ratio0_0050.png
s467_tx76,467,76,0.01,571,0.007320895115049826,3.3388499649674617,1.2172895255545126,2.5282212999991316,kriging_results\s467_tx76\map467_tx76_ratio0_0100.png
s467_tx76,467,76,0.02,1141,0.006859724628184099,3.231976264209541,0.9308002898781456,3.8624323999993067,kriging_results\s467_tx76\map467_tx76_ratio0_0200.png
s502_tx00,502,0,0.005,218,0.02835748874653838,5.548999882128014,3.081869068139174,1.0519125000009808,kriging_results\s502_tx00\map502_tx0_ratio0_0050.png
s502_tx00,502,0,0.01,435,0.027826658391788925,5.496818085771147,2.8171333333160264,1.5643085000010615,kriging_results\s502_tx00\map502_tx0_ratio0_0100.png
s502_tx00,502,0,0.02,870,0.020076494617299268,4.669009694469607,1.9522224511342674,2.241522599999371,kriging_results\s502_tx00\map502_tx0_ratio0_0200.png
s502_tx01,502,1,0.005,218,0.0301291438945324,5.631216497381821,2.8938603256581663,1.054477899999256,kriging_results\s502_tx01\map502_tx1_ratio0_0050.png
s502_tx01,502,1,0.01,435,0.029511891113269607,5.5732349158698735,2.6841743719195454,1.5348363000011886,kriging_results\s502_tx01\map502_tx1_ratio0_0100.png
s502_tx01,502,1,0.02,870,0.022956688575732246,4.915451979997327,1.9694521996848595,2.501205900000059,kriging_results\s502_tx01\map502_tx1_ratio0_0200.png
s502_tx02,502,2,0.005,218,0.022192649116266065,5.291736385430694,3.0544825437137733,1.0438303999999334,kriging_results\s502_tx02\map502_tx2_ratio0_0050.png
s502_tx02,502,2,0.01,435,0.020176463564077894,5.0456387099961635,2.626805834973567,1.6358715999995184,kriging_results\s502_tx02\map502_tx2_ratio0_0100.png
s502_tx02,502,2,0.02,870,0.014454276135153573,4.270628586904667,1.9028409698938882,2.384652599999754,kriging_results\s502_tx02\map502_tx2_ratio0_0200.png
s502_tx05,502,5,0.005,218,0.03412303439125201,5.645025986664619,3.060915296962171,1.1013199000008171,kriging_results\s502_tx05\map502_tx5_ratio0_0050.png
s502_tx05,502,5,0.01,435,0.03486450256077909,5.706027512675233,2.845229887839007,1.5763509000007616,kriging_results\s502_tx05\map502_tx5_ratio0_0100.png
s502_tx05,502,5,0.02,870,0.023661952670112285,4.700752800494372,1.9134289504824211,2.3975057000006927,kriging_results\s502_tx05\map502_tx5_ratio0_0200.png
s502_tx23,502,23,0.005,218,0.02973161574401102,5.597382349828164,3.139823883930175,1.081708300000173,kriging_results\s502_tx23\map502_tx23_ratio0_0050.png
s502_tx23,502,23,0.01,435,0.02693165766943344,5.327301282867292,2.767226424558723,1.5702806999997847,kriging_results\s502_tx23\map502_tx23_ratio0_0100.png
s502_tx23,502,23,0.02,870,0.01955048052074121,4.538939903655092,1.9262495618645439,2.425286600000618,kriging_results\s502_tx23\map502_tx23_ratio0_0200.png
s502_tx32,502,32,0.005,218,0.02996842406669867,5.467722048971913,3.0690039307019505,1.0887938999985636,kriging_results\s502_tx32\map502_tx32_ratio0_0050.png
s502_tx32,502,32,0.01,435,0.027909478487396375,5.276553394195294,2.73945101132707,1.5377638999998453,kriging_results\s502_tx32\map502_tx32_ratio0_0100.png
s502_tx32,502,32,0.02,870,0.020578270017502766,4.5308419218364815,1.9436075921195144,2.3112156000006507,kriging_results\s502_tx32\map502_tx32_ratio0_0200.png
s502_tx36,502,36,0.005,218,0.029398821916640998,5.089133975150983,2.90672787636611,1.0579257999997935,kriging_results\s502_tx36\map502_tx36_ratio0_0050.png
s502_tx36,502,36,0.01,435,0.026596636098805342,4.840522936151957,2.415726404730541,1.5425882999988971,kriging_results\s502_tx36\map502_tx36_ratio0_0100.png
s502_tx36,502,36,0.02,870,0.018541936533328116,4.041629224017842,1.695593859511061,2.4810152999998536,kriging_results\s502_tx36\map502_tx36_ratio0_0200.png
s502_tx38,502,38,0.005,218,0.035374285902209646,5.595952789257866,3.0290107264849273,1.050674500000241,kriging_results\s502_tx38\map502_tx38_ratio0_0050.png
s502_tx38,502,38,0.01,435,0.04415525352324164,6.252034903576239,3.107491580775886,1.6146601000000373,kriging_results\s502_tx38\map502_tx38_ratio0_0100.png
s502_tx38,502,38,0.02,870,0.025419052129578575,4.743619833205588,2.003651950238477,2.3814987000005203,kriging_results\s502_tx38\map502_tx38_ratio0_0200.png
s502_tx43,502,43,0.005,218,0.034703411802156886,5.2679780362337745,2.926791938056424,1.1119065999992017,kriging_results\s502_tx43\map502_tx43_ratio0_0050.png
s502_tx43,502,43,0.01,435,0.037756632179030684,5.49483303383309,2.8006864927269723,1.5850251000010758,kriging_results\s502_tx43\map502_tx43_ratio0_0100.png
s502_tx43,502,43,0.02,870,0.02617811572715843,4.575378833109662,1.903348154220818,2.4396273999991536,kriging_results\s502_tx43\map502_tx43_ratio0_0200.png
s502_tx48,502,48,0.005,218,0.03796383315668109,5.4189284336781025,2.924015859324763,1.0555889000006573,kriging_results\s502_tx48\map502_tx48_ratio0_0050.png
s502_tx48,502,48,0.01,435,0.04124554598877204,5.648289161973819,2.8310517529150934,1.514102000001003,kriging_results\s502_tx48\map502_tx48_ratio0_0100.png
s502_tx48,502,48,0.02,870,0.02854414790032809,4.698799745904553,1.9095604194582352,2.2813908999996784,kriging_results\s502_tx48\map502_tx48_ratio0_0200.png
s502_tx52,502,52,0.005,218,0.033498501672765336,5.61249870398894,3.0870235851378616,1.0721940000003087,kriging_results\s502_tx52\map502_tx52_ratio0_0050.png
s502_tx52,502,52,0.01,435,0.03898293654726055,6.054535669684423,3.1001776397385834,1.5419605999995838,kriging_results\s502_tx52\map502_tx52_ratio0_0100.png
s502_tx52,502,52,0.02,870,0.02408078317148067,4.758596342712547,2.021363779697929,2.331879100000151,kriging_results\s502_tx52\map502_tx52_ratio0_0200.png
s502_tx55,502,55,0.005,218,0.0325215392267474,5.386679463600287,2.8257550592243788,1.1249711999989813,kriging_results\s502_tx55\map502_tx55_ratio0_0050.png
s502_tx55,502,55,0.01,435,0.03301672308651085,5.42753425686767,2.631058367044984,1.5471450999993976,kriging_results\s502_tx55\map502_tx55_ratio0_0100.png
s502_tx55,502,55,0.02,870,0.028136803263027414,5.010406507909237,1.9541273819357379,2.3405696999998327,kriging_results\s502_tx55\map502_tx55_ratio0_0200.png
s502_tx59,502,59,0.005,218,0.03337151833820114,5.655482243128468,3.01897699759738,1.0582668999995803,kriging_results\s502_tx59\map502_tx59_ratio0_0050.png
s502_tx59,502,59,0.01,435,0.038277493034831495,6.056941907929457,3.0320885636886246,1.5619489999990037,kriging_results\s502_tx59\map502_tx59_ratio0_0100.png
s502_tx59,502,59,0.02,870,0.02560101229102193,4.953477931243254,2.078186246523543,2.428957000000082,kriging_results\s502_tx59\map502_tx59_ratio0_0200.png
s502_tx60,502,60,0.005,218,0.03548847350106761,5.210603814451722,2.944484687276319,1.147885700000188,kriging_results\s502_tx60\map502_tx60_ratio0_0050.png
s502_tx60,502,60,0.01,435,0.03800900840747959,5.392469094574514,2.7589420091010934,1.6360585000002175,kriging_results\s502_tx60\map502_tx60_ratio0_0100.png
s502_tx60,502,60,0.02,870,0.02571280769590315,4.435260620014576,1.874580339799463,2.3284163999996963,kriging_results\s502_tx60\map502_tx60_ratio0_0200.png
s502_tx62,502,62,0.005,218,0.024763446692313496,5.461598490697616,3.0022555654604473,1.0996050000012474,kriging_results\s502_tx62\map502_tx62_ratio0_0050.png
s502_tx62,502,62,0.01,435,0.024058188059439628,5.383264000856722,2.7703577085697373,1.5147656999997707,kriging_results\s502_tx62\map502_tx62_ratio0_0100.png
s502_tx62,502,62,0.02,870,0.01901002893404455,4.785260780631844,2.0597124316580255,2.3730216000003566,kriging_results\s502_tx62\map502_tx62_ratio0_0200.png
s502_tx67,502,67,0.005,218,0.031021418417199787,5.666511413534744,3.06722438332952,1.1033923000013601,kriging_results\s502_tx67\map502_tx67_ratio0_0050.png
s502_tx67,502,67,0.01,435,0.0338198678741797,5.9165820817795325,2.9380121827687407,1.5526804000000993,kriging_results\s502_tx67\map502_tx67_ratio0_0100.png
s502_tx67,502,67,0.02,870,0.024787793902358458,5.065284919798459,2.077404294538558,2.390900899999906,kriging_results\s502_tx67\map502_tx67_ratio0_0200.png
s502_tx68,502,68,0.005,218,0.03943439683906217,5.404507462797717,3.048694816437627,1.01953820000017,kriging_results\s502_tx68\map502_tx68_ratio0_0050.png
s502_tx68,502,68,0.01,435,0.03464662685158462,5.065811235576859,2.646533128927187,1.5543775999994978,kriging_results\s502_tx68\map502_tx68_ratio0_0100.png
s502_tx68,502,68,0.02,870,0.024268340384762326,4.239733557233199,1.8442825969902588,2.478199400000449,kriging_results\s502_tx68\map502_tx68_ratio0_0200.png
s502_tx72,502,72,0.005,218,0.0316885387521343,5.587453638038911,2.9810709227884153,1.100584900001195,kriging_results\s502_tx72\map502_tx72_ratio0_0050.png
s502_tx72,502,72,0.01,435,0.031940205090971584,5.609597173272765,2.8162328807577786,1.5760576000011497,kriging_results\s502_tx72\map502_tx72_ratio0_0100.png
s502_tx72,502,72,0.02,870,0.02624243811697036,5.084695106652655,2.0838526424833765,2.463412099999914,kriging_results\s502_tx72\map502_tx72_ratio0_0200.png
s502_tx73,502,73,0.005,218,0.0413482613183126,5.534885639982982,2.8499652654251184,1.1142923999996128,kriging_results\s502_tx73\map502_tx73_ratio0_0050.png
s502_tx73,502,73,0.01,435,0.05891598204315401,6.60688265220421,2.9383785927949355,1.6745934999999008,kriging_results\s502_tx73\map502_tx73_ratio0_0100.png
s502_tx73,502,73,0.02,870,0.029676072589425374,4.689032440325219,1.7540602506310217,2.4070033999996667,kriging_results\s502_tx73\map502_tx73_ratio0_0200.png
s502_tx78,502,78,0.005,218,0.0326723249015844,5.632669442375197,3.1211684828092894,1.110466500000257,kriging_results\s502_tx78\map502_tx78_ratio0_0050.png
s502_tx78,502,78,0.01,435,0.03404733299639146,5.749972843586056,2.8927611539906257,1.5871129000006476,kriging_results\s502_tx78\map502_tx78_ratio0_0100.png
s502_tx78,502,78,0.02,870,0.025126086243310843,4.939541859120308,2.067052199147408,2.285745600000155,kriging_results\s502_tx78\map502_tx78_ratio0_0200.png
s510_tx02,510,2,0.005,256,0.03247626934560126,6.880951339537757,3.4128054741536733,1.3488323999990826,kriging_results\s510_tx02\map510_tx2_ratio0_0050.png
s510_tx02,510,2,0.01,511,0.020847398255271772,5.513042612718509,2.326287277333573,1.7885905999992247,kriging_results\s510_tx02\map510_tx2_ratio0_0100.png
s510_tx02,510,2,0.02,1021,0.020138054948643656,5.418438866515905,1.9770931101636295,2.856862100001308,kriging_results\s510_tx02\map510_tx2_ratio0_0200.png
s510_tx12,510,12,0.005,256,0.03718629936929577,6.307589124851543,2.899694025617016,1.371273900000233,kriging_results\s510_tx12\map510_tx12_ratio0_0050.png
s510_tx12,510,12,0.01,511,0.021725243612648316,4.821189924767829,1.8965655262856094,2.0276357000002463,kriging_results\s510_tx12\map510_tx12_ratio0_0100.png
s510_tx12,510,12,0.02,1021,0.02496191057856281,5.167860992599175,1.7859710670023319,3.140539899999567,kriging_results\s510_tx12\map510_tx12_ratio0_0200.png
s510_tx24,510,24,0.005,256,0.028821819695057416,6.733854452856551,3.3285231065396714,1.434298399999534,kriging_results\s510_tx24\map510_tx24_ratio0_0050.png
s510_tx24,510,24,0.01,511,0.01567459745880579,4.96593711122055,2.086480560248882,1.986584700000094,kriging_results\s510_tx24\map510_tx24_ratio0_0100.png
s510_tx24,510,24,0.02,1021,0.015947938321784098,5.009049120199987,1.8650875321173546,3.1111874999987776,kriging_results\s510_tx24\map510_tx24_ratio0_0200.png
s510_tx25,510,25,0.005,256,0.034150384815733646,5.997826273259885,2.7533439557546076,1.4027158999997482,kriging_results\s510_tx25\map510_tx25_ratio0_0050.png
s510_tx25,510,25,0.01,511,0.021786123400989888,4.790557558886901,1.8147376316172728,1.960864799999399,kriging_results\s510_tx25\map510_tx25_ratio0_0100.png
s510_tx25,510,25,0.02,1021,0.023551980207406304,4.980922600458531,1.7093024324339552,3.1544943999997486,kriging_results\s510_tx25\map510_tx25_ratio0_0200.png
s510_tx26,510,26,0.005,256,0.016416118134633853,5.672126100426791,2.7127865388586843,1.389176699998643,kriging_results\s510_tx26\map510_tx26_ratio0_0050.png
s510_tx26,510,26,0.01,511,0.012156996300742661,4.881168406931711,1.9289847940497526,2.100630099999762,kriging_results\s510_tx26\map510_tx26_ratio0_0100.png
s510_tx26,510,26,0.02,1021,0.012516259125510382,4.952767292312622,1.7243465733085912,3.0577298999996856,kriging_results\s510_tx26\map510_tx26_ratio0_0200.png
s510_tx27,510,27,0.005,256,0.018764306238411455,5.741123913382785,2.790045390759799,1.4264748000005056,kriging_results\s510_tx27\map510_tx27_ratio0_0050.png
s510_tx27,510,27,0.01,511,0.013611045530331909,4.889634701471074,1.9982181927684821,2.044427499999074,kriging_results\s510_tx27\map510_tx27_ratio0_0100.png
s510_tx27,510,27,0.02,1021,0.013006733477619265,4.779855689170455,1.6943284726545842,3.1021333999997296,kriging_results\s510_tx27\map510_tx27_ratio0_0200.png
s510_tx33,510,33,0.005,256,0.01901568647901649,5.767913496169417,2.8952765280973876,1.38122470000053,kriging_results\s510_tx33\map510_tx33_ratio0_0050.png
s510_tx33,510,33,0.01,511,0.01403242347736098,4.954833609792994,2.0414681607968883,1.99207910000041,kriging_results\s510_tx33\map510_tx33_ratio0_0100.png
s510_tx33,510,33,0.02,1021,0.014071509118738341,4.961729372662439,1.7750518898754315,3.0700316000002204,kriging_results\s510_tx33\map510_tx33_ratio0_0200.png
s510_tx36,510,36,0.005,256,0.020297790349353577,6.104249146684156,2.998484766972747,1.4754047000005812,kriging_results\s510_tx36\map510_tx36_ratio0_0050.png
s510_tx36,510,36,0.01,511,0.013651925691794752,5.006161133533338,1.9809046226559206,1.9816432000006898,kriging_results\s510_tx36\map510_tx36_ratio0_0100.png
s510_tx36,510,36,0.02,1021,0.013632797722724908,5.0026528453772166,1.8102811540576935,3.0528623000009247,kriging_results\s510_tx36\map510_tx36_ratio0_0200.png
s510_tx38,510,38,0.005,256,0.03201538755077551,6.673342870847945,3.3859381263038513,1.3591254999992088,kriging_results\s510_tx38\map510_tx38_ratio0_0050.png
s510_tx38,510,38,0.01,511,0.0216846485699574,5.492122942311963,2.317627256942503,1.96969209999952,kriging_results\s510_tx38\map510_tx38_ratio0_0100.png
s510_tx38,510,38,0.02,1021,0.02053579744413213,5.344656961285696,1.9900529805428702,3.01516459999948,kriging_results\s510_tx38\map510_tx38_ratio0_0200.png
s510_tx44,510,44,0.005,256,0.02091839537251011,6.136423549320542,3.0919879483856887,1.425397899998643,kriging_results\s510_tx44\map510_tx44_ratio0_0050.png
s510_tx44,510,44,0.01,511,0.013850787853510177,4.993308287004172,1.9877672533134232,1.9812571000002208,kriging_results\s510_tx44\map510_tx44_ratio0_0100.png
s510_tx44,510,44,0.02,1021,0.014906232026620825,5.180063439651653,1.8580463025426028,2.9569974999994884,kriging_results\s510_tx44\map510_tx44_ratio0_0200.png
s510_tx45,510,45,0.005,256,0.020687547509853604,6.031807913233062,3.047876709494178,1.3470278000004328,kriging_results\s510_tx45\map510_tx45_ratio0_0050.png
s510_tx45,510,45,0.01,511,0.01483749390025245,5.108263289353669,2.198289589911628,2.0278529999995953,kriging_results\s510_tx45\map510_tx45_ratio0_0100.png
s510_tx45,510,45,0.02,1021,0.014744776724935876,5.092277978066245,1.878403501741363,3.1145717999988847,kriging_results\s510_tx45\map510_tx45_ratio0_0200.png
s510_tx51,510,51,0.005,256,0.016630275095182397,5.76159790260385,2.848876256932652,1.3844313000008697,kriging_results\s510_tx51\map510_tx51_ratio0_0050.png
s510_tx51,510,51,0.01,511,0.01104476969822224,4.695388842006144,1.9022653848300948,1.9729222999994818,kriging_results\s510_tx51\map510_tx51_ratio0_0100.png
s510_tx51,510,51,0.02,1021,0.011956070550422176,4.885257514990008,1.7798262362358435,3.009414399999514,kriging_results\s510_tx51\map510_tx51_ratio0_0200.png
s510_tx54,510,54,0.005,256,0.017046844445935006,5.69211169911305,2.7803020724866547,1.3567889999994804,kriging_results\s510_tx54\map510_tx54_ratio0_0050.png
s510_tx54,510,54,0.01,511,0.011833189220360611,4.742445174475995,1.8835153045301265,1.9226833000011538,kriging_results\s510_tx54\map510_tx54_ratio0_0100.png
s510_tx54,510,54,0.02,1021,0.013356538087698305,5.038466493236341,1.736446546809841,3.076470200001495,kriging_results\s510_tx54\map510_tx54_ratio0_0200.png
s510_tx55,510,55,0.005,256,0.02121559316192164,6.148461211395231,3.0680016655673428,1.4181586999984575,kriging_results\s510_tx55\map510_tx55_ratio0_0050.png
s510_tx55,510,55,0.01,511,0.014394941094785044,5.064584132263847,2.06037671520852,2.077073599999494,kriging_results\s510_tx55\map510_tx55_ratio0_0100.png
s510_tx55,510,55,0.02,1021,0.014489705729715613,5.081227348656819,1.8822830120613376,3.076977099999567,kriging_results\s510_tx55\map510_tx55_ratio0_0200.png
s510_tx67,510,67,0.005,256,0.01818875905731898,5.749596019049971,2.8433242204876388,1.424558700000489,kriging_results\s510_tx67\map510_tx67_ratio0_0050.png
s510_tx67,510,67,0.01,511,0.013754655010680981,4.999892291523848,2.0832383224746396,2.03086919999987,kriging_results\s510_tx67\map510_tx67_ratio0_0100.png
s510_tx67,510,67,0.02,1021,0.01333278564800039,4.922619246919622,1.7766408096420583,3.0875928999994358,kriging_results\s510_tx67\map510_tx67_ratio0_0200.png
s510_tx69,510,69,0.005,256,0.016851700589066026,5.737346162085382,2.8811683576998304,1.389160400000037,kriging_results\s510_tx69\map510_tx69_ratio0_0050.png
s510_tx69,510,69,0.01,511,0.011508474444163294,4.7413068574364035,1.9943981970213407,1.9516361000005418,kriging_results\s510_tx69\map510_tx69_ratio0_0100.png
s510_tx69,510,69,0.02,1021,0.011938478582317842,4.829071948200063,1.8034706717074878,3.000577199998588,kriging_results\s510_tx69\map510_tx69_ratio0_0200.png
s510_tx70,510,70,0.005,256,0.043961592649809395,6.451705093992627,2.9131336031902126,1.3154032999991614,kriging_results\s510_tx70\map510_tx70_ratio0_0050.png
s510_tx70,510,70,0.01,511,0.02072163309083268,4.429449809602898,1.875507169244598,1.9855953000005684,kriging_results\s510_tx70\map510_tx70_ratio0_0100.png
s510_tx70,510,70,0.02,1021,0.02093375533868688,4.452063612611391,1.633978591068675,3.1318300000002637,kriging_results\s510_tx70\map510_tx70_ratio0_0200.png
s510_tx72,510,72,0.005,256,0.01895268002994781,6.044473489199318,2.893135884570952,1.391968599999018,kriging_results\s510_tx72\map510_tx72_ratio0_0050.png
s510_tx72,510,72,0.01,511,0.012727475233967047,4.953296085360245,2.05961393955656,1.999680900000385,kriging_results\s510_tx72\map510_tx72_ratio0_0100.png
s510_tx72,510,72,0.02,1021,0.012946846452464463,4.995801366149989,1.8324097446785559,3.0778196999999636,kriging_results\s510_tx72\map510_tx72_ratio0_0200.png
s510_tx78,510,78,0.005,256,0.020617558434729347,6.144159164448807,2.989181746081237,1.431370499998593,kriging_results\s510_tx78\map510_tx78_ratio0_0050.png
s510_tx78,510,78,0.01,511,0.013607198933633267,4.9914669500450755,2.0217757443625164,2.0783146000012493,kriging_results\s510_tx78\map510_tx78_ratio0_0100.png
s510_tx78,510,78,0.02,1021,0.013860319898624289,5.0376787240263905,1.8297239122360456,3.0897650999995676,kriging_results\s510_tx78\map510_tx78_ratio0_0200.png
s510_tx79,510,79,0.005,256,0.018575106684445643,5.238635331133251,2.603312178418373,1.393009900000834,kriging_results\s510_tx79\map510_tx79_ratio0_0050.png
s510_tx79,510,79,0.01,511,0.015707378395717626,4.8173073885769,1.9335235695030955,2.0306125999995857,kriging_results\s510_tx79\map510_tx79_ratio0_0100.png
s510_tx79,510,79,0.02,1021,0.014422189010370498,4.61602442864686,1.6982736455511147,3.165966299999127,kriging_results\s510_tx79\map510_tx79_ratio0_0200.png
s519_tx00,519,0,0.005,238,0.023417145078984354,5.537944601250913,3.1928636204547893,1.30377050000061,kriging_results\s519_tx00\map519_tx0_ratio0_0050.png
s519_tx00,519,0,0.01,475,0.019445519126915736,5.0465130714607005,2.6388635845989366,1.790352800000619,kriging_results\s519_tx00\map519_tx0_ratio0_0100.png
s519_tx00,519,0,0.02,949,0.014219400187430759,4.315412052056498,1.839388278252378,2.71613459999935,kriging_results\s519_tx00\map519_tx0_ratio0_0200.png
s519_tx02,519,2,0.005,238,0.03836220145581788,6.215104195400754,3.339731945873134,1.1886104000004707,kriging_results\s519_tx02\map519_tx2_ratio0_0050.png
s519_tx02,519,2,0.01,475,0.02236085345585186,4.745050444874785,2.346925459282438,1.8029076000002533,kriging_results\s519_tx02\map519_tx2_ratio0_0100.png
s519_tx02,519,2,0.02,949,0.017149228356744248,4.155458376126275,1.716080966502005,2.7927338000008604,kriging_results\s519_tx02\map519_tx2_ratio0_0200.png
s519_tx11,519,11,0.005,238,0.02879052172421829,6.124923172963917,3.386258662057518,1.228298600000926,kriging_results\s519_tx11\map519_tx11_ratio0_0050.png
s519_tx11,519,11,0.01,475,0.020425697650562513,5.158985863430364,2.5863863103298064,1.834512999999788,kriging_results\s519_tx11\map519_tx11_ratio0_0100.png
s519_tx11,519,11,0.02,949,0.015116286294753985,4.438113788857187,1.8905418112925263,2.771213900001385,kriging_results\s519_tx11\map519_tx11_ratio0_0200.png
s519_tx19,519,19,0.005,238,0.022575803857924293,5.314823884706731,3.0000292308047554,1.2224355999987893,kriging_results\s519_tx19\map519_tx19_ratio0_0050.png
s519_tx19,519,19,0.01,475,0.018445527448757403,4.804108494653311,2.355952786957748,1.7918116000000737,kriging_results\s519_tx19\map519_tx19_ratio0_0100.png
s519_tx19,519,19,0.02,949,0.014761701656536274,4.297693826388555,1.750597010059321,2.8362125999992713,kriging_results\s519_tx19\map519_tx19_ratio0_0200.png
s519_tx21,519,21,0.005,238,0.03843950908132872,6.154742629495309,3.3990109139572615,1.226407800000743,kriging_results\s519_tx21\map519_tx21_ratio0_0050.png
s519_tx21,519,21,0.01,475,0.024925380933160726,4.956120747778135,2.3753110105163744,1.800920400000905,kriging_results\s519_tx21\map519_tx21_ratio0_0100.png
s519_tx21,519,21,0.02,949,0.01991153930547511,4.42969058869904,1.7885801632374305,2.741709100000662,kriging_results\s519_tx21\map519_tx21_ratio0_0200.png
s519_tx23,519,23,0.005,238,0.023921256524002676,5.57753326145921,3.228224315183461,1.1850647999999637,kriging_results\s519_tx23\map519_tx23_ratio0_0050.png
s519_tx23,519,23,0.01,475,0.01794159258752133,4.830373043580337,2.4285480737681127,1.8129549000004772,kriging_results\s519_tx23\map519_tx23_ratio0_0100.png
s519_tx23,519,23,0.02,949,0.014772481284705954,4.383054725370773,1.8031121638402094,2.744902300000831,kriging_results\s519_tx23\map519_tx23_ratio0_0200.png
s519_tx31,519,31,0.005,238,0.02574177496878863,5.627511348449443,3.1390591281259312,1.2182608999992226,kriging_results\s519_tx31\map519_tx31_ratio0_0050.png
s519_tx31,519,31,0.01,475,0.019430371987767828,4.889198794631883,2.3955484818445663,1.7727211999990686,kriging_results\s519_tx31\map519_tx31_ratio0_0100.png
s519_tx31,519,31,0.02,949,0.014990396508632235,4.2944118720823194,1.7432054688908434,2.7147378000008757,kriging_results\s519_tx31\map519_tx31_ratio0_0200.png
s519_tx32,519,32,0.005,238,0.0394681740079975,6.055655918008999,3.2480219329033853,1.2417973999999958,kriging_results\s519_tx32\map519_tx32_ratio0_0050.png
s519_tx32,519,32,0.01,475,0.023512347322341146,4.673967235893549,2.376871130050012,1.7298952000001009,kriging_results\s519_tx32\map519_tx32_ratio0_0100.png
s519_tx32,519,32,0.02,949,0.01588341028143167,3.8415770555489206,1.6744632673876079,2.252697399999306,kriging_results\s519_tx32\map519_tx32_ratio0_0200.png
s519_tx35,519,35,0.005,238,0.0266462830498722,5.939548947091314,3.422017893961882,1.1461120000003575,kriging_results\s519_tx35\map519_tx35_ratio0_0050.png
s519_tx35,519,35,0.01,475,0.017853248140441008,4.861762806087145,2.4939383099810293,1.588827499999752,kriging_results\s519_tx35\map519_tx35_ratio0_0100.png
s519_tx35,519,35,0.02,949,0.014125364782596603,4.324490778292833,1.867497874532338,2.3019640000002255,kriging_results\s519_tx35\map519_tx35_ratio0_0200.png
s519_tx36,519,36,0.005,238,0.03568588041613678,6.0288287544596475,3.258031574936346,1.1375621999995928,kriging_results\s519_tx36\map519_tx36_ratio0_0050.png
s519_tx36,519,36,0.01,475,0.02261960689105377,4.799845644007559,2.3512343826073474,1.603577599998971,kriging_results\s519_tx36\map519_tx36_ratio0_0100.png
s519_tx36,519,36,0.02,949,0.019378558961423743,4.442684531809512,1.8125449155679438,2.436771899998348,kriging_results\s519_tx36\map519_tx36_ratio0_0200.png
s519_tx40,519,40,0.005,238,0.02385092315383817,5.526569376389837,2.92636764659293,1.1811383000003843,kriging_results\s519_tx40\map519_tx40_ratio0_0050.png
s519_tx40,519,40,0.01,475,0.01852032771740847,4.869982131724868,2.279881013141521,1.6195931999991444,kriging_results\s519_tx40\map519_tx40_ratio0_0100.png
s519_tx40,519,40,0.02,949,0.01654847353288629,4.603434866644733,1.7440695998090792,2.283119699999588,kriging_results\s519_tx40\map519_tx40_ratio0_0200.png
s519_tx43,519,43,0.005,238,0.03783150504898993,5.629196110869496,3.03783581360413,1.1873329999998532,kriging_results\s519_tx43\map519_tx43_ratio0_0050.png
s519_tx43,519,43,0.01,475,0.02708714065523608,4.763225566110386,2.2179976584033336,1.6236028000002989,kriging_results\s519_tx43\map519_tx43_ratio0_0100.png
s519_tx43,519,43,0.02,949,0.02133150055555016,4.2269807540620015,1.7273522610177463,2.5740734999999404,kriging_results\s519_tx43\map519_tx43_ratio0_0200.png
s519_tx48,519,48,0.005,238,0.037483683370644005,6.318047163424264,3.5440665654635826,1.2554336000011972,kriging_results\s519_tx48\map519_tx48_ratio0_0050.png
s519_tx48,519,48,0.01,475,0.02521912463528187,5.182349918473626,2.4927825650939703,1.7852628999989975,kriging_results\s519_tx48\map519_tx48_ratio0_0100.png
s519_tx48,519,48,0.02,949,0.020577621943090926,4.681222899827865,1.9114625383593642,2.7709940999993705,kriging_results\s519_tx48\map519_tx48_ratio0_0200.png
s519_tx52,519,52,0.005,238,0.02479954995696511,5.679274719244158,3.2112371920282063,1.2183569999997417,kriging_results\s519_tx52\map519_tx52_ratio0_0050.png
s519_tx52,519,52,0.01,475,0.019174174124622415,4.993778946476644,2.453653811714449,1.8045185000009951,kriging_results\s519_tx52\map519_tx52_ratio0_0100.png
s519_tx52,519,52,0.02,949,0.015357513179364866,4.469216835359282,1.7866995396129584,2.7506465000005846,kriging_results\s519_tx52\map519_tx52_ratio0_0200.png
s519_tx55,519,55,0.005,238,0.0213790764581674,5.518419051210029,3.18820021681494,1.2291631999996753,kriging_results\s519_tx55\map519_tx55_ratio0_0050.png
s519_tx55,519,55,0.01,475,0.01705767650824828,4.9292420915802335,2.5429502934278427,1.7760452999991685,kriging_results\s519_tx55\map519_tx55_ratio0_0100.png
s519_tx55,519,55,0.02,949,0.013893806087028452,4.448676516118386,1.8584330176836417,2.679295699999784,kriging_results\s519_tx55\map519_tx55_ratio0_0200.png
s519_tx59,519,59,0.005,238,0.02809548349087225,5.020419451289018,2.8384032628936984,1.2797427999994397,kriging_results\s519_tx59\map519_tx59_ratio0_0050.png
s519_tx59,519,59,0.01,475,0.02311103425792094,4.553354295354626,2.294452806196909,1.813744000000952,kriging_results\s519_tx59\map519_tx59_ratio0_0100.png
s519_tx59,519,59,0.02,949,0.01882880125817192,4.109917428745864,1.604886142919239,2.7905181999994966,kriging_results\s519_tx59\map519_tx59_ratio0_0200.png
s519_tx65,519,65,0.005,238,0.025503155185013938,5.100074847261118,2.7621696689580526,1.2855163000003813,kriging_results\s519_tx65\map519_tx65_ratio0_0050.png
s519_tx65,519,65,0.01,475,0.02203885460410783,4.741045281050875,2.309061185231746,1.7988585000002786,kriging_results\s519_tx65\map519_tx65_ratio0_0100.png
s519_tx65,519,65,0.02,949,0.019076361281766464,4.410901523444155,1.6706227660996347,2.7834671000000526,kriging_results\s519_tx65\map519_tx65_ratio0_0200.png
s519_tx71,519,71,0.005,238,0.03416446338153539,5.768366298796139,2.945114044657429,1.235120299999835,kriging_results\s519_tx71\map519_tx71_ratio0_0050.png
s519_tx71,519,71,0.01,475,0.025203606017420402,4.954466194054911,2.26480554808682,1.7671669999999722,kriging_results\s519_tx71\map519_tx71_ratio0_0100.png
s519_tx71,519,71,0.02,949,0.020200458144831394,4.43553626630045,1.7771865283734571,2.7228586000001087,kriging_results\s519_tx71\map519_tx71_ratio0_0200.png
s519_tx73,519,73,0.005,238,0.03591178445144758,6.246875168176129,3.345567489978385,1.2201349999995728,kriging_results\s519_tx73\map519_tx73_ratio0_0050.png
s519_tx73,519,73,0.01,475,0.023902962178205166,5.096478439550545,2.3547646918543537,1.809708499999033,kriging_results\s519_tx73\map519_tx73_ratio0_0100.png
s519_tx73,519,73,0.02,949,0.019517565156545073,4.605291768660428,1.8129641381566095,2.8844231000002765,kriging_results\s519_tx73\map519_tx73_ratio0_0200.png
s519_tx74,519,74,0.005,238,0.02295065114969849,5.524129363821495,3.0408683335432336,1.2427506000003632,kriging_results\s519_tx74\map519_tx74_ratio0_0050.png
s519_tx74,519,74,0.01,475,0.018078613695793288,4.902853278499822,2.407304324905417,1.8233831000015925,kriging_results\s519_tx74\map519_tx74_ratio0_0100.png
s519_tx74,519,74,0.02,949,0.01625827302761607,4.649471011548207,1.8087890238131168,2.696299799999906,kriging_results\s519_tx74\map519_tx74_ratio0_0200.png
s528_tx00,528,0,0.005,252,0.01982717346580067,5.313630378852793,2.409639952923687,1.3077047000006132,kriging_results\s528_tx00\map528_tx0_ratio0_0050.png
s528_tx00,528,0,0.01,503,0.014676876120032878,4.571700354232713,1.7720500915768944,1.8654249000010168,kriging_results\s528_tx00\map528_tx0_ratio0_0100.png
s528_tx00,528,0,0.02,1006,0.010437738683485706,3.8553529979708356,1.2716876828165191,2.8096205000001646,kriging_results\s528_tx00\map528_tx0_ratio0_0200.png
s528_tx04,528,4,0.005,252,0.016319929336189917,4.647896544586207,2.1273751379783277,1.3917711000012787,kriging_results\s528_tx04\map528_tx4_ratio0_0050.png
s528_tx04,528,4,0.01,503,0.011796795531419232,3.9516579685752986,1.6257393478652455,2.0822682000016357,kriging_results\s528_tx04\map528_tx4_ratio0_0100.png
s528_tx04,528,4,0.02,1006,0.009626236671193023,3.5696496572011926,1.1921172012748869,3.0377183000000514,kriging_results\s528_tx04\map528_tx4_ratio0_0200.png
s528_tx05,528,5,0.005,252,0.016678268724807013,5.487381755948931,2.342482169546658,1.3668089999991935,kriging_results\s528_tx05\map528_tx5_ratio0_0050.png
s528_tx05,528,5,0.01,503,0.014212745738446686,5.065574193449996,1.8521729236481603,1.989622799999779,kriging_results\s528_tx05\map528_tx5_ratio0_0100.png
s528_tx05,528,5,0.02,1006,0.009957318517691842,4.239951501351189,1.343104819833368,3.047667900000306,kriging_results\s528_tx05\map528_tx5_ratio0_0200.png
s528_tx08,528,8,0.005,252,0.03296674137627513,5.879974745115649,2.5065663145181896,1.3199039000010089,kriging_results\s528_tx08\map528_tx8_ratio0_0050.png
s528_tx08,528,8,0.01,503,0.03011779219206979,5.620164383480836,2.0716897965501913,2.0883979000009276,kriging_results\s528_tx08\map528_tx8_ratio0_0100.png
s528_tx08,528,8,0.02,1006,0.01990109102549141,4.568523781853083,1.4766407490601803,3.0508767000010266,kriging_results\s528_tx08\map528_tx8_ratio0_0200.png
s528_tx12,528,12,0.005,252,0.016121588517290283,5.559259484476247,2.408988797235211,1.382397299999866,kriging_results\s528_tx12\map528_tx12_ratio0_0050.png
s528_tx12,528,12,0.01,503,0.013794210878838125,5.142347911760405,1.8901642953849425,2.0458374000008916,kriging_results\s528_tx12\map528_tx12_ratio0_0100.png
s528_tx12,528,12,0.02,1006,0.009530327952373878,4.274319205467574,1.339287435973122,3.1726686999991216,kriging_results\s528_tx12\map528_tx12_ratio0_0200.png
s528_tx13,528,13,0.005,252,0.013390476053876665,5.132983130978401,2.286557351815144,1.3925334999985353,kriging_results\s528_tx13\map528_tx13_ratio0_0050.png
s528_tx13,528,13,0.01,503,0.010768478726903013,4.603085025415412,1.5969004081768718,1.9935305999988486,kriging_results\s528_tx13\map528_tx13_ratio0_0100.png
s528_tx13,528,13,0.02,1006,0.008206339442165457,4.018338840297814,1.213290954611697,3.127999300000738,kriging_results\s528_tx13\map528_tx13_ratio0_0200.png
s528_tx15,528,15,0.005,252,0.024464897868103505,5.512836436650891,2.6005587161335435,1.3510611000001518,kriging_results\s528_tx15\map528_tx15_ratio0_0050.png
s528_tx15,528,15,0.01,503,0.01940943176930219,4.910320328123837,1.9435544934302265,1.929630399999951,kriging_results\s528_tx15\map528_tx15_ratio0_0100.png
s528_tx15,528,15,0.02,1006,0.016563194037408916,4.5360251916459005,1.5100743675797237,2.9875738000009733,kriging_results\s528_tx15\map528_tx15_ratio0_0200.png
s528_tx17,528,17,0.005,252,0.014406093545410852,5.223455518027119,2.353753293243257,1.2919395999997505,kriging_results\s528_tx17\map528_tx17_ratio0_0050.png
s528_tx17,528,17,0.01,503,0.011267462700319758,4.619530671630916,1.7328983769978223,1.9828808999991452,kriging_results\s528_tx17\map528_tx17_ratio0_0100.png
s528_tx17,528,17,0.02,1006,0.00824949778434847,3.952742603217883,1.245847280780532,3.050838900000599,kriging_results\s528_tx17\map528_tx17_ratio0_0200.png
s528_tx27,528,27,0.005,252,0.016485659554099107,5.692200897553929,2.462589879679314,1.3539347999994789,kriging_results\s528_tx27\map528_tx27_ratio0_0050.png
s528_tx27,528,27,0.01,503,0.01310166384444453,5.074465184124117,1.8067603896336841,2.0448417000006884,kriging_results\s528_tx27\map528_tx27_ratio0_0100.png
s528_tx27,528,27,0.02,1006,0.009323936960552623,4.280817517580927,1.3025137019755435,3.1309314999998605,kriging_results\s528_tx27\map528_tx27_ratio0_0200.png
s528_tx29,528,29,0.005,252,0.017185507282285236,5.43067818280426,2.385857428037641,1.3545137000000977,kriging_results\s528_tx29\map528_tx29_ratio0_0050.png
s528_tx29,528,29,0.01,503,0.015306225364033112,5.125154295666171,1.9340758950150732,1.9716321999985666,kriging_results\s528_tx29\map528_tx29_ratio0_0100.png
s528_tx29,528,29,0.02,1006,0.010831422137111765,4.311373356584507,1.3781689898872371,3.117531100000633,kriging_results\s528_tx29\map528_tx29_ratio0_0200.png
s528_tx31,528,31,0.005,252,0.01767155686527392,5.4281615086744885,2.4679521108388336,1.3336297000005288,kriging_results\s528_tx31\map528_tx31_ratio0_0050.png
s528_tx31,528,31,0.01,503,0.015203465547935254,5.034851386975206,1.9452084975409265,1.9954718999997567,kriging_results\s528_tx31\map528_tx31_ratio0_0100.png
s528_tx31,528,31,0.02,1006,0.011116146722555701,4.305191674918265,1.4061629677194452,3.019219499999963,kriging_results\s528_tx31\map528_tx31_ratio0_0200.png
s528_tx34,528,34,0.005,252,0.015407106120531559,5.465013279096957,2.4009740391376657,1.3427341000005981,kriging_results\s528_tx34\map528_tx34_ratio0_0050.png
s528_tx34,528,34,0.01,503,0.012782453680251658,4.977804060778746,1.8123296506579447,2.0118829000002734,kriging_results\s528_tx34\map528_tx34_ratio0_0100.png
s528_tx34,528,34,0.02,1006,0.009135829787733184,4.208280510609934,1.311468359199202,3.082835699999123,kriging_results\s528_tx34\map528_tx34_ratio0_0200.png
s528_tx41,528,41,0.005,252,0.016716229215381302,5.55112464171123,2.359880687129426,1.3656759000004968,kriging_results\s528_tx41\map528_tx41_ratio0_0050.png
s528_tx41,528,41,0.01,503,0.014520640459031751,5.173741209236058,1.8240716658116023,1.9939202000005025,kriging_results\s528_tx41\map528_tx41_ratio0_0100.png
s528_tx41,528,41,0.02,1006,0.010236966051875535,4.344076367281112,1.3337050101344121,3.115920599999299,kriging_results\s528_tx41\map528_tx41_ratio0_0200.png
s528_tx47,528,47,0.005,252,0.017355308851024903,5.55124803082565,2.3882858972638785,1.3368467000000237,kriging_results\s528_tx47\map528_tx47_ratio0_0050.png
s528_tx47,528,47,0.01,503,0.014454530972763937,5.0661315288253315,1.8839410923717343,1.9421385000005102,kriging_results\s528_tx47\map528_tx47_ratio0_0100.png
s528_tx47,528,47,0.02,1006,0.009929451591228954,4.198915104360145,1.327539829703889,3.144609999999375,kriging_results\s528_tx47\map528_tx47_ratio0_0200.png
s528_tx54,528,54,0.005,252,0.013701505244346528,5.181510382752993,2.3140581321553166,1.3562084000004688,kriging_results\s528_tx54\map528_tx54_ratio0_0050.png
s528_tx54,528,54,0.01,503,0.011276028536555821,4.700567720121635,1.7216080108309315,2.059131100000741,kriging_results\s528_tx54\map528_tx54_ratio0_0100.png
s528_tx54,528,54,0.02,1006,0.008339766261038013,4.042491924159538,1.2639128201814964,3.1097589999990305,kriging_results\s528_tx54\map528_tx54_ratio0_0200.png
s528_tx56,528,56,0.005,252,0.01833886516945772,5.6624394572084125,2.4435075345546906,1.3720097999994323,kriging_results\s528_tx56\map528_tx56_ratio0_0050.png
s528_tx56,528,56,0.01,503,0.016423460046454796,5.3585794102682645,1.9570512034625418,1.993628099999114,kriging_results\s528_tx56\map528_tx56_ratio0_0100.png
s528_tx56,528,56,0.02,1006,0.011333722023120532,4.451471721362135,1.3828786577909127,3.059760099999039,kriging_results\s528_tx56\map528_tx56_ratio0_0200.png
s528_tx59,528,59,0.005,252,0.015236248779747948,4.481647971565444,1.973735498143758,1.3697432999997545,kriging_results\s528_tx59\map528_tx59_ratio0_0050.png
s528_tx59,528,59,0.01,503,0.011319538705403838,3.862896614123318,1.597271343987949,2.105866600000809,kriging_results\s528_tx59\map528_tx59_ratio0_0100.png
s528_tx59,528,59,0.02,1006,0.009317959160838359,3.504766758395278,1.1718569098379585,3.1132366999991063,kriging_results\s528_tx59\map528_tx59_ratio0_0200.png
s528_tx70,528,70,0.005,252,0.01730302663176276,4.794923401857547,2.4088082373767064,1.341306700000132,kriging_results\s528_tx70\map528_tx70_ratio0_0050.png
s528_tx70,528,70,0.01,503,0.01361581414047745,4.253460815458712,1.7999096345088628,1.9982491999999183,kriging_results\s528_tx70\map528_tx70_ratio0_0100.png
s528_tx70,528,70,0.02,1006,0.011174415463761554,3.8533018954675535,1.3482755067973395,3.110743499999444,kriging_results\s528_tx70\map528_tx70_ratio0_0200.png
s528_tx71,528,71,0.005,252,0.018682062556638554,4.9945513896974365,2.2823050742555027,1.3430607999998756,kriging_results\s528_tx71\map528_tx71_ratio0_0050.png
s528_tx71,528,71,0.01,503,0.013890346198455097,4.306660194554891,1.623537457679556,2.0396025000009104,kriging_results\s528_tx71\map528_tx71_ratio0_0100.png
s528_tx71,528,71,0.02,1006,0.012715198776370139,4.120459482439201,1.2710607324304706,3.0635989000002155,kriging_results\s528_tx71\map528_tx71_ratio0_0200.png
s528_tx79,528,79,0.005,252,0.023336422403192364,5.663860789888528,2.6640060727109183,1.3860715000009804,kriging_results\s528_tx79\map528_tx79_ratio0_0050.png
s528_tx79,528,79,0.01,503,0.017697056080173176,4.932259747857417,1.954984190403648,1.989136199999848,kriging_results\s528_tx79\map528_tx79_ratio0_0100.png
s528_tx79,528,79,0.02,1006,0.015500389373391302,4.616009931631142,1.536881034489432,3.111894100000427,kriging_results\s528_tx79\map528_tx79_ratio0_0200.png
s536_tx01,536,1,0.005,255,0.014733700673328066,5.262270576305157,2.332630769691252,1.4285687999999936,kriging_results\s536_tx01\map536_tx1_ratio0_0050.png
s536_tx01,536,1,0.01,509,0.010946477645261235,4.535805828936481,1.7059365801586877,2.058405700001458,kriging_results\s536_tx01\map536_tx1_ratio0_0100.png
s536_tx01,536,1,0.02,1018,0.01004086789523108,4.3441307119478605,1.427743913130654,3.0752776999997877,kriging_results\s536_tx01\map536_tx1_ratio0_0200.png
s536_tx05,536,5,0.005,255,0.0156622618799144,5.804009228068579,2.560244985394858,1.4600305999992997,kriging_results\s536_tx05\map536_tx5_ratio0_0050.png
s536_tx05,536,5,0.01,509,0.011691919187623245,5.014686148246004,1.9602696573054836,2.1205895000002783,kriging_results\s536_tx05\map536_tx5_ratio0_0100.png
s536_tx05,536,5,0.02,1018,0.010548924627399753,4.763267250492947,1.705258219090644,3.068439300001046,kriging_results\s536_tx05\map536_tx5_ratio0_0200.png
s536_tx18,536,18,0.005,255,0.015670419745692592,5.760098473224126,2.5099875938361977,1.468541499998537,kriging_results\s536_tx18\map536_tx18_ratio0_0050.png
s536_tx18,536,18,0.01,509,0.011387720255857338,4.910299579236378,1.871377545386694,2.141916600001423,kriging_results\s536_tx18\map536_tx18_ratio0_0100.png
s536_tx18,536,18,0.02,1018,0.010261966232234992,4.661276723796385,1.6204213338387345,3.20220849999896,kriging_results\s536_tx18\map536_tx18_ratio0_0200.png
s536_tx25,536,25,0.005,255,0.015077609142295535,5.606495442253964,2.4468470680430765,1.3918525999997655,kriging_results\s536_tx25\map536_tx25_ratio0_0050.png
s536_tx25,536,25,0.01,509,0.010482727302648537,4.674792989671945,1.790101063649227,2.1215202000003046,kriging_results\s536_tx25\map536_tx25_ratio0_0100.png
s536_tx25,536,25,0.02,1018,0.009805729452589656,4.5213194168465,1.5859337086275649,3.1676148000005924,kriging_results\s536_tx25\map536_tx25_ratio0_0200.png
s536_tx28,536,28,0.005,255,0.015375219613703124,5.49227154690931,2.505641730182365,1.4096427999993466,kriging_results\s536_tx28\map536_tx28_ratio0_0050.png
s536_tx28,536,28,0.01,509,0.011446764768878917,4.738956457295523,1.8224927339988268,2.0696962000001804,kriging_results\s536_tx28\map536_tx28_ratio0_0100.png
s536_tx28,536,28,0.02,1018,0.009894359849434032,4.405905586254294,1.4886457573998855,3.1023470999989513,kriging_results\s536_tx28\map536_tx28_ratio0_0200.png
s536_tx29,536,29,0.005,255,0.015024810637060898,5.2931391577699465,2.3606991980225507,1.420434399999067,kriging_results\s536_tx29\map536_tx29_ratio0_0050.png
s536_tx29,536,29,0.01,509,0.011138858581871537,4.557525929035307,1.7274343890610178,2.1231692000001203,kriging_results\s536_tx29\map536_tx29_ratio0_0100.png
s536_tx29,536,29,0.02,1018,0.009730909380393634,4.259763821205713,1.4321683975128827,3.1278251000003365,kriging_results\s536_tx29\map536_tx29_ratio0_0200.png
s536_tx30,536,30,0.005,255,0.012674074274557478,5.007992295895263,2.106966667909538,1.4254049999999552,kriging_results\s536_tx30\map536_tx30_ratio0_0050.png
s536_tx30,536,30,0.01,509,0.010189896540877144,4.490455684996927,1.5759035634007326,2.059688200000892,kriging_results\s536_tx30\map536_tx30_ratio0_0100.png
s536_tx30,536,30,0.02,1018,0.010255614959557218,4.504912769965248,1.4647600303586752,3.1937920000000304,kriging_results\s536_tx30\map536_tx30_ratio0_0200.png
s536_tx31,536,31,0.005,255,0.013670395431004661,5.2539992352348,2.1750114203469697,1.386800599999333,kriging_results\s536_tx31\map536_tx31_ratio0_0050.png
s536_tx31,536,31,0.01,509,0.010397634576013145,4.58212289489398,1.6326847804285725,2.088597400001163,kriging_results\s536_tx31\map536_tx31_ratio0_0100.png
s536_tx31,536,31,0.02,1018,0.010331207589953113,4.567462688701795,1.521925807090612,3.159052700000757,kriging_results\s536_tx31\map536_tx31_ratio0_0200.png
s536_tx45,536,45,0.005,255,0.02177048181043236,4.895041937295701,2.2894129270022554,1.4292314000012993,kriging_results\s536_tx45\map536_tx45_ratio0_0050.png
s536_tx45,536,45,0.01,509,0.01663842528203657,4.279356945020861,1.6860083611948107,2.0885698000001867,kriging_results\s536_tx45\map536_tx45_ratio0_0100.png
s536_tx45,536,45,0.02,1018,0.013647263282505486,3.875655653984997,1.32463822210027,3.150165899998683,kriging_results\s536_tx45\map536_tx45_ratio0_0200.png
s536_tx48,536,48,0.005,255,0.01586045376746127,5.498186757575792,2.5496479623394546,1.4162123000005522,kriging_results\s536_tx48\map536_tx48_ratio0_0050.png
s536_tx48,536,48,0.01,509,0.011033077290850547,4.585746211185532,1.7238415806821719,2.1111211000006733,kriging_results\s536_tx48\map536_tx48_ratio0_0100.png
s536_tx48,536,48,0.02,1018,0.009955803418546934,4.356120068094835,1.462656000755812,3.125353899999027,kriging_results\s536_tx48\map536_tx48_ratio0_0200.png
s536_tx54,536,54,0.005,255,0.01607243882002948,5.7446568222670065,2.6460531339852946,1.4156292000006943,kriging_results\s536_tx54\map536_tx54_ratio0_0050.png
s536_tx54,536,54,0.01,509,0.011415288466580829,4.841351887028079,1.8812497680116866,2.1593076000008296,kriging_results\s536_tx54\map536_tx54_ratio0_0100.png
s536_tx54,536,54,0.02,1018,0.010041239273242786,4.540637798927161,1.557755105197283,3.1562362000004214,kriging_results\s536_tx54\map536_tx54_ratio0_0200.png
s536_tx56,536,56,0.005,255,0.014692379705509795,5.409289885964064,2.400038701308626,1.5036032999996678,kriging_results\s536_tx56\map536_tx56_ratio0_0050.png
s536_tx56,536,56,0.01,509,0.011040690953284636,4.689130508547124,1.7740867935293763,2.080930399999488,kriging_results\s536_tx56\map536_tx56_ratio0_0100.png
s536_tx56,536,56,0.02,1018,0.010126834361618592,4.490875824668645,1.4622790945960706,3.1275487000002613,kriging_results\s536_tx56\map536_tx56_ratio0_0200.png
s536_tx58,536,58,0.005,255,0.01440453514430119,5.49363913486495,2.3464410800347717,1.431730800000878,kriging_results\s536_tx58\map536_tx58_ratio0_0050.png
s536_tx58,536,58,0.01,509,0.010760771621226482,4.748234987319892,1.7240244056529612,2.0289594999994733,kriging_results\s536_tx58\map536_tx58_ratio0_0100.png
s536_tx58,536,58,0.02,1018,0.009925244622709533,4.560170792414748,1.514904983634807,3.220102700001007,kriging_results\s536_tx58\map536_tx58_ratio0_0200.png
s536_tx62,536,62,0.005,255,0.013486377199163235,5.1692224474842,2.094656615458543,1.4198225999989518,kriging_results\s536_tx62\map536_tx62_ratio0_0050.png
s536_tx62,536,62,0.01,509,0.010592888358477362,4.58125817515002,1.618600699125477,2.066924900000231,kriging_results\s536_tx62\map536_tx62_ratio0_0100.png
s536_tx62,536,62,0.02,1018,0.010331549186103782,4.5243927370935895,1.4690778805161775,3.1225384999997914,kriging_results\s536_tx62\map536_tx62_ratio0_0200.png
s536_tx63,536,63,0.005,255,0.015274254634205535,5.707852731228413,2.459147383464863,1.436741700001221,kriging_results\s536_tx63\map536_tx63_ratio0_0050.png
s536_tx63,536,63,0.01,509,0.010925172009879561,4.827328910105636,1.862917736042892,2.0785343999996257,kriging_results\s536_tx63\map536_tx63_ratio0_0100.png
s536_tx63,536,63,0.02,1018,0.010100843968511216,4.641641345118169,1.6256817333435258,2.9959223000005295,kriging_results\s536_tx63\map536_tx63_ratio0_0200.png
s536_tx65,536,65,0.005,255,0.020562099296572555,4.635108153705313,2.125234447095476,1.404155800000808,kriging_results\s536_tx65\map536_tx65_ratio0_0050.png
s536_tx65,536,65,0.01,509,0.01728040081057677,4.249159649193828,1.6057250633364994,2.0113012999991042,kriging_results\s536_tx65\map536_tx65_ratio0_0100.png
s536_tx65,536,65,0.02,1018,0.014354816224205676,3.8727990945000657,1.2641372352166451,3.2839941999991424,kriging_results\s536_tx65\map536_tx65_ratio0_0200.png
s536_tx69,536,69,0.005,255,0.014570871857721868,5.465724935709397,2.410034109788008,1.4584687000005943,kriging_results\s536_tx69\map536_tx69_ratio0_0050.png
s536_tx69,536,69,0.01,509,0.01096463008277599,4.741349682952829,1.7445852535673725,2.0593898000006448,kriging_results\s536_tx69\map536_tx69_ratio0_0100.png
s536_tx69,536,69,0.02,1018,0.010440882876218997,4.6267242324101385,1.5506645059987756,3.2006889000003866,kriging_results\s536_tx69\map536_tx69_ratio0_0200.png
s536_tx75,536,75,0.005,255,0.02030086700325909,4.796132234793207,2.1328693581366185,1.3836462999988726,kriging_results\s536_tx75\map536_tx75_ratio0_0050.png
s536_tx75,536,75,0.01,509,0.01709502801009302,4.401176202395568,1.5957635285108422,1.9694694000008894,kriging_results\s536_tx75\map536_tx75_ratio0_0100.png
s536_tx75,536,75,0.02,1018,0.014661550485044767,4.0759026222345565,1.3587963328571415,2.859802099999797,kriging_results\s536_tx75\map536_tx75_ratio0_0200.png
s536_tx76,536,76,0.005,255,0.013775436194978896,4.938487726642735,2.124072483393417,1.384932299999491,kriging_results\s536_tx76\map536_tx76_ratio0_0050.png
s536_tx76,536,76,0.01,509,0.011190908337545217,4.451167833206941,1.600450610133884,2.098916899998585,kriging_results\s536_tx76\map536_tx76_ratio0_0100.png
s536_tx76,536,76,0.02,1018,0.01071187040074385,4.35485751976979,1.4214751870568,3.150648099999671,kriging_results\s536_tx76\map536_tx76_ratio0_0200.png
s536_tx79,536,79,0.005,255,0.01562832644502452,5.789960945045055,2.5859347371700867,1.4274793000004138,kriging_results\s536_tx79\map536_tx79_ratio0_0050.png
s536_tx79,536,79,0.01,509,0.011472838671010994,4.9608356445125725,1.9574867633882354,2.084422599999016,kriging_results\s536_tx79\map536_tx79_ratio0_0100.png
s536_tx79,536,79,0.02,1018,0.010438510931221159,4.731933927774164,1.6801059939573815,3.137834799999837,kriging_results\s536_tx79\map536_tx79_ratio0_0200.png
s540_tx05,540,5,0.005,221,0.0299072554526777,6.69365814668424,3.350356868782866,1.1914574000002176,kriging_results\s540_tx05\map540_tx5_ratio0_0050.png
s540_tx05,540,5,0.01,441,0.02692489135913531,6.351147915996741,2.9062908195989223,1.6044977000001381,kriging_results\s540_tx05\map540_tx5_ratio0_0100.png
s540_tx05,540,5,0.02,881,0.02345735400437752,5.928089662116308,2.3709708505862146,2.558853700000327,kriging_results\s540_tx05\map540_tx5_ratio0_0200.png
s540_tx07,540,7,0.005,221,0.04191777220604162,6.754797659433928,3.360431125740458,1.1471433999995497,kriging_results\s540_tx07\map540_tx7_ratio0_0050.png
s540_tx07,540,7,0.01,441,0.03527396698495877,6.196413728097095,2.760097203509085,1.656486700001551,kriging_results\s540_tx07\map540_tx7_ratio0_0100.png
s540_tx07,540,7,0.02,881,0.03082502424006112,5.792485593043815,2.2687666180509987,2.4379114999992453,kriging_results\s540_tx07\map540_tx7_ratio0_0200.png
s540_tx09,540,9,0.005,221,0.03800629936670449,7.517345144806147,3.8337437085639876,1.2031227000006766,kriging_results\s540_tx09\map540_tx9_ratio0_0050.png
s540_tx09,540,9,0.01,441,0.029985086572197523,6.677122780246563,3.1482486067565154,1.6701235999989876,kriging_results\s540_tx09\map540_tx9_ratio0_0100.png
s540_tx09,540,9,0.02,881,0.026626403520774323,6.2920614766453244,2.58205867529186,2.4668117000001075,kriging_results\s540_tx09\map540_tx9_ratio0_0200.png
s540_tx14,540,14,0.005,221,0.04078289002346792,6.836782558409667,3.532413396759553,1.1431784000014886,kriging_results\s540_tx14\map540_tx14_ratio0_0050.png
s540_tx14,540,14,0.01,441,0.03934426986994446,6.715115887264158,3.1298125193635937,1.6437059999989287,kriging_results\s540_tx14\map540_tx14_ratio0_0100.png
s540_tx14,540,14,0.02,881,0.03857363070296818,6.64902597222485,2.7148647122161207,2.490607599998839,kriging_results\s540_tx14\map540_tx14_ratio0_0200.png
s540_tx20,540,20,0.005,221,0.04055032409865767,6.608055898547179,3.412201820399515,1.2024397999994108,kriging_results\s540_tx20\map540_tx20_ratio0_0050.png
s540_tx20,540,20,0.01,441,0.038095693934274234,6.404931470165947,2.9607657353967327,1.56766030000108,kriging_results\s540_tx20\map540_tx20_ratio0_0100.png
s540_tx20,540,20,0.02,881,0.03249962309862053,5.9158302879475215,2.35563023475188,2.3442772999987938,kriging_results\s540_tx20\map540_tx20_ratio0_0200.png
s540_tx26,540,26,0.005,221,0.043626710036432696,6.3763447407890945,3.0765798707717393,1.1585661999997683,kriging_results\s540_tx26\map540_tx26_ratio0_0050.png
s540_tx26,540,26,0.01,441,0.0485143122272948,6.72404326130978,2.972448764762056,1.6295964000000822,kriging_results\s540_tx26\map540_tx26_ratio0_0100.png
s540_tx26,540,26,0.02,881,0.03980317782405025,6.090520794503192,2.4514113463662675,2.514766899999813,kriging_results\s540_tx26\map540_tx26_ratio0_0200.png
s540_tx32,540,32,0.005,221,0.0315966895806141,6.855514846185955,3.4864503617562717,1.1766165000008186,kriging_results\s540_tx32\map540_tx32_ratio0_0050.png
s540_tx32,540,32,0.01,441,0.02711359529354648,6.350571888596407,2.8717774454175276,1.6614900000004127,kriging_results\s540_tx32\map540_tx32_ratio0_0100.png
s540_tx32,540,32,0.02,881,0.02371547532251839,5.939299166034232,2.3963591502229686,2.4530345000002853,kriging_results\s540_tx32\map540_tx32_ratio0_0200.png
s540_tx33,540,33,0.005,221,0.03937630051573255,7.4147431217389235,3.8506502523433066,1.1716200000009849,kriging_results\s540_tx33\map540_tx33_ratio0_0050.png
s540_tx33,540,33,0.01,441,0.03115216407684451,6.5951211307718545,3.3018632502128265,1.6513113000000885,kriging_results\s540_tx33\map540_tx33_ratio0_0100.png
s540_tx33,540,33,0.02,881,0.027557554981713767,6.2029602706231595,2.6426226978107152,2.4710077999989153,kriging_results\s540_tx33\map540_tx33_ratio0_0200.png
s540_tx38,540,38,0.005,221,0.03717241274348588,7.032124347122958,3.689412932379698,1.1764860000002955,kriging_results\s540_tx38\map540_tx38_ratio0_0050.png
s540_tx38,540,38,0.01,441,0.03336859664914156,6.662621465104754,3.2337548462676136,1.5750592999993387,kriging_results\s540_tx38\map540_tx38_ratio0_0100.png
s540_tx38,540,38,0.02,881,0.030672621075202147,6.387804469916785,2.645994745572769,2.52552839999953,kriging_results\s540_tx38\map540_tx38_ratio0_0200.png
s540_tx41,540,41,0.005,221,0.04080673367355006,6.625939441708887,3.4358996256418046,1.1337101999997685,kriging_results\s540_tx41\map540_tx41_ratio0_0050.png
s540_tx41,540,41,0.01,441,0.03748315856321932,6.350378799001772,2.990319288515747,1.6433729000000312,kriging_results\s540_tx41\map540_tx41_ratio0_0100.png
s540_tx41,540,41,0.02,881,0.041598878440223135,6.68994199418426,2.7057807033854906,2.462655999999697,kriging_results\s540_tx41\map540_tx41_ratio0_0200.png
s540_tx47,540,47,0.005,221,0.041248804755841424,7.471018174413965,3.6785634755925884,1.1203269999987242,kriging_results\s540_tx47\map540_tx47_ratio0_0050.png
s540_tx47,540,47,0.01,441,0.029327967095807844,6.2996306752428,2.737677247721816,1.6184974999996484,kriging_results\s540_tx47\map540_tx47_ratio0_0100.png
s540_tx47,540,47,0.02,881,0.028363504748856367,6.195181845250154,2.3997642569049398,2.536578900000677,kriging_results\s540_tx47\map540_tx47_ratio0_0200.png
s540_tx50,540,50,0.005,221,0.0381081274996365,7.159182830683823,3.639071005432614,1.1733774000003905,kriging_results\s540_tx50\map540_tx50_ratio0_0050.png
s540_tx50,540,50,0.01,441,0.0325507388858915,6.616603077610487,3.204695409456528,1.6975156999997125,kriging_results\s540_tx50\map540_tx50_ratio0_0100.png
s540_tx50,540,50,0.02,881,0.029863334790105438,6.337585120799109,2.623032557718058,2.469889800000601,kriging_results\s540_tx50\map540_tx50_ratio0_0200.png
s540_tx51,540,51,0.005,221,0.04227642900567711,6.240976482114187,3.157248861808647,1.1996273999993718,kriging_results\s540_tx51\map540_tx51_ratio0_0050.png
s540_tx51,540,51,0.01,441,0.0414624948161113,6.180606704370903,2.8628461162727348,1.6799313000010443,kriging_results\s540_tx51\map540_tx51_ratio0_0100.png
s540_tx51,540,51,0.02,881,0.03778989115464998,5.900532684110948,2.3700421986054887,2.456469800001287,kriging_results\s540_tx51\map540_tx51_ratio0_0200.png
s540_tx56,540,56,0.005,221,0.040999038327365595,6.42098606879276,3.382656526771225,1.2023112999995647,kriging_results\s540_tx56\map540_tx56_ratio0_0050.png
s540_tx56,540,56,0.01,441,0.03538502554662297,5.965195035390064,2.739684693144886,1.695976499999233,kriging_results\s540_tx56\map540_tx56_ratio0_0100.png
s540_tx56,540,56,0.02,881,0.042845788534580674,6.564005902528333,2.5851499855829556,2.5208096000005753,kriging_results\s540_tx56\map540_tx56_ratio0_0200.png
s540_tx57,540,57,0.005,221,0.03485194221164437,6.260828676499217,3.1620254428270322,1.1320512999991479,kriging_results\s540_tx57\map540_tx57_ratio0_0050.png
s540_tx57,540,57,0.01,441,0.04006420509484032,6.712690008929368,3.095029323201174,1.6136790000000474,kriging_results\s540_tx57\map540_tx57_ratio0_0100.png
s540_tx57,540,57,0.02,881,0.02769344275085281,5.58093297848886,2.246806659503638,2.504564799999571,kriging_results\s540_tx57\map540_tx57_ratio0_0200.png
s540_tx58,540,58,0.005,221,0.041255490913999576,6.439285739265143,3.292658775407529,1.1433168000003207,kriging_results\s540_tx58\map540_tx58_ratio0_0050.png
s540_tx58,540,58,0.01,441,0.04351287506870852,6.6131092998553225,3.020920262244719,1.627955900001325,kriging_results\s540_tx58\map540_tx58_ratio0_0100.png
s540_tx58,540,58,0.02,881,0.035467144885914854,5.970489309176534,2.4067567083594748,2.4859783000010793,kriging_results\s540_tx58\map540_tx58_ratio0_0200.png
s540_tx60,540,60,0.005,221,0.03543951464606469,6.057609458216563,3.1191136792948244,1.1141466999997647,kriging_results\s540_tx60\map540_tx60_ratio0_0050.png
s540_tx60,540,60,0.01,441,0.04128026868808959,6.5377551121812445,3.0964948670195667,1.7218056000001525,kriging_results\s540_tx60\map540_tx60_ratio0_0100.png
s540_tx60,540,60,0.02,881,0.027595138758176128,5.345319630145296,2.1851663277287217,2.4520515000003797,kriging_results\s540_tx60\map540_tx60_ratio0_0200.png
s540_tx62,540,62,0.005,221,0.04359161467207613,6.385356846383583,3.4408660945827383,1.1068911000002117,kriging_results\s540_tx62\map540_tx62_ratio0_0050.png
s540_tx62,540,62,0.01,441,0.04135595447997456,6.21946055338578,3.0422516014627377,1.6349807999995392,kriging_results\s540_tx62\map540_tx62_ratio0_0100.png
s540_tx62,540,62,0.02,881,0.03866121330749807,6.013418528173255,2.4721885772947556,2.5088679999989836,kriging_results\s540_tx62\map540_tx62_ratio0_0200.png
s540_tx68,540,68,0.005,221,0.03501097949606321,6.286374389922751,3.157720559647351,1.18272160000015,kriging_results\s540_tx68\map540_tx68_ratio0_0050.png
s540_tx68,540,68,0.01,441,0.03982350033700465,6.704522114188443,3.099595852179641,1.6406955999991624,kriging_results\s540_tx68\map540_tx68_ratio0_0100.png
s540_tx68,540,68,0.02,881,0.027435479367188948,5.5648619163795034,2.251868058723164,2.4678076000000146,kriging_results\s540_tx68\map540_tx68_ratio0_0200.png
s540_tx78,540,78,0.005,221,0.044334094108047103,5.632588266973203,2.9564173045683395,1.1658157000001665,kriging_results\s540_tx78\map540_tx78_ratio0_0050.png
s540_tx78,540,78,0.01,441,0.04272691262280306,5.5295506071169855,2.6292398289519188,1.7029397999995126,kriging_results\s540_tx78\map540_tx78_ratio0_0100.png
s540_tx78,540,78,0.02,881,0.03757339505187095,5.185364718572208,2.1606475452505367,2.5746644000009837,kriging_results\s540_tx78\map540_tx78_ratio0_0200.png
s546_tx02,546,2,0.005,213,0.03061319809393168,5.263166830151857,2.9791244305793625,1.103323499999533,kriging_results\s546_tx02\map546_tx2_ratio0_0050.png
s546_tx02,546,2,0.01,426,0.025734115842079172,4.825556646967476,2.3898838682624204,1.5194682999990619,kriging_results\s546_tx02\map546_tx2_ratio0_0100.png
s546_tx02,546,2,0.02,852,0.018818059442125945,4.126484436519944,1.6786773845771426,2.417893699999695,kriging_results\s546_tx02\map546_tx2_ratio0_0200.png
s546_tx07,546,7,0.005,213,0.03964645970883422,6.500045523777088,3.5566032329215207,1.0741193000012572,kriging_results\s546_tx07\map546_tx7_ratio0_0050.png
s546_tx07,546,7,0.01,426,0.030127807608881466,5.66627898468118,2.614275998407808,1.542865299999903,kriging_results\s546_tx07\map546_tx7_ratio0_0100.png
s546_tx07,546,7,0.02,852,0.023433209900324253,4.997238539888794,1.9876217143851815,2.332480700000815,kriging_results\s546_tx07\map546_tx7_ratio0_0200.png
s546_tx08,546,8,0.005,213,0.030465925991329343,6.100343401569496,3.454848281135381,1.0947704999998678,kriging_results\s546_tx08\map546_tx8_ratio0_0050.png
s546_tx08,546,8,0.01,426,0.029393244223702646,5.991986856977315,2.976434392863452,1.5866542999992816,kriging_results\s546_tx08\map546_tx8_ratio0_0100.png
s546_tx08,546,8,0.02,852,0.018871731845623445,4.801235053904469,2.0072014682622576,2.333956299999045,kriging_results\s546_tx08\map546_tx8_ratio0_0200.png
s546_tx21,546,21,0.005,213,0.046376635374937865,7.294399856897496,3.796354349862443,1.1408652999998594,kriging_results\s546_tx21\map546_tx21_ratio0_0050.png
s546_tx21,546,21,0.01,426,0.027538803517578946,5.620985625976065,2.5284069318136835,1.6104458999998315,kriging_results\s546_tx21\map546_tx21_ratio0_0100.png
s546_tx21,546,21,0.02,852,0.022752586205661517,5.109228477075348,1.9024682932046282,2.417149700000664,kriging_results\s546_tx21\map546_tx21_ratio0_0200.png
s546_tx26,546,26,0.005,213,0.043581888496003085,6.441867824732778,3.5859292056607046,1.0548488000004,kriging_results\s546_tx26\map546_tx26_ratio0_0050.png
s546_tx26,546,26,0.01,426,0.032017165929343686,5.521412959979636,2.5792117761539237,1.5676966999999422,kriging_results\s546_tx26\map546_tx26_ratio0_0100.png
s546_tx26,546,26,0.02,852,0.02664851193852857,5.037270405068137,1.9645516081037073,2.4121635999999853,kriging_results\s546_tx26\map546_tx26_ratio0_0200.png
s546_tx32,546,32,0.005,213,0.030507035880950963,5.556876352913761,3.087012019023359,1.0444905999993352,kriging_results\s546_tx32\map546_tx32_ratio0_0050.png
s546_tx32,546,32,0.01,426,0.0270690809103303,5.234406962565757,2.5416299690979973,1.5635015000007115,kriging_results\s546_tx32\map546_tx32_ratio0_0100.png
s546_tx32,546,32,0.02,852,0.01904841385326377,4.3909666595944215,1.7697374181757068,2.364022300000215,kriging_results\s546_tx32\map546_tx32_ratio0_0200.png
s546_tx34,546,34,0.005,213,0.036286539605074705,6.551323062841659,3.52332847235238,1.05548699999963,kriging_results\s546_tx34\map546_tx34_ratio0_0050.png
s546_tx34,546,34,0.01,426,0.026694768805819235,5.619133057813355,2.5434079686831437,1.617057499999646,kriging_results\s546_tx34\map546_tx34_ratio0_0100.png
s546_tx34,546,34,0.02,852,0.020693787427460253,4.947390937773829,1.987430091853789,2.352472599999601,kriging_results\s546_tx34\map546_tx34_ratio0_0200.png
s546_tx36,546,36,0.005,213,0.03699309002901154,5.72395055715505,3.032908776296994,1.0710159999998723,kriging_results\s546_tx36\map546_tx36_ratio0_0050.png
s546_tx36,546,36,0.01,426,0.02797028137503836,4.977187356632758,2.3087615947086846,1.6354425999998057,kriging_results\s546_tx36\map546_tx36_ratio0_0100.png
s546_tx36,546,36,0.02,852,0.022141148268556107,4.428285733799188,1.6957349079979342,2.30049549999967,kriging_results\s546_tx36\map546_tx36_ratio0_0200.png
s546_tx42,546,42,0.005,213,0.033919192629287505,6.38875768468264,3.4663899651784105,1.0541916999991372,kriging_results\s546_tx42\map546_tx42_ratio0_0050.png
s546_tx42,546,42,0.01,426,0.026064012496193046,5.600338745512308,2.540512480415827,1.6582791000000725,kriging_results\s546_tx42\map546_tx42_ratio0_0100.png
s546_tx42,546,42,0.02,852,0.01989769719019181,4.893223749234562,1.97365224408175,2.2997453000007226,kriging_results\s546_tx42\map546_tx42_ratio0_0200.png
s546_tx43,546,43,0.005,213,0.03869082567617717,6.759513988112353,3.679212553123335,1.101668499999505,kriging_results\s546_tx43\map546_tx43_ratio0_0050.png
s546_tx43,546,43,0.01,426,0.029370018865759087,5.889298641556176,2.681790902337477,1.5897458999988885,kriging_results\s546_tx43\map546_tx43_ratio0_0100.png
s546_tx43,546,43,0.02,852,0.020996585774668633,4.979500771842985,1.8725773155914618,2.41838800000005,kriging_results\s546_tx43\map546_tx43_ratio0_0200.png
s546_tx45,546,45,0.005,213,0.035474401709394164,6.291371457081249,3.382449044345614,1.089840099999492,kriging_results\s546_tx45\map546_tx45_ratio0_0050.png
s546_tx45,546,45,0.01,426,0.03119083466156736,5.899310893082426,2.566765821524058,1.5649130000001605,kriging_results\s546_tx45\map546_tx45_ratio0_0100.png
s546_tx45,546,45,0.02,852,0.022584536696534707,5.019880515886828,1.9115090067472467,2.245513600000777,kriging_results\s546_tx45\map546_tx45_ratio0_0200.png
s546_tx50,546,50,0.005,213,0.03609371573722075,6.445103089613553,3.5804806925226376,1.0789887999999337,kriging_results\s546_tx50\map546_tx50_ratio0_0050.png
s546_tx50,546,50,0.01,426,0.029435676570239076,5.820376486503827,2.7324148404900326,1.5212477999994007,kriging_results\s546_tx50\map546_tx50_ratio0_0100.png
s546_tx50,546,50,0.02,852,0.021217992285029692,4.941584319001279,1.9502166425160736,2.3815739000001486,kriging_results\s546_tx50\map546_tx50_ratio0_0200.png
s546_tx57,546,57,0.005,213,0.03034014082708885,5.651769472447548,3.153893163578852,1.1213477999990573,kriging_results\s546_tx57\map546_tx57_ratio0_0050.png
s546_tx57,546,57,0.01,426,0.028108690157015292,5.4399630796614415,2.6567640508609043,1.5293986000015138,kriging_results\s546_tx57\map546_tx57_ratio0_0100.png
s546_tx57,546,57,0.02,852,0.0193176064908816,4.5097483246746695,1.8101711238700806,2.4097982000002958,kriging_results\s546_tx57\map546_tx57_ratio0_0200.png
s546_tx58,546,58,0.005,213,0.031115042269210778,6.341224587295346,3.4556948647626418,1.0354597000005015,kriging_results\s546_tx58\map546_tx58_ratio0_0050.png
s546_tx58,546,58,0.01,426,0.024896586744069273,5.6722823950688435,2.5718359214237823,1.5760692000003473,kriging_results\s546_tx58\map546_tx58_ratio0_0100.png
s546_tx58,546,58,0.02,852,0.018309860763502234,4.864413229804189,1.9475323809142593,2.4137411000010616,kriging_results\s546_tx58\map546_tx58_ratio0_0200.png
s546_tx59,546,59,0.005,213,0.045143692951867626,5.632216274096639,3.0470024629769075,1.1094910000010714,kriging_results\s546_tx59\map546_tx59_ratio0_0050.png
s546_tx59,546,59,0.01,426,0.03629514061313215,5.050158605252783,2.348402671193099,1.5782247999995889,kriging_results\s546_tx59\map546_tx59_ratio0_0100.png
s546_tx59,546,59,0.02,852,0.02668315054743645,4.330114033840181,1.617271322997869,2.4461859000002733,kriging_results\s546_tx59\map546_tx59_ratio0_0200.png
s546_tx61,546,61,0.005,213,0.03696630052887245,5.8109991694643375,3.0756953817818333,1.1123420000003534,kriging_results\s546_tx61\map546_tx61_ratio0_0050.png
s546_tx61,546,61,0.01,426,0.026935671456645206,4.960343121523031,2.2843192079986157,1.5668918999999732,kriging_results\s546_tx61\map546_tx61_ratio0_0100.png
s546_tx61,546,61,0.02,852,0.021877927953339496,4.470446628141897,1.6954990364475537,2.4019941999995353,kriging_results\s546_tx61\map546_tx61_ratio0_0200.png
s546_tx75,546,75,0.005,213,0.04304407288280071,6.091928457733585,3.358902682262252,1.0810218999995413,kriging_results\s546_tx75\map546_tx75_ratio0_0050.png
s546_tx75,546,75,0.01,426,0.03250583831959659,5.2939372837929355,2.4857261235024275,1.6476367000013852,kriging_results\s546_tx75\map546_tx75_ratio0_0100.png
s546_tx75,546,75,0.02,852,0.023488274586716283,4.500115515739616,1.7328663324301294,2.4053230000008625,kriging_results\s546_tx75\map546_tx75_ratio0_0200.png
s546_tx76,546,76,0.005,213,0.041360955845344695,6.682349692340205,3.59941601511899,1.1536650999987614,kriging_results\s546_tx76\map546_tx76_ratio0_0050.png
s546_tx76,546,76,0.01,426,0.02931201186133193,5.625442964495945,2.572528748355596,1.5706329999993613,kriging_results\s546_tx76\map546_tx76_ratio0_0100.png
s546_tx76,546,76,0.02,852,0.023144584062758558,4.998717598014579,1.9715140564069487,2.349110200000723,kriging_results\s546_tx76\map546_tx76_ratio0_0200.png
s546_tx78,546,78,0.005,213,0.03808949034949856,5.954662529457891,3.1465233028482373,1.1038308999995934,kriging_results\s546_tx78\map546_tx78_ratio0_0050.png
s546_tx78,546,78,0.01,426,0.02678007519849676,4.992987412006247,2.3248506315457944,1.579410899999857,kriging_results\s546_tx78\map546_tx78_ratio0_0100.png
s546_tx78,546,78,0.02,852,0.02216268118630852,4.542194384569007,1.7483481297394095,2.4282395000009274,kriging_results\s546_tx78\map546_tx78_ratio0_0200.png
s546_tx79,546,79,0.005,213,0.044393642424617026,6.788089506524679,3.679285089799244,1.0925813999983802,kriging_results\s546_tx79\map546_tx79_ratio0_0050.png
s546_tx79,546,79,0.01,426,0.029664430836389036,5.548878009117565,2.570962227007617,1.5685080000002927,kriging_results\s546_tx79\map546_tx79_ratio0_0100.png
s546_tx79,546,79,0.02,852,0.023243965371143222,4.91181816476629,1.9248611004748617,2.415557700000136,kriging_results\s546_tx79\map546_tx79_ratio0_0200.png
s562_tx00,562,0,0.005,269,0.01883268358320719,5.018940522975955,2.4393902904716507,1.5949467000009463,kriging_results\s562_tx00\map562_tx0_ratio0_0050.png
s562_tx00,562,0,0.01,537,0.018263208444823625,4.94247498486664,1.9687212184287983,2.3309141999998246,kriging_results\s562_tx00\map562_tx0_ratio0_0100.png
s562_tx00,562,0,0.02,1074,0.013971590167262102,4.322936450100381,1.441285330490027,3.4977665999995224,kriging_results\s562_tx00\map562_tx0_ratio0_0200.png
s562_tx07,562,7,0.005,269,0.022060403140160292,5.134418544562789,2.542624892904328,1.5602445999993506,kriging_results\s562_tx07\map562_tx7_ratio0_0050.png
s562_tx07,562,7,0.01,537,0.018996806190945948,4.7645824304107744,1.9798738370927353,2.239338499999576,kriging_results\s562_tx07\map562_tx7_ratio0_0100.png
s562_tx07,562,7,0.02,1074,0.016300589681157662,4.413531221802339,1.5937197169866864,3.118845199998759,kriging_results\s562_tx07\map562_tx7_ratio0_0200.png
s562_tx10,562,10,0.005,269,0.013136604155507131,4.7915942302206895,2.1996446392833633,1.4369999000009557,kriging_results\s562_tx10\map562_tx10_ratio0_0050.png
s562_tx10,562,10,0.01,537,0.013354360581016593,4.831144435634102,1.909412841086503,2.1994228000003204,kriging_results\s562_tx10\map562_tx10_ratio0_0100.png
s562_tx10,562,10,0.02,1074,0.01043097540057385,4.269735131344932,1.4645524823066243,3.3606915999989724,kriging_results\s562_tx10\map562_tx10_ratio0_0200.png
s562_tx20,562,20,0.005,269,0.019131931589318602,5.130851103226524,2.43331218755001,1.540868699999919,kriging_results\s562_tx20\map562_tx20_ratio0_0050.png
s562_tx20,562,20,0.01,537,0.014003216667573554,4.389589466454781,1.8431624293549322,2.2241551999995863,kriging_results\s562_tx20\map562_tx20_ratio0_0100.png
s562_tx20,562,20,0.02,1074,0.011040308919996541,3.8976300340901417,1.3523482304578387,3.480700300000535,kriging_results\s562_tx20\map562_tx20_ratio0_0200.png
s562_tx23,562,23,0.005,269,0.01736703376085114,4.81788902425026,2.29454654757537,1.5404397999991488,kriging_results\s562_tx23\map562_tx23_ratio0_0050.png
s562_tx23,562,23,0.01,537,0.013405222681209467,4.232831486682497,1.7612680708673858,2.3618602999995346,kriging_results\s562_tx23\map562_tx23_ratio0_0100.png
s562_tx23,562,23,0.02,1074,0.010131274571768007,3.6798152043511516,1.2558044034364726,3.455672099998992,kriging_results\s562_tx23\map562_tx23_ratio0_0200.png
s562_tx24,562,24,0.005,269,0.02535415420465748,5.242508802587446,2.3791783910712274,1.5603501000005053,kriging_results\s562_tx24\map562_tx24_ratio0_0050.png
s562_tx24,562,24,0.01,537,0.025946035867800837,5.303347802007229,2.0858103752491415,2.2433605000005628,kriging_results\s562_tx24\map562_tx24_ratio0_0100.png
s562_tx24,562,24,0.02,1074,0.02080333471526298,4.7487693698629325,1.591380786007787,3.449864100000923,kriging_results\s562_tx24\map562_tx24_ratio0_0200.png
s562_tx26,562,26,0.005,269,0.017306720262399565,5.082833059733687,2.5275133568392563,1.5755186999995203,kriging_results\s562_tx26\map562_tx26_ratio0_0050.png
s562_tx26,562,26,0.01,537,0.013308274509156488,4.457171395857063,1.9035973963391182,2.293657500000336,kriging_results\s562_tx26\map562_tx26_ratio0_0100.png
s562_tx26,562,26,0.02,1074,0.01059217001093249,3.976407884563351,1.4119314553884155,3.4249416000002384,kriging_results\s562_tx26\map562_tx26_ratio0_0200.png
s562_tx28,562,28,0.005,269,0.012708308932882328,4.703188621520464,2.1459780889472038,1.546257300000434,kriging_results\s562_tx28\map562_tx28_ratio0_0050.png
s562_tx28,562,28,0.01,537,0.013418537211747116,4.832825406069856,1.92954487095554,2.4043371999996452,kriging_results\s562_tx28\map562_tx28_ratio0_0100.png
s562_tx28,562,28,0.02,1074,0.010539183039594233,4.283038581259357,1.4653944043207434,3.4841261000001396,kriging_results\s562_tx28\map562_tx28_ratio0_0200.png
s562_tx35,562,35,0.005,269,0.016275127142263437,4.650759052414622,2.259748974592326,1.564045500001157,kriging_results\s562_tx35\map562_tx35_ratio0_0050.png
s562_tx35,562,35,0.01,537,0.014085173595991037,4.326560094131569,1.8293030634761078,2.3350362999990466,kriging_results\s562_tx35\map562_tx35_ratio0_0100.png
s562_tx35,562,35,0.02,1074,0.010465815834512974,3.729479137200722,1.274344878383189,3.4115112999988924,kriging_results\s562_tx35\map562_tx35_ratio0_0200.png
s562_tx36,562,36,0.005,269,0.018086391317135204,4.9313205492898415,2.544359570011302,1.5984208999998373,kriging_results\s562_tx36\map562_tx36_ratio0_0050.png
s562_tx36,562,36,0.01,537,0.013789281488844238,4.305842015874236,1.8511263283670947,2.3030094000005192,kriging_results\s562_tx36\map562_tx36_ratio0_0100.png
s562_tx36,562,36,0.02,1074,0.010462048028807822,3.7505557907644933,1.338865827706051,3.401360300000306,kriging_results\s562_tx36\map562_tx36_ratio0_0200.png
s562_tx39,562,39,0.005,269,0.02769737677464283,4.524198675279758,2.0979267920240123,1.4632849000008719,kriging_results\s562_tx39\map562_tx39_ratio0_0050.png
s562_tx39,562,39,0.01,537,0.02554911214226597,4.345204873023296,1.7757823723876498,2.1985913000007713,kriging_results\s562_tx39\map562_tx39_ratio0_0100.png
s562_tx39,562,39,0.02,1074,0.020793401072526314,3.9199914253854913,1.3131988393261447,3.4188694000004034,kriging_results\s562_tx39\map562_tx39_ratio0_0200.png
s562_tx41,562,41,0.005,269,0.01726309514155563,5.0666853471565085,2.495101820308181,1.582188500000484,kriging_results\s562_tx41\map562_tx41_ratio0_0050.png
s562_tx41,562,41,0.01,537,0.013485842051821814,4.47820153035569,1.93082964309323,2.2381390999998985,kriging_results\s562_tx41\map562_tx41_ratio0_0100.png
s562_tx41,562,41,0.02,1074,0.01043664406396844,3.9395356449808516,1.4140015014989415,3.385419800000818,kriging_results\s562_tx41\map562_tx41_ratio0_0200.png
s562_tx49,562,49,0.005,269,0.015093410945228607,4.668681097483407,2.3145064887077003,1.5224885999996332,kriging_results\s562_tx49\map562_tx49_ratio0_0050.png
s562_tx49,562,49,0.01,537,0.01450734933015323,4.577143619989593,1.8759189861446786,2.221068600001672,kriging_results\s562_tx49\map562_tx49_ratio0_0100.png
s562_tx49,562,49,0.02,1074,0.010583344483261448,3.909416812702491,1.366791875544429,3.489853999999468,kriging_results\s562_tx49\map562_tx49_ratio0_0200.png
s562_tx52,562,52,0.005,269,0.015155945753864298,5.014272731884233,2.3817363261643734,1.5289486000001489,kriging_results\s562_tx52\map562_tx52_ratio0_0050.png
s562_tx52,562,52,0.01,537,0.016291069393639543,5.1986577214760485,2.064042824402424,2.2836728999991465,kriging_results\s562_tx52\map562_tx52_ratio0_0100.png
s562_tx52,562,52,0.02,1074,0.012109096393549396,4.482004656296405,1.5269098234265432,3.3884548999994877,kriging_results\s562_tx52\map562_tx52_ratio0_0200.png
s562_tx58,562,58,0.005,269,0.02273293600410283,5.295217030990367,2.4406292964715086,1.5840965999996115,kriging_results\s562_tx58\map562_tx58_ratio0_0050.png
s562_tx58,562,58,0.01,537,0.020649371403533838,5.046722274316299,2.027863657576634,2.2335834999994404,kriging_results\s562_tx58\map562_tx58_ratio0_0100.png
s562_tx58,562,58,0.02,1074,0.018444372009025364,4.769665561866837,1.6213586647417293,3.4863165999995545,kriging_results\s562_tx58\map562_tx58_ratio0_0200.png
s562_tx59,562,59,0.005,269,0.017558203712688517,4.844990834499904,2.4676470678745037,1.5671296999989863,kriging_results\s562_tx59\map562_tx59_ratio0_0050.png
s562_tx59,562,59,0.01,537,0.014369685224311257,4.383051129372217,1.87070929443814,2.301672999999937,kriging_results\s562_tx59\map562_tx59_ratio0_0100.png
s562_tx59,562,59,0.02,1074,0.011657218456178106,3.9477567077101274,1.4086048026768634,3.5446828000003734,kriging_results\s562_tx59\map562_tx59_ratio0_0200.png
s562_tx60,562,60,0.005,269,0.01560704425741298,4.621780015040373,2.340560489704267,1.5149659999988216,kriging_results\s562_tx60\map562_tx60_ratio0_0050.png
s562_tx60,562,60,0.01,537,0.013712642552146586,4.332210133310597,1.7446312183685586,2.2906180000009044,kriging_results\s562_tx60\map562_tx60_ratio0_0100.png
s562_tx60,562,60,0.02,1074,0.010144619459250161,3.7262055970063095,1.3160950161669285,3.347680200000468,kriging_results\s562_tx60\map562_tx60_ratio0_0200.png
s562_tx69,562,69,0.005,269,0.017946036837080435,5.0333172137150255,2.4465486942056835,1.5428945000003296,kriging_results\s562_tx69\map562_tx69_ratio0_0050.png
s562_tx69,562,69,0.01,537,0.013408543783782766,4.350716941019767,1.8127495817898371,2.3166744000009203,kriging_results\s562_tx69\map562_tx69_ratio0_0100.png
s562_tx69,562,69,0.02,1074,0.010463834818371702,3.8433988472660485,1.3127278732498708,3.420583399998577,kriging_results\s562_tx69\map562_tx69_ratio0_0200.png
s562_tx73,562,73,0.005,269,0.0173651218539934,5.150712261595679,2.4535349395865613,1.5408735999990313,kriging_results\s562_tx73\map562_tx73_ratio0_0050.png
s562_tx73,562,73,0.01,537,0.018189199701801377,5.271511659888255,2.100159495121052,2.2372154999993654,kriging_results\s562_tx73\map562_tx73_ratio0_0100.png
s562_tx73,562,73,0.02,1074,0.01280474476595381,4.422968377165253,1.4899892600288605,3.425977299999431,kriging_results\s562_tx73\map562_tx73_ratio0_0200.png
s562_tx79,562,79,0.005,269,0.01655631467161127,5.321861376273179,2.5594377575240324,1.5726967999999033,kriging_results\s562_tx79\map562_tx79_ratio0_0050.png
s562_tx79,562,79,0.01,537,0.01603007051513177,5.236600390067648,2.102156191635842,2.2334243999994214,kriging_results\s562_tx79\map562_tx79_ratio0_0100.png
s562_tx79,562,79,0.02,1074,0.012720068542663852,4.6647292830959,1.5442505053301763,3.4359045999990485,kriging_results\s562_tx79\map562_tx79_ratio0_0200.png
s570_tx00,570,0,0.005,193,0.009185864457874417,3.966447404071763,1.5696887790055531,0.9225903999995353,kriging_results\s570_tx00\map570_tx0_ratio0_0050.png
s570_tx00,570,0,0.01,385,0.009580965925421866,4.0508515842160016,1.358681631513263,1.4222693000010622,kriging_results\s570_tx00\map570_tx0_ratio0_0100.png
s570_tx00,570,0,0.02,770,0.007638469664543204,3.61696966091998,1.0591479065704286,2.0670949000013934,kriging_results\s570_tx00\map570_tx0_ratio0_0200.png
s570_tx01,570,1,0.005,193,0.009026816151527117,3.869715910480945,1.637525641688642,0.9604151000003185,kriging_results\s570_tx01\map570_tx1_ratio0_0050.png
s570_tx01,570,1,0.01,385,0.008954350877248773,3.8541521663787086,1.3004027029284846,1.3756852999995317,kriging_results\s570_tx01\map570_tx1_ratio0_0100.png
s570_tx01,570,1,0.02,770,0.00701850145130105,3.4121962552960423,1.027925631151382,2.074031800000739,kriging_results\s570_tx01\map570_tx1_ratio0_0200.png
s570_tx10,570,10,0.005,193,0.013524351778162266,4.74144643651185,2.0811227991214007,0.9873578000006091,kriging_results\s570_tx10\map570_tx10_ratio0_0050.png
s570_tx10,570,10,0.01,385,0.013023118971036566,4.6527543192157905,1.6793313853269778,1.3573812000013277,kriging_results\s570_tx10\map570_tx10_ratio0_0100.png
s570_tx10,570,10,0.02,770,0.010466997348188727,4.171225521167712,1.310915351976517,2.051079699998809,kriging_results\s570_tx10\map570_tx10_ratio0_0200.png
s570_tx15,570,15,0.005,193,0.00913822209843065,3.9350969419813473,1.6591753790520631,0.9563509999989037,kriging_results\s570_tx15\map570_tx15_ratio0_0050.png
s570_tx15,570,15,0.01,385,0.009048358751996468,3.915700821728476,1.3325910831666818,1.375278999999864,kriging_results\s570_tx15\map570_tx15_ratio0_0100.png
s570_tx15,570,15,0.02,770,0.007185269062546385,3.4893626571960303,1.0688424877778062,2.105569999999716,kriging_results\s570_tx15\map570_tx15_ratio0_0200.png
s570_tx23,570,23,0.005,193,0.009498163543073087,4.048463185341338,1.7231670130136476,0.9708866999990278,kriging_results\s570_tx23\map570_tx23_ratio0_0050.png
s570_tx23,570,23,0.01,385,0.009083046118934691,3.9590058719041292,1.3687166376012039,1.4147923000000446,kriging_results\s570_tx23\map570_tx23_ratio0_0100.png
s570_tx23,570,23,0.02,770,0.007289750820329833,3.546718551377624,1.085529267619108,2.137398900000335,kriging_results\s570_tx23\map570_tx23_ratio0_0200.png
s570_tx28,570,28,0.005,193,0.02984044691877329,5.262092187201213,2.0193995727129868,0.9527514000001247,kriging_results\s570_tx28\map570_tx28_ratio0_0050.png
s570_tx28,570,28,0.01,385,0.027168175050725017,5.020951434365869,1.6700893091138787,1.396093400000609,kriging_results\s570_tx28\map570_tx28_ratio0_0100.png
s570_tx28,570,28,0.02,770,0.026614168090177987,4.969494804031787,1.4120163728333193,2.092974299999696,kriging_results\s570_tx28\map570_tx28_ratio0_0200.png
s570_tx29,570,29,0.005,193,0.020631285469329755,5.147128574983126,2.2458148919919285,0.9818295999994007,kriging_results\s570_tx29\map570_tx29_ratio0_0050.png
s570_tx29,570,29,0.01,385,0.016540614663787295,4.608692006298819,1.558806623648145,1.3766416000016761,kriging_results\s570_tx29\map570_tx29_ratio0_0100.png
s570_tx29,570,29,0.02,770,0.014441552784379546,4.306344865339128,1.2925158851753789,2.0522436999999627,kriging_results\s570_tx29\map570_tx29_ratio0_0200.png
s570_tx42,570,42,0.005,193,0.031379331008388786,5.400556642186395,2.0816907172694608,0.974234899998919,kriging_results\s570_tx42\map570_tx42_ratio0_0050.png
s570_tx42,570,42,0.01,385,0.025766365439404543,4.893766660172543,1.6907857085973077,1.2860755999990943,kriging_results\s570_tx42\map570_tx42_ratio0_0100.png
s570_tx42,570,42,0.02,770,0.024858962586126132,4.806823645511739,1.3938471494740652,1.9653625000009924,kriging_results\s570_tx42\map570_tx42_ratio0_0200.png
s570_tx44,570,44,0.005,193,0.01038908244751173,4.3481232369339295,1.5229961144571953,0.9432732000004762,kriging_results\s570_tx44\map570_tx44_ratio0_0050.png
s570_tx44,570,44,0.01,385,0.012191475670466799,4.710222111547192,1.5740690911085384,1.1850820999989082,kriging_results\s570_tx44\map570_tx44_ratio0_0100.png
s570_tx44,570,44,0.02,770,0.009446208747252738,4.146121418179098,1.1607534930323333,1.7942457999997714,kriging_results\s570_tx44\map570_tx44_ratio0_0200.png
s570_tx48,570,48,0.005,193,0.009524391390003988,4.174537298294016,1.619645287749382,0.9172124999986409,kriging_results\s570_tx48\map570_tx48_ratio0_0050.png
s570_tx48,570,48,0.01,385,0.010246530850914735,4.329902827878046,1.49148098115158,1.2547326999992947,kriging_results\s570_tx48\map570_tx48_ratio0_0100.png
s570_tx48,570,48,0.02,770,0.008087053869467054,3.8466696711699093,1.1232724140814436,1.7403708000001643,kriging_results\s570_tx48\map570_tx48_ratio0_0200.png
s570_tx49,570,49,0.005,193,0.009114171804545431,3.9438358112966343,1.64586623583657,0.9035469999998895,kriging_results\s570_tx49\map570_tx49_ratio0_0050.png
s570_tx49,570,49,0.01,385,0.008986014422536453,3.9160099334732767,1.361336056929574,1.229915500000061,kriging_results\s570_tx49\map570_tx49_ratio0_0100.png
s570_tx49,570,49,0.02,770,0.007181481015159157,3.500799551665634,1.0791877929173626,1.7906186000000162,kriging_results\s570_tx49\map570_tx49_ratio0_0200.png
s570_tx52,570,52,0.005,193,0.010099122938666287,4.298213694435805,1.6251153927336575,0.9295387999991362,kriging_results\s570_tx52\map570_tx52_ratio0_0050.png
s570_tx52,570,52,0.01,385,0.010649108981456813,4.41369992971889,1.478668329860268,1.2564469999997527,kriging_results\s570_tx52\map570_tx52_ratio0_0100.png
s570_tx52,570,52,0.02,770,0.00854940704094692,3.954705662416862,1.115351755226321,1.9018415000009554,kriging_results\s570_tx52\map570_tx52_ratio0_0200.png
s570_tx56,570,56,0.005,193,0.009799742656819021,4.206487383131321,1.7195142055008208,0.9933971999998903,kriging_results\s570_tx56\map570_tx56_ratio0_0050.png
s570_tx56,570,56,0.01,385,0.009863297871990768,4.220105762588122,1.4484040074675197,1.3565276999997877,kriging_results\s570_tx56\map570_tx56_ratio0_0100.png
s570_tx56,570,56,0.02,770,0.008174380603887747,3.841843616835881,1.1539671583928774,2.041144599999825,kriging_results\s570_tx56\map570_tx56_ratio0_0200.png
s570_tx58,570,58,0.005,193,0.0109761524040775,4.377867227727282,1.6605001502667371,0.9890410999996675,kriging_results\s570_tx58\map570_tx58_ratio0_0050.png
s570_tx58,570,58,0.01,385,0.010244700729668158,4.229481777632691,1.4003784324016144,1.392639199999394,kriging_results\s570_tx58\map570_tx58_ratio0_0100.png
s570_tx58,570,58,0.02,770,0.008876028412430388,3.936831810103004,1.1559286031065563,2.0709664999994857,kriging_results\s570_tx58\map570_tx58_ratio0_0200.png
s570_tx63,570,63,0.005,193,0.00938747984684623,4.043686853861512,1.6338321418247739,1.0221817000001465,kriging_results\s570_tx63\map570_tx63_ratio0_0050.png
s570_tx63,570,63,0.01,385,0.00986109451167285,4.144437250870731,1.4262339867527747,1.3785473000007187,kriging_results\s570_tx63\map570_tx63_ratio0_0100.png
s570_tx63,570,63,0.02,770,0.007780457041552137,3.68133685728171,1.090553341977974,2.0851784000005864,kriging_results\s570_tx63\map570_tx63_ratio0_0200.png
s570_tx66,570,66,0.005,193,0.022505762236329087,5.276762486806794,2.2835071586420743,0.9598086999994848,kriging_results\s570_tx66\map570_tx66_ratio0_0050.png
s570_tx66,570,66,0.01,385,0.017108952830664964,4.600789705345669,1.6245483001137222,1.4003670000001875,kriging_results\s570_tx66\map570_tx66_ratio0_0100.png
s570_tx66,570,66,0.02,770,0.015056014920371745,4.315942895628801,1.2935860975366762,2.1276624999991327,kriging_results\s570_tx66\map570_tx66_ratio0_0200.png
s570_tx69,570,69,0.005,193,0.021944016090957245,5.214336985388693,2.2740506354400045,0.9976594999989175,kriging_results\s570_tx69\map570_tx69_ratio0_0050.png
s570_tx69,570,69,0.01,385,0.017165241869589537,4.611752540281347,1.6344736931561477,1.3699204999993526,kriging_results\s570_tx69\map570_tx69_ratio0_0100.png
s570_tx69,570,69,0.02,770,0.015069088290796498,4.321002575900675,1.3123810805324778,2.085395199999766,kriging_results\s570_tx69\map570_tx69_ratio0_0200.png
s570_tx70,570,70,0.005,193,0.009167696435540251,3.9415140139999587,1.6552593208501132,0.9872157999998308,kriging_results\s570_tx70\map570_tx70_ratio0_0050.png
s570_tx70,570,70,0.01,385,0.009127340436844569,3.9328293713596882,1.3345242450171788,1.395988899999793,kriging_results\s570_tx70\map570_tx70_ratio0_0100.png
s570_tx70,570,70,0.02,770,0.0071314103419706865,3.476327491838158,1.040305142268456,2.011766899999202,kriging_results\s570_tx70\map570_tx70_ratio0_0200.png
s570_tx71,570,71,0.005,193,0.011274513771066096,4.4928781367399875,1.6415563745495931,0.9861712000001717,kriging_results\s570_tx71\map570_tx71_ratio0_0050.png
s570_tx71,570,71,0.01,385,0.011692357999525302,4.575375964130571,1.4673693400951167,1.3485400999998092,kriging_results\s570_tx71\map570_tx71_ratio0_0100.png
s570_tx71,570,71,0.02,770,0.009415807509980329,4.105863530883901,1.136470555484727,2.06655420000061,kriging_results\s570_tx71\map570_tx71_ratio0_0200.png
s570_tx72,570,72,0.005,193,0.01465811930160261,4.8080344313673935,2.184456786720798,1.0147472000007838,kriging_results\s570_tx72\map570_tx72_ratio0_0050.png
s570_tx72,570,72,0.01,385,0.014249903213270841,4.740611789472147,1.7210995323447407,1.374724100000094,kriging_results\s570_tx72\map570_tx72_ratio0_0100.png
s570_tx72,570,72,0.02,770,0.010513887816173597,4.072021856049476,1.300357394638123,2.123128799999904,kriging_results\s570_tx72\map570_tx72_ratio0_0200.png
s581_tx01,581,1,0.005,255,0.02334860297226674,6.080819602624013,3.125497883562484,1.5012346000003163,kriging_results\s581_tx01\map581_tx1_ratio0_0050.png
s581_tx01,581,1,0.01,510,0.017663268622240463,5.288922562725606,2.397516357796728,2.0200784999997268,kriging_results\s581_tx01\map581_tx1_ratio0_0100.png
s581_tx01,581,1,0.02,1020,0.016001200989755236,5.033939135416567,1.8707960046597978,3.1487019000014698,kriging_results\s581_tx01\map581_tx1_ratio0_0200.png
s581_tx13,581,13,0.005,255,0.022627219493472517,5.794867348100669,2.9938171014859867,1.4343397000011464,kriging_results\s581_tx13\map581_tx13_ratio0_0050.png
s581_tx13,581,13,0.01,510,0.018553447269732657,5.247352174417583,2.466902776636852,2.1652548000001843,kriging_results\s581_tx13\map581_tx13_ratio0_0100.png
s581_tx13,581,13,0.02,1020,0.01523569463981906,4.755093160729331,1.8304251823607929,3.120176899999933,kriging_results\s581_tx13\map581_tx13_ratio0_0200.png
s581_tx14,581,14,0.005,255,0.025094702652273884,6.27148046523924,3.355784839330424,1.3988957000001392,kriging_results\s581_tx14\map581_tx14_ratio0_0050.png
s581_tx14,581,14,0.01,510,0.017813654858220507,5.283911874173944,2.440483533384549,2.016973700001472,kriging_results\s581_tx14\map581_tx14_ratio0_0100.png
s581_tx14,581,14,0.02,1020,0.01669634319655108,5.115519330711636,2.0015500870092295,3.097208299999693,kriging_results\s581_tx14\map581_tx14_ratio0_0200.png
s581_tx18,581,18,0.005,255,0.020586074882325934,4.837682249795706,2.6568914504321044,1.280929999998989,kriging_results\s581_tx18\map581_tx18_ratio0_0050.png
s581_tx18,581,18,0.01,510,0.017322789432503528,4.437715766002278,2.190491023257149,2.083102399999916,kriging_results\s581_tx18\map581_tx18_ratio0_0100.png
s581_tx18,581,18,0.02,1020,0.01430302903934581,4.032409005927964,1.5856558866585435,3.0893113000001904,kriging_results\s581_tx18\map581_tx18_ratio0_0200.png
s581_tx20,581,20,0.005,255,0.024927447409108506,6.169010140709372,3.105201226128073,1.490821199999118,kriging_results\s581_tx20\map581_tx20_ratio0_0050.png
s581_tx20,581,20,0.01,510,0.01744512056229956,5.160758907244035,2.2387558405856476,2.2738895999991655,kriging_results\s581_tx20\map581_tx20_ratio0_0100.png
s581_tx20,581,20,0.02,1020,0.015420193480175273,4.852007802731511,1.7791900208115943,3.17471359999945,kriging_results\s581_tx20\map581_tx20_ratio0_0200.png
s581_tx21,581,21,0.005,255,0.024630892009934027,5.984512434467738,2.9756998029648534,1.4968889000010677,kriging_results\s581_tx21\map581_tx21_ratio0_0050.png
s581_tx21,581,21,0.01,510,0.020314805019102274,5.434943528052963,2.3643670662560408,2.0891167000008863,kriging_results\s581_tx21\map581_tx21_ratio0_0100.png
s581_tx21,581,21,0.02,1020,0.017763132754487657,5.082161788266527,1.8514668825666156,3.2008389000002353,kriging_results\s581_tx21\map581_tx21_ratio0_0200.png
s581_tx22,581,22,0.005,255,0.024923651519610904,6.1713782169316405,3.147498704679588,1.4733202000006713,kriging_results\s581_tx22\map581_tx22_ratio0_0050.png
s581_tx22,581,22,0.01,510,0.01932369210299991,5.434021809232422,2.423816446625132,2.0973016999996617,kriging_results\s581_tx22\map581_tx22_ratio0_0100.png
s581_tx22,581,22,0.02,1020,0.017439672330947408,5.16232671698163,1.889247264342596,3.25020559999939,kriging_results\s581_tx22\map581_tx22_ratio0_0200.png
s581_tx29,581,29,0.005,255,0.028208304080258907,6.145524259237002,3.1306592418675745,1.4684443000005558,kriging_results\s581_tx29\map581_tx29_ratio0_0050.png
s581_tx29,581,29,0.01,510,0.02197099733721482,5.423695965220648,2.3770625317511196,2.041570100000172,kriging_results\s581_tx29\map581_tx29_ratio0_0100.png
s581_tx29,581,29,0.02,1020,0.01822199761548233,4.939334512042958,1.8270088890715808,3.2083815000005416,kriging_results\s581_tx29\map581_tx29_ratio0_0200.png
s581_tx33,581,33,0.005,255,0.025460325053729603,6.127130199296167,2.981017589307114,1.4497078999993391,kriging_results\s581_tx33\map581_tx33_ratio0_0050.png
s581_tx33,581,33,0.01,510,0.01720799900399628,5.037213075036783,2.16805941111139,2.14712690000124,kriging_results\s581_tx33\map581_tx33_ratio0_0100.png
s581_tx33,581,33,0.02,1020,0.01571785380487941,4.814173695742747,1.7540178916469473,3.2183860999994067,kriging_results\s581_tx33\map581_tx33_ratio0_0200.png
s581_tx39,581,39,0.005,255,0.02486790076141769,6.165412459509613,3.0665611823680554,1.4004118000011658,kriging_results\s581_tx39\map581_tx39_ratio0_0050.png
s581_tx39,581,39,0.01,510,0.01822144452730223,5.277569711919749,2.3251673899998555,2.0695616000011796,kriging_results\s581_tx39\map581_tx39_ratio0_0100.png
s581_tx39,581,39,0.02,1020,0.016613628175466803,5.0393533820111855,1.7777889066977157,3.1859745000001567,kriging_results\s581_tx39\map581_tx39_ratio0_0200.png
s581_tx41,581,41,0.005,255,0.02745923231307157,6.489855453224934,3.31238341041435,1.4915920000003098,kriging_results\s581_tx41\map581_tx41_ratio0_0050.png
s581_tx41,581,41,0.01,510,0.01779308819853636,5.224160262972119,2.339804330563379,2.072870399999374,kriging_results\s581_tx41\map581_tx41_ratio0_0100.png
s581_tx41,581,41,0.02,1020,0.015638414234890815,4.897643665022066,1.8643334459616638,3.069901099999697,kriging_results\s581_tx41\map581_tx41_ratio0_0200.png
s581_tx49,581,49,0.005,255,0.02822240198221693,6.19712643031701,3.184267488381859,1.425422600001184,kriging_results\s581_tx49\map581_tx49_ratio0_0050.png
s581_tx49,581,49,0.01,510,0.020050605750482477,5.22344612039743,2.398166167568575,2.0291537000011886,kriging_results\s581_tx49\map581_tx49_ratio0_0100.png
s581_tx49,581,49,0.02,1020,0.01743733004048605,4.871170898778814,1.9012058544884989,3.143202499999461,kriging_results\s581_tx49\map581_tx49_ratio0_0200.png
s581_tx50,581,50,0.005,255,0.02549176907261895,6.1862359834648695,3.0978262534312573,1.408036599999832,kriging_results\s581_tx50\map581_tx50_ratio0_0050.png
s581_tx50,581,50,0.01,510,0.021018884241087856,5.617347954600424,2.4739483215868563,2.1040986999996676,kriging_results\s581_tx50\map581_tx50_ratio0_0100.png
s581_tx50,581,50,0.02,1020,0.018228668562142288,5.231231896170154,1.8797607453312346,3.1787215000003926,kriging_results\s581_tx50\map581_tx50_ratio0_0200.png
s581_tx54,581,54,0.005,255,0.02740254918921615,6.250991268236257,3.1775269695114616,1.4744907000003877,kriging_results\s581_tx54\map581_tx54_ratio0_0050.png
s581_tx54,581,54,0.01,510,0.02037369336133027,5.389994086509925,2.4274458488857773,2.142285500000071,kriging_results\s581_tx54\map581_tx54_ratio0_0100.png
s581_tx54,581,54,0.02,1020,0.017047436164659868,4.930408933497706,1.8780280628867525,3.1299700999989,kriging_results\s581_tx54\map581_tx54_ratio0_0200.png
s581_tx57,581,57,0.005,255,0.025996384806431443,6.052716260125053,3.149211123659382,1.4220690000001923,kriging_results\s581_tx57\map581_tx57_ratio0_0050.png
s581_tx57,581,57,0.01,510,0.019329049084050157,5.219141671416727,2.4526979092965555,2.1234476000008726,kriging_results\s581_tx57\map581_tx57_ratio0_0100.png
s581_tx57,581,57,0.02,1020,0.017392573945877746,4.950804333867098,1.9669886833737629,3.1778690999999526,kriging_results\s581_tx57\map581_tx57_ratio0_0200.png
s581_tx62,581,62,0.005,255,0.022334659595113195,5.424029027897723,2.788448502453986,1.4602088999999978,kriging_results\s581_tx62\map581_tx62_ratio0_0050.png
s581_tx62,581,62,0.01,510,0.01708974443895241,4.744605678966083,2.1851508309202865,2.202041599999575,kriging_results\s581_tx62\map581_tx62_ratio0_0100.png
s581_tx62,581,62,0.02,1020,0.01363902122974395,4.238614692610668,1.6369457569725612,3.2233230999991065,kriging_results\s581_tx62\map581_tx62_ratio0_0200.png
s581_tx63,581,63,0.005,255,0.0272561931131025,6.318635930801452,3.327263788603958,1.393538799999078,kriging_results\s581_tx63\map581_tx63_ratio0_0050.png
s581_tx63,581,63,0.01,510,0.01850903966108916,5.206941239564962,2.4015571100821664,2.1169914999991306,kriging_results\s581_tx63\map581_tx63_ratio0_0100.png
s581_tx63,581,63,0.02,1020,0.016951239363615207,4.983006569621497,1.992087106485399,3.23138629999994,kriging_results\s581_tx63\map581_tx63_ratio0_0200.png
s581_tx71,581,71,0.005,255,0.029235178815452383,6.053047503362635,2.917279491899115,1.4602761000005557,kriging_results\s581_tx71\map581_tx71_ratio0_0050.png
s581_tx71,581,71,0.01,510,0.017223900277956974,4.646082899469958,2.0847207169622224,2.1340282000001025,kriging_results\s581_tx71\map581_tx71_ratio0_0100.png
s581_tx71,581,71,0.02,1020,0.015281706370860005,4.376300457433285,1.6177253058469236,3.2434603000001516,kriging_results\s581_tx71\map581_tx71_ratio0_0200.png
s581_tx72,581,72,0.005,255,0.02833187866988026,6.361177113843008,3.290298577483731,1.4748975999991671,kriging_results\s581_tx72\map581_tx72_ratio0_0050.png
s581_tx72,581,72,0.01,510,0.021484529088900087,5.539399926151579,2.4863648923223147,2.2140711000010924,kriging_results\s581_tx72\map581_tx72_ratio0_0100.png
s581_tx72,581,72,0.02,1020,0.017873942921814056,5.052542613013287,1.9514779474940913,3.2593912000011187,kriging_results\s581_tx72\map581_tx72_ratio0_0200.png
s581_tx73,581,73,0.005,255,0.022563106253846,5.175435623614546,2.747816844054251,1.4313497000002826,kriging_results\s581_tx73\map581_tx73_ratio0_0050.png
s581_tx73,581,73,0.01,510,0.019151545349402162,4.768144204948975,2.266548213026099,2.076127500000439,kriging_results\s581_tx73\map581_tx73_ratio0_0100.png
s581_tx73,581,73,0.02,1020,0.016214977802282194,4.38738397183043,1.679585146741191,3.2682757999991736,kriging_results\s581_tx73\map581_tx73_ratio0_0200.png
s592_tx04,592,4,0.005,240,0.02002238201573535,5.6130575863720376,2.611643758098886,1.3943116999998892,kriging_results\s592_tx04\map592_tx4_ratio0_0050.png
s592_tx04,592,4,0.01,479,0.015466647634312287,4.933324791528581,2.0697804999967637,1.8511309000004985,kriging_results\s592_tx04\map592_tx4_ratio0_0100.png
s592_tx04,592,4,0.02,957,0.01198089276790224,4.341963896072128,1.4238720185842224,2.9541423000009672,kriging_results\s592_tx04\map592_tx4_ratio0_0200.png
s592_tx05,592,5,0.005,240,0.01461182617459745,4.834831253306834,2.598171258696527,1.3329522000003635,kriging_results\s592_tx05\map592_tx5_ratio0_0050.png
s592_tx05,592,5,0.01,479,0.012827713971335806,4.530057341374258,1.9995490078384923,1.926853500001016,kriging_results\s592_tx05\map592_tx5_ratio0_0100.png
s592_tx05,592,5,0.02,957,0.009563151185578262,3.9113760937431885,1.4738512295209873,2.9859512000002724,kriging_results\s592_tx05\map592_tx5_ratio0_0200.png
s592_tx08,592,8,0.005,240,0.026712878427254762,4.934406442907173,2.4626437355724877,1.2623275000005378,kriging_results\s592_tx08\map592_tx8_ratio0_0050.png
s592_tx08,592,8,0.01,479,0.018262998139515964,4.0800042966628345,1.735059513718306,1.8893803999999363,kriging_results\s592_tx08\map592_tx8_ratio0_0100.png
s592_tx08,592,8,0.02,957,0.015895509933954038,3.80637707788531,1.3184028331019302,2.8966947000008076,kriging_results\s592_tx08\map592_tx8_ratio0_0200.png
s592_tx12,592,12,0.005,240,0.014312595029423792,4.769008691236068,2.5361880551036946,1.3091110000004846,kriging_results\s592_tx12\map592_tx12_ratio0_0050.png
s592_tx12,592,12,0.01,479,0.014082565691910942,4.730530157120044,2.153763959526846,1.9062742999994953,kriging_results\s592_tx12\map592_tx12_ratio0_0100.png
s592_tx12,592,12,0.02,957,0.009924435916420888,3.9712007401346145,1.561957867137363,2.813215299998774,kriging_results\s592_tx12\map592_tx12_ratio0_0200.png
s592_tx13,592,13,0.005,240,0.016388538435418567,4.720177190617765,2.441348429915398,1.3027111000010336,kriging_results\s592_tx13\map592_tx13_ratio0_0050.png
s592_tx13,592,13,0.01,479,0.012223240811503474,4.076442978328026,1.809038856131801,1.9368001999991975,kriging_results\s592_tx13\map592_tx13_ratio0_0100.png
s592_tx13,592,13,0.02,957,0.009776944156964295,3.6457740805733003,1.3344346710279094,2.724534799999674,kriging_results\s592_tx13\map592_tx13_ratio0_0200.png
s592_tx22,592,22,0.005,240,0.022221405032683668,5.381976685983128,2.608989234312408,1.3073734999998123,kriging_results\s592_tx22\map592_tx22_ratio0_0050.png
s592_tx22,592,22,0.01,479,0.01535220436579935,4.473437972619945,1.912151241916632,1.8992080000007263,kriging_results\s592_tx22\map592_tx22_ratio0_0100.png
s592_tx22,592,22,0.02,957,0.012318257380502132,4.00710464845092,1.3939938689989022,2.932015099999262,kriging_results\s592_tx22\map592_tx22_ratio0_0200.png
s592_tx23,592,23,0.005,240,0.017482992358989327,5.566428409358379,2.7197869798456575,1.346549199999572,kriging_results\s592_tx23\map592_tx23_ratio0_0050.png
s592_tx23,592,23,0.01,479,0.013956418002638065,4.973426756113908,2.0653899263715507,1.9485227999994095,kriging_results\s592_tx23\map592_tx23_ratio0_0100.png
s592_tx23,592,23,0.02,957,0.011362526784489058,4.487517976810748,1.5918536847018774,2.9081011999987822,kriging_results\s592_tx23\map592_tx23_ratio0_0200.png
s592_tx24,592,24,0.005,240,0.01994123189984189,5.8543109842524155,2.7624167710071603,1.3203895999995439,kriging_results\s592_tx24\map592_tx24_ratio0_0050.png
s592_tx24,592,24,0.01,479,0.01546115838964981,5.154906711583661,2.0947699630161765,1.9472119999991264,kriging_results\s592_tx24\map592_tx24_ratio0_0100.png
s592_tx24,592,24,0.02,957,0.011798595698469165,4.503134904909756,1.5241604578717354,2.918259499998385,kriging_results\s592_tx24\map592_tx24_ratio0_0200.png
s592_tx29,592,29,0.005,240,0.01800354339032411,5.364251780264626,2.6674437217013716,1.3792501999996603,kriging_results\s592_tx29\map592_tx29_ratio0_0050.png
s592_tx29,592,29,0.01,479,0.013779673961945845,4.692989948939629,1.965467414080703,1.9294546999990416,kriging_results\s592_tx29\map592_tx29_ratio0_0100.png
s592_tx29,592,29,0.02,957,0.010922969146380685,4.178308550473839,1.5093794450459197,2.891985399999612,kriging_results\s592_tx29\map592_tx29_ratio0_0200.png
s592_tx31,592,31,0.005,240,0.017634850579832606,5.663575199798616,2.899701197669589,1.3641256999999314,kriging_results\s592_tx31\map592_tx31_ratio0_0050.png
s592_tx31,592,31,0.01,479,0.0144863157538874,5.13314758013396,2.124082104781105,1.963615499998923,kriging_results\s592_tx31\map592_tx31_ratio0_0100.png
s592_tx31,592,31,0.02,957,0.011543326815063648,4.582160244393728,1.5862654071593152,2.9216515999996773,kriging_results\s592_tx31\map592_tx31_ratio0_0200.png
s592_tx38,592,38,0.005,240,0.019502384402740915,6.03723411443876,3.189302853779459,1.3206884999999602,kriging_results\s592_tx38\map592_tx38_ratio0_0050.png
s592_tx38,592,38,0.01,479,0.015137320307489661,5.3188611613618875,2.2467464156061885,1.8674773999991885,kriging_results\s592_tx38\map592_tx38_ratio0_0100.png
s592_tx38,592,38,0.02,957,0.012048906120314803,4.745346844152078,1.6544096676254687,2.8425164000000223,kriging_results\s592_tx38\map592_tx38_ratio0_0200.png
s592_tx40,592,40,0.005,240,0.019533677650453538,6.059160364378515,3.064823305845121,1.3572414000009303,kriging_results\s592_tx40\map592_tx40_ratio0_0050.png
s592_tx40,592,40,0.01,479,0.01576452929658954,5.443283429285632,2.324505961578387,1.8767747999991116,kriging_results\s592_tx40\map592_tx40_ratio0_0100.png
s592_tx40,592,40,0.02,957,0.011348294553600802,4.6183382744124,1.621103131692326,3.0567288999991433,kriging_results\s592_tx40\map592_tx40_ratio0_0200.png
s592_tx47,592,47,0.005,240,0.018393956598591395,5.780049765266015,2.8242448144925323,1.38066230000004,kriging_results\s592_tx47\map592_tx47_ratio0_0050.png
s592_tx47,592,47,0.01,479,0.014396732145567945,5.1135907484885035,2.160699879135128,1.929167199999938,kriging_results\s592_tx47\map592_tx47_ratio0_0100.png
s592_tx47,592,47,0.02,957,0.011404109748409729,4.55118716067081,1.598599779812241,2.975968800001283,kriging_results\s592_tx47\map592_tx47_ratio0_0200.png
s592_tx52,592,52,0.005,240,0.029092716755906713,4.457862588529482,2.2320351054698935,1.3508181999986846,kriging_results\s592_tx52\map592_tx52_ratio0_0050.png
s592_tx52,592,52,0.01,479,0.021902095970368175,3.8679190748049335,1.6873905055547045,1.939998600000763,kriging_results\s592_tx52\map592_tx52_ratio0_0100.png
s592_tx52,592,52,0.02,957,0.018089487602321805,3.515180858760319,1.2467356030434742,2.8500629999998637,kriging_results\s592_tx52\map592_tx52_ratio0_0200.png
s592_tx59,592,59,0.005,240,0.021405139584935434,5.988057982964837,2.886991555568934,1.3471616999995604,kriging_results\s592_tx59\map592_tx59_ratio0_0050.png
s592_tx59,592,59,0.01,479,0.015135750730087943,5.03534167228362,1.9916500990592367,1.8968120999998064,kriging_results\s592_tx59\map592_tx59_ratio0_0100.png
s592_tx59,592,59,0.02,957,0.011718346607452907,4.430575419806391,1.4601454899503883,2.899161199999071,kriging_results\s592_tx59\map592_tx59_ratio0_0200.png
s592_tx60,592,60,0.005,240,0.01494639238858907,4.695805180579738,2.4306239458074375,1.34761140000046,kriging_results\s592_tx60\map592_tx60_ratio0_0050.png
s592_tx60,592,60,0.01,479,0.013260576850096744,4.423062630120793,1.8966345369511746,1.8964164999997593,kriging_results\s592_tx60\map592_tx60_ratio0_0100.png
s592_tx60,592,60,0.02,957,0.009854093253095213,3.8128543641122703,1.3662436203662693,2.8967573000008997,kriging_results\s592_tx60\map592_tx60_ratio0_0200.png
s592_tx64,592,64,0.005,240,0.02560668403881084,6.020860373259333,2.9804300798105237,1.3776060999989568,kriging_results\s592_tx64\map592_tx64_ratio0_0050.png
s592_tx64,592,64,0.01,479,0.015551992704111024,4.692182511435569,1.9867849031738527,1.9064603999995597,kriging_results\s592_tx64\map592_tx64_ratio0_0100.png
s592_tx64,592,64,0.02,957,0.013272128327685852,4.334631331154013,1.4905574629814657,2.9605816999992385,kriging_results\s592_tx64\map592_tx64_ratio0_0200.png
s592_tx66,592,66,0.005,240,0.013984627791231392,4.341903573069542,2.2813939053627266,1.4309431000001496,kriging_results\s592_tx66\map592_tx66_ratio0_0050.png
s592_tx66,592,66,0.01,479,0.01295043650487377,4.178274109129549,1.7656366900675091,1.96822659999998,kriging_results\s592_tx66\map592_tx66_ratio0_0100.png
s592_tx66,592,66,0.02,957,0.010014046540256038,3.674172335584153,1.340832967647314,2.916718200000105,kriging_results\s592_tx66\map592_tx66_ratio0_0200.png
s592_tx71,592,71,0.005,240,0.02425209163096541,5.828742158359767,2.9685251670327584,1.3537737000006018,kriging_results\s592_tx71\map592_tx71_ratio0_0050.png
s592_tx71,592,71,0.01,479,0.01558572112217481,4.672654688381746,2.0133496691493313,1.8573722999990423,kriging_results\s592_tx71\map592_tx71_ratio0_0100.png
s592_tx71,592,71,0.02,957,0.01347389004696449,4.344569444273607,1.5612516604987656,2.930015899999489,kriging_results\s592_tx71\map592_tx71_ratio0_0200.png
s592_tx74,592,74,0.005,240,0.0276440649014503,5.185262735184775,2.498161460281146,1.3534720999996352,kriging_results\s592_tx74\map592_tx74_ratio0_0050.png
s592_tx74,592,74,0.01,479,0.020349486990516773,4.44883759713515,1.8358677938010985,1.9633899000000383,kriging_results\s592_tx74\map592_tx74_ratio0_0100.png
s592_tx74,592,74,0.02,957,0.014200808671220075,3.7164334201016946,1.2758923736595236,2.9935189000007085,kriging_results\s592_tx74\map592_tx74_ratio0_0200.png
s605_tx01,605,1,0.005,315,0.00498058688960518,3.25785648532142,1.2215551323033673,1.9459611000002042,kriging_results\s605_tx01\map605_tx1_ratio0_0050.png
s605_tx01,605,1,0.01,629,0.002645787224245308,2.3744834455458745,0.7642745266153772,2.827994299999773,kriging_results\s605_tx01\map605_tx1_ratio0_0100.png
s605_tx01,605,1,0.02,1257,0.0019907877708234246,2.0597009828337116,0.5179721717885475,4.344021099999736,kriging_results\s605_tx01\map605_tx1_ratio0_0200.png
s605_tx03,605,3,0.005,315,0.002740542062215589,2.5735936391444487,0.9276129855625102,2.0198168999995687,kriging_results\s605_tx03\map605_tx3_ratio0_0050.png
s605_tx03,605,3,0.01,629,0.002479554100576779,2.447983803061796,0.7021989779278969,2.965682600000946,kriging_results\s605_tx03\map605_tx3_ratio0_0100.png
s605_tx03,605,3,0.02,1257,0.0015781399205112654,1.9529651562920858,0.4567510434002123,4.613267400000041,kriging_results\s605_tx03\map605_tx3_ratio0_0200.png
s605_tx05,605,5,0.005,315,0.004991756944522637,2.702632543788114,0.9240587503714102,2.0049086999988504,kriging_results\s605_tx05\map605_tx5_ratio0_0050.png
s605_tx05,605,5,0.01,629,0.004852432921379353,2.6646493502938964,0.7089808198051236,3.057019100000616,kriging_results\s605_tx05\map605_tx5_ratio0_0100.png
s605_tx05,605,5,0.02,1257,0.00201639583687702,1.7177033999886824,0.4066666102602138,4.722974100001011,kriging_results\s605_tx05\map605_tx5_ratio0_0200.png
s605_tx07,605,7,0.005,315,0.0030856127677766428,2.6592152785282535,0.9445045636583196,2.0300084999998944,kriging_results\s605_tx07\map605_tx7_ratio0_0050.png
s605_tx07,605,7,0.01,629,0.002376904461841394,2.3339343909358665,0.6919806276339505,3.0434674999996787,kriging_results\s605_tx07\map605_tx7_ratio0_0100.png
s605_tx07,605,7,0.02,1257,0.0014271455588597264,1.8084933256423434,0.42990196324202307,4.62639130000025,kriging_results\s605_tx07\map605_tx7_ratio0_0200.png
s605_tx11,605,11,0.005,315,0.0024618414250029896,2.404073634632076,0.8879435834267156,2.0298563999986072,kriging_results\s605_tx11\map605_tx11_ratio0_0050.png
s605_tx11,605,11,0.01,629,0.0022256476215553865,2.2858405579780046,0.6625559816477656,3.005423599999631,kriging_results\s605_tx11\map605_tx11_ratio0_0100.png
s605_tx11,605,11,0.02,1257,0.0013615453040161922,1.787861104165308,0.4360375634169923,4.618101599999136,kriging_results\s605_tx11\map605_tx11_ratio0_0200.png
s605_tx14,605,14,0.005,315,0.004717583460171149,3.1996417902588106,1.1234826590502263,2.028289899999436,kriging_results\s605_tx14\map605_tx14_ratio0_0050.png
s605_tx14,605,14,0.01,629,0.002756431114317312,2.445767241735152,0.7701857104112928,3.060890199998539,kriging_results\s605_tx14\map605_tx14_ratio0_0100.png
s605_tx14,605,14,0.02,1257,0.0020496075366253485,2.1090016018944553,0.4813647691271675,4.504269799999747,kriging_results\s605_tx14\map605_tx14_ratio0_0200.png
s605_tx20,605,20,0.005,315,0.0037262075983613644,2.778945436066133,1.056672639847409,2.002475900000718,kriging_results\s605_tx20\map605_tx20_ratio0_0050.png
s605_tx20,605,20,0.01,629,0.0021426351497122026,2.107272090474743,0.688911421959121,3.0073997999988933,kriging_results\s605_tx20\map605_tx20_ratio0_0100.png
s605_tx20,605,20,0.02,1257,0.0016876202108424814,1.8701819568814528,0.47182668655676263,4.700706100000389,kriging_results\s605_tx20\map605_tx20_ratio0_0200.png
s605_tx26,605,26,0.005,315,0.0030012131543683024,2.6790200988644917,0.9723697486761351,2.0844352999993134,kriging_results\s605_tx26\map605_tx26_ratio0_0050.png
s605_tx26,605,26,0.01,629,0.0024395365134097023,2.41535630313047,0.7060272085406334,2.968947199999093,kriging_results\s605_tx26\map605_tx26_ratio0_0100.png
s605_tx26,605,26,0.02,1257,0.0015088060426532027,1.899521652410706,0.45429703264436205,4.715926700000637,kriging_results\s605_tx26\map605_tx26_ratio0_0200.png
s605_tx30,605,30,0.005,315,0.004702495987174814,3.2413719545954542,1.1873674413950976,2.0314015000003565,kriging_results\s605_tx30\map605_tx30_ratio0_0050.png
s605_tx30,605,30,0.01,629,0.0026036821923598762,2.4118963561067988,0.7054668852015016,2.8738192999990133,kriging_results\s605_tx30\map605_tx30_ratio0_0100.png
s605_tx30,605,30,0.02,1257,0.0020061857861083695,2.117143204973045,0.4926194013504628,4.579857099999572,kriging_results\s605_tx30\map605_tx30_ratio0_0200.png
s605_tx33,605,33,0.005,315,0.005122518190899101,3.317842533135358,1.1865047891507168,2.0747866999990947,kriging_results\s605_tx33\map605_tx33_ratio0_0050.png
s605_tx33,605,33,0.01,629,0.002511059023638613,2.3229640004290495,0.7041331282880567,2.9523322000004555,kriging_results\s605_tx33\map605_tx33_ratio0_0100.png
s605_tx33,605,33,0.02,1257,0.002008968044982615,2.0777846671595577,0.5267364273416159,4.776396699999168,kriging_results\s605_tx33\map605_tx33_ratio0_0200.png
s605_tx43,605,43,0.005,315,0.00581470868658418,3.1859286441928765,1.2459803468487223,2.103334299999915,kriging_results\s605_tx43\map605_tx43_ratio0_0050.png
s605_tx43,605,43,0.01,629,0.0037666376968379157,2.56418283806045,0.9046041402794307,3.0300518999993074,kriging_results\s605_tx43\map605_tx43_ratio0_0100.png
s605_tx43,605,43,0.02,1257,0.002762970994242307,2.1961410538826973,0.5911113083032433,4.6405460000005405,kriging_results\s605_tx43\map605_tx43_ratio0_0200.png
s605_tx46,605,46,0.005,315,0.003471778438712235,2.799401117429765,1.0483716806980172,2.0428040999995574,kriging_results\s605_tx46\map605_tx46_ratio0_0050.png
s605_tx46,605,46,0.01,629,0.0029992354413013143,2.601922741155069,0.8233696823474702,3.0288032999997085,kriging_results\s605_tx46\map605_tx46_ratio0_0100.png
s605_tx46,605,46,0.02,1257,0.001838795549454078,2.03730403789664,0.523850207281134,4.618239200000971,kriging_results\s605_tx46\map605_tx46_ratio0_0200.png
s605_tx56,605,56,0.005,315,0.0023191684401104324,2.3681717512874396,0.8559839582962363,2.0366123000003427,kriging_results\s605_tx56\map605_tx56_ratio0_0050.png
s605_tx56,605,56,0.01,629,0.002298183011866226,2.357432965042155,0.6650261946059035,2.919157600001199,kriging_results\s605_tx56\map605_tx56_ratio0_0100.png
s605_tx56,605,56,0.02,1257,0.0015157668691235654,1.914534727620494,0.4451716563836268,4.5701859000000695,kriging_results\s605_tx56\map605_tx56_ratio0_0200.png
s605_tx59,605,59,0.005,315,0.0032068710478945295,2.768402177269307,1.0008874630771694,2.093442600000344,kriging_results\s605_tx59\map605_tx59_ratio0_0050.png
s605_tx59,605,59,0.01,629,0.0025529681074924994,2.470080514145738,0.7263862076529405,3.040432100000544,kriging_results\s605_tx59\map605_tx59_ratio0_0100.png
s605_tx59,605,59,0.02,1257,0.0015586279926690272,1.9300104320493112,0.4650991080013262,4.739240599999903,kriging_results\s605_tx59\map605_tx59_ratio0_0200.png
s605_tx64,605,64,0.005,315,0.0033627049284532754,2.732560273707683,1.028956666517631,2.01734740000029,kriging_results\s605_tx64\map605_tx64_ratio0_0050.png
s605_tx64,605,64,0.01,629,0.0029133655560723967,2.543447938418989,0.7682000125791021,2.975789899999654,kriging_results\s605_tx64\map605_tx64_ratio0_0100.png
s605_tx64,605,64,0.02,1257,0.0016253107761806797,1.899737370432774,0.496553216527282,4.755193299999519,kriging_results\s605_tx64\map605_tx64_ratio0_0200.png
s605_tx66,605,66,0.005,315,0.0024932187009014655,2.43041772371589,0.8939469023498274,2.057682400001795,kriging_results\s605_tx66\map605_tx66_ratio0_0050.png
s605_tx66,605,66,0.01,629,0.0022197783849586396,2.293271924532227,0.6553795455618834,3.014571399999113,kriging_results\s605_tx66\map605_tx66_ratio0_0100.png
s605_tx66,605,66,0.02,1257,0.001440019321616476,1.8470765295993699,0.4507824584529607,4.780833199998597,kriging_results\s605_tx66\map605_tx66_ratio0_0200.png
s605_tx68,605,68,0.005,315,0.004659636838095099,3.089813348367901,1.0587715430164684,2.0358287999988534,kriging_results\s605_tx68\map605_tx68_ratio0_0050.png
s605_tx68,605,68,0.01,629,0.0028474717721551257,2.415382511638935,0.7630834710008283,3.0984134999998787,kriging_results\s605_tx68\map605_tx68_ratio0_0100.png
s605_tx68,605,68,0.02,1257,0.002192933615575553,2.119673352474857,0.48594653384040554,4.67587420000018,kriging_results\s605_tx68\map605_tx68_ratio0_0200.png
s605_tx73,605,73,0.005,315,0.003090858701408208,2.702808794797144,0.9567029353973783,2.0836574000004475,kriging_results\s605_tx73\map605_tx73_ratio0_0050.png
s605_tx73,605,73,0.01,629,0.0025156292442525064,2.4383669322748087,0.7211222542670285,2.978969900001175,kriging_results\s605_tx73\map605_tx73_ratio0_0100.png
s605_tx73,605,73,0.02,1257,0.001483047875475951,1.8722046853996177,0.45089440622935056,4.62179020000076,kriging_results\s605_tx73\map605_tx73_ratio0_0200.png
s605_tx77,605,77,0.005,315,0.0034785284387963363,2.714588018528967,1.1171315295726465,2.017280199999732,kriging_results\s605_tx77\map605_tx77_ratio0_0050.png
s605_tx77,605,77,0.01,629,0.003297608321410425,2.6430518440687036,0.7969455785782308,3.1114593999991484,kriging_results\s605_tx77\map605_tx77_ratio0_0100.png
s605_tx77,605,77,0.02,1257,0.001935073067676383,2.0246726660876946,0.5029594779371297,4.635519600000407,kriging_results\s605_tx77\map605_tx77_ratio0_0200.png
s605_tx78,605,78,0.005,315,0.004598587717849144,3.2459980414013585,1.2620758584388583,2.108187800000451,kriging_results\s605_tx78\map605_tx78_ratio0_0050.png
s605_tx78,605,78,0.01,629,0.003124921299839397,2.675811811688664,0.916123487769195,2.9960559000010107,kriging_results\s605_tx78\map605_tx78_ratio0_0100.png
s605_tx78,605,78,0.02,1257,0.0021632489672666587,2.2263286182486506,0.5765507092654701,4.592836400001033,kriging_results\s605_tx78\map605_tx78_ratio0_0200.png
s606_tx01,606,1,0.005,287,0.015478264218028413,4.908422437650313,2.3524687524144463,1.7651851000009628,kriging_results\s606_tx01\map606_tx1_ratio0_0050.png
s606_tx01,606,1,0.01,573,0.013482989597322302,4.581143603351656,1.8968188083468451,2.611082000001261,kriging_results\s606_tx01\map606_tx1_ratio0_0100.png
s606_tx01,606,1,0.02,1145,0.010884604473380105,4.116111527724803,1.4623577432789747,3.849377900000036,kriging_results\s606_tx01\map606_tx1_ratio0_0200.png
s606_tx04,606,4,0.005,287,0.01424362959207064,4.607853376853439,2.341902376121071,1.7654263999993418,kriging_results\s606_tx04\map606_tx4_ratio0_0050.png
s606_tx04,606,4,0.01,573,0.013619057002835694,4.505695441499921,1.9728730242779577,2.581516800000827,kriging_results\s606_tx04\map606_tx4_ratio0_0100.png
s606_tx04,606,4,0.02,1145,0.011791572835868873,4.192510735926448,1.5034031448065652,3.9241417000012007,kriging_results\s606_tx04\map606_tx4_ratio0_0200.png
s606_tx05,606,5,0.005,287,0.015106171554457624,4.692847405452853,2.237883361185067,1.7357716999995318,kriging_results\s606_tx05\map606_tx5_ratio0_0050.png
s606_tx05,606,5,0.01,573,0.013949255347521202,4.509565924616382,1.9561250406435358,2.5843014999991283,kriging_results\s606_tx05\map606_tx5_ratio0_0100.png
s606_tx05,606,5,0.02,1145,0.011375341652223904,4.0723157983011555,1.4588102675830648,3.931610499999806,kriging_results\s606_tx05\map606_tx5_ratio0_0200.png
s606_tx06,606,6,0.005,287,0.012254813328698145,4.784595913200911,2.361821345253833,1.6224610999997822,kriging_results\s606_tx06\map606_tx6_ratio0_0050.png
s606_tx06,606,6,0.01,573,0.011760148943781997,4.687036442343831,2.034944778652474,2.6161616000008507,kriging_results\s606_tx06\map606_tx6_ratio0_0100.png
s606_tx06,606,6,0.02,1145,0.009033875631578587,4.107986135013746,1.4850913171232296,3.8862376999986736,kriging_results\s606_tx06\map606_tx6_ratio0_0200.png
s606_tx11,606,11,0.005,287,0.009699327537954047,4.1756506230742705,2.061681120896226,1.7349604999999428,kriging_results\s606_tx11\map606_tx11_ratio0_0050.png
s606_tx11,606,11,0.01,573,0.0077938208253584135,3.743075188362828,1.5784196047133696,2.5968168000017613,kriging_results\s606_tx11\map606_tx11_ratio0_0100.png
s606_tx11,606,11,0.02,1145,0.0061381466405962554,3.3217884218142344,1.24308999663863,3.7661317000001873,kriging_results\s606_tx11\map606_tx11_ratio0_0200.png
s606_tx14,606,14,0.005,287,0.01073963399545021,3.9954008997023323,1.8414086289068556,1.7238098999987415,kriging_results\s606_tx14\map606_tx14_ratio0_0050.png
s606_tx14,606,14,0.01,573,0.009283868264253094,3.71475439121807,1.499054677998983,2.6285896000008506,kriging_results\s606_tx14\map606_tx14_ratio0_0100.png
s606_tx14,606,14,0.02,1145,0.008026618758737438,3.4540763454929553,1.1752233921165136,3.927010399998835,kriging_results\s606_tx14\map606_tx14_ratio0_0200.png
s606_tx16,606,16,0.005,287,0.018555820087355908,4.733819859138607,2.1999389472739606,1.7942155999990064,kriging_results\s606_tx16\map606_tx16_ratio0_0050.png
s606_tx16,606,16,0.01,573,0.017480124506196276,4.594559848426555,1.8479535793638242,2.514518300000418,kriging_results\s606_tx16\map606_tx16_ratio0_0100.png
s606_tx16,606,16,0.02,1145,0.015247616648877395,4.291139494196683,1.4384915816040722,3.6692488999997295,kriging_results\s606_tx16\map606_tx16_ratio0_0200.png
s606_tx24,606,24,0.005,287,0.019273628981310506,4.49568287435469,1.9653058711929896,1.7696173999993334,kriging_results\s606_tx24\map606_tx24_ratio0_0050.png
s606_tx24,606,24,0.01,573,0.019337179250100537,4.5030884476834245,1.6954993697761789,2.542129900000873,kriging_results\s606_tx24\map606_tx24_ratio0_0100.png
s606_tx24,606,24,0.02,1145,0.01697326486463214,4.218874536952794,1.429554899678005,4.032588300000498,kriging_results\s606_tx24\map606_tx24_ratio0_0200.png
s606_tx31,606,31,0.005,287,0.010045011057682261,4.220981595093401,2.0687872239055,1.7220058999992034,kriging_results\s606_tx31\map606_tx31_ratio0_0050.png
s606_tx31,606,31,0.01,573,0.007466441871007542,3.6391091846307653,1.5883930659274133,2.608809100000144,kriging_results\s606_tx31\map606_tx31_ratio0_0100.png
s606_tx31,606,31,0.02,1145,0.005669854536176764,3.1712041680807266,1.216392306865578,3.9456637000002956,kriging_results\s606_tx31\map606_tx31_ratio0_0200.png
s606_tx32,606,32,0.005,287,0.011040959398349148,4.47815773148675,2.102303524539895,1.7348285000007309,kriging_results\s606_tx32\map606_tx32_ratio0_0050.png
s606_tx32,606,32,0.01,573,0.010036873778266698,4.269678858642202,1.8003754229194997,2.5679242000005615,kriging_results\s606_tx32\map606_tx32_ratio0_0100.png
s606_tx32,606,32,0.02,1145,0.008111688028166052,3.838412104876222,1.3759974789479474,3.8310501999985718,kriging_results\s606_tx32\map606_tx32_ratio0_0200.png
s606_tx36,606,36,0.005,287,0.016749661102203734,4.444480490608573,2.129572429502347,1.772001300001648,kriging_results\s606_tx36\map606_tx36_ratio0_0050.png
s606_tx36,606,36,0.01,573,0.014470451617614542,4.131036518963805,1.7895408835129796,2.512993700000152,kriging_results\s606_tx36\map606_tx36_ratio0_0100.png
s606_tx36,606,36,0.02,1145,0.011260229497942613,3.6441111129816908,1.3360169223809928,3.8581721000009566,kriging_results\s606_tx36\map606_tx36_ratio0_0200.png
s606_tx40,606,40,0.005,287,0.013731646476947485,5.004471328077456,2.4726723224916105,1.7445581000010861,kriging_results\s606_tx40\map606_tx40_ratio0_0050.png
s606_tx40,606,40,0.01,573,0.011548417358890995,4.589423468751442,1.9290128418077528,2.6059894999998505,kriging_results\s606_tx40\map606_tx40_ratio0_0100.png
s606_tx40,606,40,0.02,1145,0.009357696687097504,4.1312491063483,1.5187836747813366,4.02261929999986,kriging_results\s606_tx40\map606_tx40_ratio0_0200.png
s606_tx47,606,47,0.005,287,0.01288051835252174,4.616672582391277,2.338699976292142,1.7908434000000852,kriging_results\s606_tx47\map606_tx47_ratio0_0050.png
s606_tx47,606,47,0.01,573,0.01038341045734554,4.1450752759549285,1.799297526991164,2.572154199999204,kriging_results\s606_tx47\map606_tx47_ratio0_0100.png
s606_tx47,606,47,0.02,1145,0.008117422567493352,3.6649789382930935,1.3550611496771519,3.8735145999999077,kriging_results\s606_tx47\map606_tx47_ratio0_0200.png
s606_tx49,606,49,0.005,287,0.010336094561748043,4.355322177055786,2.16769616297913,1.7145669000001362,kriging_results\s606_tx49\map606_tx49_ratio0_0050.png
s606_tx49,606,49,0.01,573,0.008039478868910759,3.841103407362185,1.6581541008878626,2.5716690000008384,kriging_results\s606_tx49\map606_tx49_ratio0_0100.png
s606_tx49,606,49,0.02,1145,0.006291189518419443,3.397883096883956,1.3071606433154952,3.8114568000000872,kriging_results\s606_tx49\map606_tx49_ratio0_0200.png
s606_tx51,606,51,0.005,287,0.016075393307583622,4.994911699636789,2.5947060666338904,1.6692246999991767,kriging_results\s606_tx51\map606_tx51_ratio0_0050.png
s606_tx51,606,51,0.01,573,0.014210291892969261,4.696220874982587,2.103616642758671,2.288427800000136,kriging_results\s606_tx51\map606_tx51_ratio0_0100.png
s606_tx51,606,51,0.02,1145,0.011381671532657569,4.202909539799028,1.5852151522264488,3.30691090000073,kriging_results\s606_tx51\map606_tx51_ratio0_0200.png
s606_tx59,606,59,0.005,287,0.01627813270240362,4.9110110083064455,2.304994522875369,1.61010620000161,kriging_results\s606_tx59\map606_tx59_ratio0_0050.png
s606_tx59,606,59,0.01,573,0.014822524338801341,4.686295836677128,1.907847313564984,2.2493111999992834,kriging_results\s606_tx59\map606_tx59_ratio0_0100.png
s606_tx59,606,59,0.02,1145,0.012346501261305454,4.277013023527845,1.468889534790022,3.163486699999339,kriging_results\s606_tx59\map606_tx59_ratio0_0200.png
s606_tx66,606,66,0.005,287,0.01308445597536278,4.873670675951379,2.411203076061604,1.6178049000009196,kriging_results\s606_tx66\map606_tx66_ratio0_0050.png
s606_tx66,606,66,0.01,573,0.012321158189539045,4.729378916354734,2.0153885516901737,2.282949500000541,kriging_results\s606_tx66\map606_tx66_ratio0_0100.png
s606_tx66,606,66,0.02,1145,0.010258148127780383,4.315318235170996,1.5782756705440086,3.536641700000473,kriging_results\s606_tx66\map606_tx66_ratio0_0200.png
s606_tx69,606,69,0.005,287,0.015017800792508912,4.96103013034004,2.421902423668814,1.633129399999234,kriging_results\s606_tx69\map606_tx69_ratio0_0050.png
s606_tx69,606,69,0.01,573,0.01329787872300346,4.668312111508699,1.9163684899626345,2.458211499999379,kriging_results\s606_tx69\map606_tx69_ratio0_0100.png
s606_tx69,606,69,0.02,1145,0.010611886211472146,4.170277888548625,1.4616421954672465,3.7971026999985042,kriging_results\s606_tx69\map606_tx69_ratio0_0200.png
s606_tx72,606,72,0.005,287,0.012089884974278698,4.302101097224822,2.115572953510791,1.7585193000013533,kriging_results\s606_tx72\map606_tx72_ratio0_0050.png
s606_tx72,606,72,0.01,573,0.00959442008207133,3.8324711195994836,1.6182578006602546,2.5485596999988047,kriging_results\s606_tx72\map606_tx72_ratio0_0100.png
s606_tx72,606,72,0.02,1145,0.007822618114395994,3.4605536791186284,1.2896465797946877,3.8205648999992263,kriging_results\s606_tx72\map606_tx72_ratio0_0200.png
s606_tx79,606,79,0.005,287,0.012782614204061613,4.71496336842131,2.266589339098718,1.747356599998966,kriging_results\s606_tx79\map606_tx79_ratio0_0050.png
s606_tx79,606,79,0.01,573,0.011334201739134409,4.439805545151417,1.8534825973947988,2.6486514000007446,kriging_results\s606_tx79\map606_tx79_ratio0_0100.png
s606_tx79,606,79,0.02,1145,0.009321343752590333,4.026315012519211,1.4636528743256527,3.9296328999989782,kriging_results\s606_tx79\map606_tx79_ratio0_0200.png
s619_tx05,619,5,0.005,282,0.01927990842935878,4.99847998892958,2.258802318654208,1.7656538999999611,kriging_results\s619_tx05\map619_tx5_ratio0_0050.png
s619_tx05,619,5,0.01,564,0.018870766393769008,4.945158872312512,1.971745370701907,2.4631288000000495,kriging_results\s619_tx05\map619_tx5_ratio0_0100.png
s619_tx05,619,5,0.02,1128,0.014945933053849392,4.400955666959027,1.5651479992310229,3.7720296000006783,kriging_results\s619_tx05\map619_tx5_ratio0_0200.png
s619_tx06,619,6,0.005,282,0.01237446256920885,4.858983156679288,2.056782438103326,1.7556736999995337,kriging_results\s619_tx06\map619_tx6_ratio0_0050.png
s619_tx06,619,6,0.01,564,0.009919231621330406,4.350320314253731,1.6025993796258429,2.588881300000139,kriging_results\s619_tx06\map619_tx6_ratio0_0100.png
s619_tx06,619,6,0.02,1128,0.009526656013214568,4.263364522210624,1.4344562830452616,3.8143357999997534,kriging_results\s619_tx06\map619_tx6_ratio0_0200.png
s619_tx09,619,9,0.005,282,0.02397727876297239,5.249585479412494,2.3917131737961608,1.7068741999992199,kriging_results\s619_tx09\map619_tx9_ratio0_0050.png
s619_tx09,619,9,0.01,564,0.027984800194067384,5.6713463352931,2.044306548116155,2.574095700001635,kriging_results\s619_tx09\map619_tx9_ratio0_0100.png
s619_tx09,619,9,0.02,1128,0.019893122066470672,4.781636310964304,1.6299544620540987,3.9002423000001727,kriging_results\s619_tx09\map619_tx9_ratio0_0200.png
s619_tx11,619,11,0.005,282,0.022864613083611325,5.272811699571469,2.303364880275158,1.820520299999771,kriging_results\s619_tx11\map619_tx11_ratio0_0050.png
s619_tx11,619,11,0.01,564,0.02457259593015202,5.4662042511074125,1.9845459291348226,2.509917500001393,kriging_results\s619_tx11\map619_tx11_ratio0_0100.png
s619_tx11,619,11,0.02,1128,0.01824604343886526,4.710257897660423,1.5656671400879583,3.776875999999902,kriging_results\s619_tx11\map619_tx11_ratio0_0200.png
s619_tx16,619,16,0.005,282,0.023921108823962457,5.226454000676138,2.394955643597835,1.7781310999998823,kriging_results\s619_tx16\map619_tx16_ratio0_0050.png
s619_tx16,619,16,0.01,564,0.0257974863484207,5.427566815681443,2.057879578278818,2.5784105000002455,kriging_results\s619_tx16\map619_tx16_ratio0_0100.png
s619_tx16,619,16,0.02,1128,0.020586600616832765,4.848515573149861,1.6316007666380745,3.811002099999314,kriging_results\s619_tx16\map619_tx16_ratio0_0200.png
s619_tx20,619,20,0.005,282,0.01030970679639813,4.564265374839895,1.8980591986756619,1.7427853000008326,kriging_results\s619_tx20\map619_tx20_ratio0_0050.png
s619_tx20,619,20,0.01,564,0.008862920473123809,4.231907388952269,1.5190498223197821,2.4842759000002843,kriging_results\s619_tx20\map619_tx20_ratio0_0100.png
s619_tx20,619,20,0.02,1128,0.008055790670822563,4.034612427486167,1.314831983559246,3.818498399999953,kriging_results\s619_tx20\map619_tx20_ratio0_0200.png
s619_tx26,619,26,0.005,282,0.01053314181829418,4.60136808579234,1.8576802762096793,1.8263172999995732,kriging_results\s619_tx26\map619_tx26_ratio0_0050.png
s619_tx26,619,26,0.01,564,0.009963205747190673,4.475149613320945,1.5707612351670104,2.506505900000775,kriging_results\s619_tx26\map619_tx26_ratio0_0100.png
s619_tx26,619,26,0.02,1128,0.00923148417886844,4.307683396938771,1.3821547006362884,3.785740999999689,kriging_results\s619_tx26\map619_tx26_ratio0_0200.png
s619_tx27,619,27,0.005,282,0.0124264126838303,4.954532086076027,2.216210213974393,1.784326000000874,kriging_results\s619_tx27\map619_tx27_ratio0_0050.png
s619_tx27,619,27,0.01,564,0.010280460383953234,4.506465345425495,1.7533805856913152,2.6339339000005566,kriging_results\s619_tx27\map619_tx27_ratio0_0100.png
s619_tx27,619,27,0.02,1128,0.009117039162800038,4.243817206921882,1.4866327036181668,3.6586461999995663,kriging_results\s619_tx27\map619_tx27_ratio0_0200.png
s619_tx28,619,28,0.005,282,0.022822922417071987,5.377277259414759,2.3260328824500487,1.698192600000766,kriging_results\s619_tx28\map619_tx28_ratio0_0050.png
s619_tx28,619,28,0.01,564,0.019872166627587264,5.017638981388407,1.816969846887342,2.4797211999994033,kriging_results\s619_tx28\map619_tx28_ratio0_0100.png
s619_tx28,619,28,0.02,1128,0.016324379877331922,4.547734954567289,1.4981432183033154,3.1454566000011255,kriging_results\s619_tx28\map619_tx28_ratio0_0200.png
s619_tx32,619,32,0.005,282,0.013352185465548824,5.12119604535432,2.3093019526619956,1.6862307000010333,kriging_results\s619_tx32\map619_tx32_ratio0_0050.png
s619_tx32,619,32,0.01,564,0.01066737927839475,4.577455064819482,1.7792456211639067,2.2653356999999232,kriging_results\s619_tx32\map619_tx32_ratio0_0100.png
s619_tx32,619,32,0.02,1128,0.009682126154105535,4.360944851979656,1.538553786081514,3.1650281000001996,kriging_results\s619_tx32\map619_tx32_ratio0_0200.png
s619_tx34,619,34,0.005,282,0.012892918796787563,4.753604048488454,2.063004876482463,1.6086974999998347,kriging_results\s619_tx34\map619_tx34_ratio0_0050.png
s619_tx34,619,34,0.01,564,0.008623826201285937,3.8877414616697745,1.477462844215196,2.208683100001508,kriging_results\s619_tx34\map619_tx34_ratio0_0100.png
s619_tx34,619,34,0.02,1128,0.0076848147202665685,3.669983269016618,1.2850763114920536,3.2840724999987287,kriging_results\s619_tx34\map619_tx34_ratio0_0200.png
s619_tx42,619,42,0.005,282,0.011178299542417119,4.704142574053698,1.9334953449139904,1.5799230000011448,kriging_results\s619_tx42\map619_tx42_ratio0_0050.png
s619_tx42,619,42,0.01,564,0.009239376787327978,4.27675079594628,1.4730657321162228,2.249475300000995,kriging_results\s619_tx42\map619_tx42_ratio0_0100.png
s619_tx42,619,42,0.02,1128,0.008801502186354768,4.174178355532159,1.359848579289796,3.440130400000271,kriging_results\s619_tx42\map619_tx42_ratio0_0200.png
s619_tx51,619,51,0.005,282,0.022387760213693663,5.329921615664214,2.239855868756145,1.6662964999995893,kriging_results\s619_tx51\map619_tx51_ratio0_0050.png
s619_tx51,619,51,0.01,564,0.020542954614803405,5.105601855937176,1.9013663490083181,2.514172999999573,kriging_results\s619_tx51\map619_tx51_ratio0_0100.png
s619_tx51,619,51,0.02,1128,0.015645697664897963,4.4556694248760635,1.4691414103533713,3.7648693999999523,kriging_results\s619_tx51\map619_tx51_ratio0_0200.png
s619_tx55,619,55,0.005,282,0.01609940643954729,5.145844431019711,2.375043772108136,1.7331319999993866,kriging_results\s619_tx55\map619_tx55_ratio0_0050.png
s619_tx55,619,55,0.01,564,0.013617007214214117,4.732521009771259,1.9730456344383602,2.5997692000000825,kriging_results\s619_tx55\map619_tx55_ratio0_0100.png
s619_tx55,619,55,0.02,1128,0.011842354598980047,4.413374185895856,1.5937634900385704,3.744663399998899,kriging_results\s619_tx55\map619_tx55_ratio0_0200.png
s619_tx59,619,59,0.005,282,0.013027249829197125,4.972156403887967,2.3130490716939076,1.8016762000006565,kriging_results\s619_tx59\map619_tx59_ratio0_0050.png
s619_tx59,619,59,0.01,564,0.010628601156366933,4.491138621398372,1.726465059822336,2.500431100001151,kriging_results\s619_tx59\map619_tx59_ratio0_0100.png
s619_tx59,619,59,0.02,1128,0.009347652649518283,4.21181893613615,1.4708241207708597,3.80875339999875,kriging_results\s619_tx59\map619_tx59_ratio0_0200.png
s619_tx62,619,62,0.005,282,0.01730514996328599,4.8632725776772,2.047015934954169,1.8010629000000336,kriging_results\s619_tx62\map619_tx62_ratio0_0050.png
s619_tx62,619,62,0.01,564,0.015350882303557786,4.580444146137285,1.5988143370837067,2.51306840000143,kriging_results\s619_tx62\map619_tx62_ratio0_0100.png
s619_tx62,619,62,0.02,1128,0.012686106970353219,4.163946151620431,1.3459545271389193,3.653288799998336,kriging_results\s619_tx62\map619_tx62_ratio0_0200.png
s619_tx67,619,67,0.005,282,0.021182707607910415,5.104890442156101,2.2999704303032225,1.7853532000008272,kriging_results\s619_tx67\map619_tx67_ratio0_0050.png
s619_tx67,619,67,0.01,564,0.017558047408063455,4.647654082494471,1.8171979390928565,2.5660164000000805,kriging_results\s619_tx67\map619_tx67_ratio0_0100.png
s619_tx67,619,67,0.02,1128,0.01632116078700354,4.480961552646927,1.504061911277327,3.664158800000223,kriging_results\s619_tx67\map619_tx67_ratio0_0200.png
s619_tx68,619,68,0.005,282,0.010124362903853379,4.48474406409602,1.8223905276413028,1.7424806999988505,kriging_results\s619_tx68\map619_tx68_ratio0_0050.png
s619_tx68,619,68,0.01,564,0.008657989178591202,4.147270248272478,1.4376539312368626,2.5483390999997937,kriging_results\s619_tx68\map619_tx68_ratio0_0100.png
s619_tx68,619,68,0.02,1128,0.008177133444515698,4.030457656859751,1.2912906301045262,3.742894700000761,kriging_results\s619_tx68\map619_tx68_ratio0_0200.png
s619_tx70,619,70,0.005,282,0.02195987426546137,4.850898276542008,2.059961610783781,1.6625115999995614,kriging_results\s619_tx70\map619_tx70_ratio0_0050.png
s619_tx70,619,70,0.01,564,0.019395175084846634,4.5588373275957315,1.591234824348166,2.497119000001476,kriging_results\s619_tx70\map619_tx70_ratio0_0100.png
s619_tx70,619,70,0.02,1128,0.015693322390401273,4.10076324340499,1.2877290054643964,3.6013793000001897,kriging_results\s619_tx70\map619_tx70_ratio0_0200.png
s619_tx76,619,76,0.005,282,0.01009138120074163,4.497716019380695,1.8593602807150285,1.664743899998939,kriging_results\s619_tx76\map619_tx76_ratio0_0050.png
s619_tx76,619,76,0.01,564,0.008611479091413033,4.154852405813656,1.44574000271687,2.523852000000261,kriging_results\s619_tx76\map619_tx76_ratio0_0100.png
s619_tx76,619,76,0.02,1128,0.008005531050938772,4.006007935401094,1.2547585713129101,3.7551371000008658,kriging_results\s619_tx76\map619_tx76_ratio0_0200.png
s625_tx00,625,0,0.005,297,0.005347369144995646,3.567820434320304,1.184584791835657,1.8641905000004044,kriging_results\s625_tx00\map625_tx0_ratio0_0050.png
s625_tx00,625,0,0.01,593,0.00441885089610328,3.243303471740782,0.8886403214998311,2.7760951000000205,kriging_results\s625_tx00\map625_tx0_ratio0_0100.png
s625_tx00,625,0,0.02,1185,0.0037453847832154006,2.9859403506420574,0.6933793952690965,4.288672899998346,kriging_results\s625_tx00\map625_tx0_ratio0_0200.png
s625_tx03,625,3,0.005,297,0.0054424873934581525,3.566340648904788,1.1692619000407374,1.8670703000007052,kriging_results\s625_tx03\map625_tx3_ratio0_0050.png
s625_tx03,625,3,0.01,593,0.005034901651923396,3.4302012778577016,0.9691239806104578,2.6255696000007447,kriging_results\s625_tx03\map625_tx3_ratio0_0100.png
s625_tx03,625,3,0.02,1185,0.004269119805941648,3.158590172678617,0.7036911576750825,4.292197900000247,kriging_results\s625_tx03\map625_tx3_ratio0_0200.png
s625_tx06,625,6,0.005,297,0.005386312998987837,3.507113557089564,1.2131652631081438,1.848454999999376,kriging_results\s625_tx06\map625_tx6_ratio0_0050.png
s625_tx06,625,6,0.01,593,0.004679703398201851,3.2689869898434933,0.8945067202110185,2.7751825000013923,kriging_results\s625_tx06\map625_tx6_ratio0_0100.png
s625_tx06,625,6,0.02,1185,0.003978766435683116,3.0142429548838607,0.6827695775323485,4.157112099999722,kriging_results\s625_tx06\map625_tx6_ratio0_0200.png
s625_tx09,625,9,0.005,297,0.005199179600441244,3.3729048604134944,1.1730336007449085,1.9355070999990858,kriging_results\s625_tx09\map625_tx9_ratio0_0050.png
s625_tx09,625,9,0.01,593,0.004381468291181601,3.0963248140112793,0.8845399274456998,2.701324999999997,kriging_results\s625_tx09\map625_tx9_ratio0_0100.png
s625_tx09,625,9,0.02,1185,0.0037485960795479284,2.8639866771150055,0.6798161970189947,4.114710199999536,kriging_results\s625_tx09\map625_tx9_ratio0_0200.png
s625_tx12,625,12,0.005,297,0.005328859653373731,3.518822098460128,1.1701511244710423,1.8567230999997264,kriging_results\s625_tx12\map625_tx12_ratio0_0050.png
s625_tx12,625,12,0.01,593,0.004984847102771515,3.4033459013156895,0.9619591933803232,2.701634599998215,kriging_results\s625_tx12\map625_tx12_ratio0_0100.png
s625_tx12,625,12,0.02,1185,0.00427430812293079,3.15146925702177,0.7313968832088513,4.157973600000332,kriging_results\s625_tx12\map625_tx12_ratio0_0200.png
s625_tx16,625,16,0.005,297,0.005319661937166602,3.561401353820089,1.1742614267678622,1.8962553000001208,kriging_results\s625_tx16\map625_tx16_ratio0_0050.png
s625_tx16,625,16,0.01,593,0.004417674162300604,3.2454561686802643,0.8843890701709242,2.7079165000013745,kriging_results\s625_tx16\map625_tx16_ratio0_0100.png
s625_tx16,625,16,0.02,1185,0.003722947695739055,2.979355766255826,0.6919538768820609,4.271366999999373,kriging_results\s625_tx16\map625_tx16_ratio0_0200.png
s625_tx17,625,17,0.005,297,0.0060994390916567715,3.5355086807334613,1.2899694090442781,1.8492041000008612,kriging_results\s625_tx17\map625_tx17_ratio0_0050.png
s625_tx17,625,17,0.01,593,0.004628349666934342,3.0797824174902044,0.9102899303167058,2.6398200999992696,kriging_results\s625_tx17\map625_tx17_ratio0_0100.png
s625_tx17,625,17,0.02,1185,0.003784152599193093,2.7847824331277935,0.6787056459504297,4.221026999999594,kriging_results\s625_tx17\map625_tx17_ratio0_0200.png
s625_tx25,625,25,0.005,297,0.005072865890734595,3.396677804305174,1.1759025818219406,1.853349500001059,kriging_results\s625_tx25\map625_tx25_ratio0_0050.png
s625_tx25,625,25,0.01,593,0.004212497696209758,3.095262600133967,0.8609653714297794,2.636183400001755,kriging_results\s625_tx25\map625_tx25_ratio0_0100.png
s625_tx25,625,25,0.02,1185,0.0035384868795920762,2.836850541326726,0.6774632320016323,4.100695299999643,kriging_results\s625_tx25\map625_tx25_ratio0_0200.png
s625_tx27,625,27,0.005,297,0.005361410051924791,3.4270130948311976,1.244592246177139,1.8803932000009809,kriging_results\s625_tx27\map625_tx27_ratio0_0050.png
s625_tx27,625,27,0.01,593,0.004666744532695853,3.1972990600496396,0.9362956757016367,2.67818669999906,kriging_results\s625_tx27\map625_tx27_ratio0_0100.png
s625_tx27,625,27,0.02,1185,0.0040145553132652076,2.9654798206164092,0.7334423102541602,4.048738900000899,kriging_results\s625_tx27\map625_tx27_ratio0_0200.png
s625_tx28,625,28,0.005,297,0.005374534127171097,3.470456929729643,1.195955073993678,1.878503299998556,kriging_results\s625_tx28\map625_tx28_ratio0_0050.png
s625_tx28,625,28,0.01,593,0.004324105276998785,3.1128943013283514,0.8787378906406638,2.7506305999995675,kriging_results\s625_tx28\map625_tx28_ratio0_0100.png
s625_tx28,625,28,0.02,1185,0.0035618085444309175,2.8252151977361737,0.6458213624782257,4.25041070000043,kriging_results\s625_tx28\map625_tx28_ratio0_0200.png
s625_tx29,625,29,0.005,297,0.005583604804098773,3.5224117259519487,1.1469143301806073,1.9185838000012154,kriging_results\s625_tx29\map625_tx29_ratio0_0050.png
s625_tx29,625,29,0.01,593,0.004915479162487941,3.304956298325349,0.9677720940989808,2.769826699999612,kriging_results\s625_tx29\map625_tx29_ratio0_0100.png
s625_tx29,625,29,0.02,1185,0.004140200252932682,3.033147015284262,0.7110703790937372,4.064052599998831,kriging_results\s625_tx29\map625_tx29_ratio0_0200.png
s625_tx33,625,33,0.005,297,0.005342050895430616,3.521984210514349,1.1933751687535301,1.8920361000000412,kriging_results\s625_tx33\map625_tx33_ratio0_0050.png
s625_tx33,625,33,0.01,593,0.004595344778782774,3.266573597409383,0.9082262710691859,2.6415164999998524,kriging_results\s625_tx33\map625_tx33_ratio0_0100.png
s625_tx33,625,33,0.02,1185,0.003815232585648545,2.976417854144199,0.6936978222734981,4.229294799999479,kriging_results\s625_tx33\map625_tx33_ratio0_0200.png
s625_tx34,625,34,0.005,297,0.00536273447893039,3.507332541260624,1.2068578591665233,1.927835899999991,kriging_results\s625_tx34\map625_tx34_ratio0_0050.png
s625_tx34,625,34,0.01,593,0.004556710981096764,3.2330285613664893,0.8712483252327407,2.753529499999786,kriging_results\s625_tx34\map625_tx34_ratio0_0100.png
s625_tx34,625,34,0.02,1185,0.004106983699665925,3.0693419943799287,0.7012121980272557,4.019288099998448,kriging_results\s625_tx34\map625_tx34_ratio0_0200.png
s625_tx36,625,36,0.005,297,0.0060597223284820515,3.674016036802305,1.2786273395958005,1.7878228000008676,kriging_results\s625_tx36\map625_tx36_ratio0_0050.png
s625_tx36,625,36,0.01,593,0.004536902027698787,3.1790282565074026,0.8597655556207893,2.7820698999985325,kriging_results\s625_tx36\map625_tx36_ratio0_0100.png
s625_tx36,625,36,0.02,1185,0.003916293722266595,2.953604287090536,0.6769891334286884,4.078918799999883,kriging_results\s625_tx36\map625_tx36_ratio0_0200.png
s625_tx38,625,38,0.005,297,0.005299734675281624,3.5338451784328355,1.1844360074354812,1.8716850000000704,kriging_results\s625_tx38\map625_tx38_ratio0_0050.png
s625_tx38,625,38,0.01,593,0.004431133651842935,3.2313044708890137,0.8984653873254247,2.6644436000005953,kriging_results\s625_tx38\map625_tx38_ratio0_0100.png
s625_tx38,625,38,0.02,1185,0.0036275415384999857,2.9236585425663786,0.6754018388496853,4.1208464999999705,kriging_results\s625_tx38\map625_tx38_ratio0_0200.png
s625_tx39,625,39,0.005,297,0.006511288304976662,3.8349711965740334,1.313681145381612,1.8166450000007899,kriging_results\s625_tx39\map625_tx39_ratio0_0050.png
s625_tx39,625,39,0.01,593,0.005431857485930014,3.502699102090075,1.042268722909286,2.74335020000035,kriging_results\s625_tx39\map625_tx39_ratio0_0100.png
s625_tx39,625,39,0.02,1185,0.0046196451919943305,3.230226396675035,0.768441909828168,4.234964799999943,kriging_results\s625_tx39\map625_tx39_ratio0_0200.png
s625_tx44,625,44,0.005,297,0.00770513041206188,3.939834819187961,1.3801135746336342,1.759095100000195,kriging_results\s625_tx44\map625_tx44_ratio0_0050.png
s625_tx44,625,44,0.01,593,0.00486471725712325,3.130522364281516,0.9194628828291778,2.761289800000668,kriging_results\s625_tx44\map625_tx44_ratio0_0100.png
s625_tx44,625,44,0.02,1185,0.003986556371504161,2.833915966651851,0.6652408744640431,4.241917399998783,kriging_results\s625_tx44\map625_tx44_ratio0_0200.png
s625_tx46,625,46,0.005,297,0.00538322392900548,3.593389141487102,1.2245579109802474,1.8334443000003375,kriging_results\s625_tx46\map625_tx46_ratio0_0050.png
s625_tx46,625,46,0.01,593,0.004521247926809965,3.2931551941843953,0.894153293803613,2.734681099998852,kriging_results\s625_tx46\map625_tx46_ratio0_0100.png
s625_tx46,625,46,0.02,1185,0.003752590388396236,3.0001889889235764,0.6744287732628571,4.272827500000858,kriging_results\s625_tx46\map625_tx46_ratio0_0200.png
s625_tx61,625,61,0.005,297,0.005219753328324352,3.5094859894537573,1.0856168473476158,1.8569719000006444,kriging_results\s625_tx61\map625_tx61_ratio0_0050.png
s625_tx61,625,61,0.01,593,0.005014278064793822,3.43971714480953,0.9317895137395014,2.6916433999995206,kriging_results\s625_tx61\map625_tx61_ratio0_0100.png
s625_tx61,625,61,0.02,1185,0.004161838798568543,3.1337269743072325,0.6986075402787513,4.198306100000991,kriging_results\s625_tx61\map625_tx61_ratio0_0200.png
s625_tx65,625,65,0.005,297,0.005578211294814687,3.4095513020847825,1.2192666356549238,1.9336101999997481,kriging_results\s625_tx65\map625_tx65_ratio0_0050.png
s625_tx65,625,65,0.01,593,0.004653763932655087,3.1142388019515437,0.8990227336088763,2.81792779999887,kriging_results\s625_tx65\map625_tx65_ratio0_0100.png
s625_tx65,625,65,0.02,1185,0.004157943492104533,2.9436693528584184,0.736559880289436,4.206719800000428,kriging_results\s625_tx65\map625_tx65_ratio0_0200.png
s627_tx00,627,0,0.005,269,0.02053702277283258,5.394952842198417,2.6338322166227717,1.6269026000009035,kriging_results\s627_tx00\map627_tx0_ratio0_0050.png
s627_tx00,627,0,0.01,537,0.01608583850308498,4.774641373907181,1.9586348121860497,2.313840099999652,kriging_results\s627_tx00\map627_tx0_ratio0_0100.png
s627_tx00,627,0,0.02,1074,0.013712002096832156,4.408281744890636,1.5476920344783298,3.5694466999993892,kriging_results\s627_tx00\map627_tx0_ratio0_0200.png
s627_tx02,627,2,0.005,269,0.0225126570416456,5.373896529101244,2.4825153999636487,1.6231919999991078,kriging_results\s627_tx02\map627_tx2_ratio0_0050.png
s627_tx02,627,2,0.01,537,0.01753460973568841,4.742681613991952,1.8962698746957605,2.4151050000000396,kriging_results\s627_tx02\map627_tx2_ratio0_0100.png
s627_tx02,627,2,0.02,1074,0.014793708677091904,4.356266634991393,1.5020340987414884,3.467653600000631,kriging_results\s627_tx02\map627_tx2_ratio0_0200.png
s627_tx06,627,6,0.005,269,0.02868362282791509,6.3589812818055105,2.6367502328598547,1.619944599999144,kriging_results\s627_tx06\map627_tx6_ratio0_0050.png
s627_tx06,627,6,0.01,537,0.01614203095465691,4.7703432107598776,1.7778649685738397,2.308178900000712,kriging_results\s627_tx06\map627_tx6_ratio0_0100.png
s627_tx06,627,6,0.02,1074,0.01436061554454827,4.4994255206066365,1.4664848149739333,3.4550436999998055,kriging_results\s627_tx06\map627_tx6_ratio0_0200.png
s627_tx12,627,12,0.005,269,0.021193516563068136,5.7243578179632015,2.600971099414958,1.6308191000007355,kriging_results\s627_tx12\map627_tx12_ratio0_0050.png
s627_tx12,627,12,0.01,537,0.01399003790824919,4.650875436479854,1.8459648220064175,2.3563004999996338,kriging_results\s627_tx12\map627_tx12_ratio0_0100.png
s627_tx12,627,12,0.02,1074,0.012657162458889924,4.4237791373744715,1.5099505179748405,3.44571310000174,kriging_results\s627_tx12\map627_tx12_ratio0_0200.png
s627_tx13,627,13,0.005,269,0.023517199391035915,6.118431646533356,2.7112570857537768,1.628998700000011,kriging_results\s627_tx13\map627_tx13_ratio0_0050.png
s627_tx13,627,13,0.01,537,0.014932459164310156,4.875430554728085,1.8692646490552347,2.2915257000004203,kriging_results\s627_tx13\map627_tx13_ratio0_0100.png
s627_tx13,627,13,0.02,1074,0.013689286508887103,4.668073901910553,1.5308073489313274,3.479173699999592,kriging_results\s627_tx13\map627_tx13_ratio0_0200.png
s627_tx16,627,16,0.005,269,0.02110718533646858,5.1180216026563805,2.4823342219298667,1.6055656999997154,kriging_results\s627_tx16\map627_tx16_ratio0_0050.png
s627_tx16,627,16,0.01,537,0.01929748059503238,4.89369906548653,2.031163677249634,2.3148233000010805,kriging_results\s627_tx16\map627_tx16_ratio0_0100.png
s627_tx16,627,16,0.02,1074,0.014274037473769121,4.208820175923537,1.5506798738033556,3.4637536000009277,kriging_results\s627_tx16\map627_tx16_ratio0_0200.png
s627_tx17,627,17,0.005,269,0.018263114122932193,5.253267650658609,2.5056280274864093,1.6110963000010088,kriging_results\s627_tx17\map627_tx17_ratio0_0050.png
s627_tx17,627,17,0.01,537,0.015234801558575893,4.798002884407642,1.9570358062207747,2.418893300000491,kriging_results\s627_tx17\map627_tx17_ratio0_0100.png
s627_tx17,627,17,0.02,1074,0.013439840641733798,4.506497822839196,1.544879232954351,3.518747300000541,kriging_results\s627_tx17\map627_tx17_ratio0_0200.png
s627_tx21,627,21,0.005,269,0.021783269565059934,5.312154985943646,2.468843503775231,1.5780737000004592,kriging_results\s627_tx21\map627_tx21_ratio0_0050.png
s627_tx21,627,21,0.01,537,0.017309457286797912,4.735337412999887,1.9356249567358113,2.366931900000054,kriging_results\s627_tx21\map627_tx21_ratio0_0100.png
s627_tx21,627,21,0.02,1074,0.013479859499599005,4.178802902660629,1.4907810643268933,3.5237159999996948,kriging_results\s627_tx21\map627_tx21_ratio0_0200.png
s627_tx23,627,23,0.005,269,0.01775972250469581,5.551207956736967,2.5271937610323114,1.556193299998995,kriging_results\s627_tx23\map627_tx23_ratio0_0050.png
s627_tx23,627,23,0.01,537,0.014079801414201003,4.942738958322905,1.8932505685799483,2.232090599998628,kriging_results\s627_tx23\map627_tx23_ratio0_0100.png
s627_tx23,627,23,0.02,1074,0.012479743530179959,4.653419871635407,1.522179004701683,3.1233325000011973,kriging_results\s627_tx23\map627_tx23_ratio0_0200.png
s627_tx24,627,24,0.005,269,0.01863048511222126,5.221292961501456,2.545599513581738,1.6367035000002943,kriging_results\s627_tx24\map627_tx24_ratio0_0050.png
s627_tx24,627,24,0.01,537,0.015420137271183482,4.750180304274486,1.9984994348534284,2.4108411999986856,kriging_results\s627_tx24\map627_tx24_ratio0_0100.png
s627_tx24,627,24,0.02,1074,0.012834125782089248,4.333602989595621,1.5500897523445891,3.5482016000005387,kriging_results\s627_tx24\map627_tx24_ratio0_0200.png
s627_tx27,627,27,0.005,269,0.018211541336318898,5.288915757894361,2.5601028963134387,1.6079295999988972,kriging_results\s627_tx27\map627_tx27_ratio0_0050.png
s627_tx27,627,27,0.01,537,0.014390558317854548,4.701453189720755,1.9027721852048023,2.400127800001428,kriging_results\s627_tx27\map627_tx27_ratio0_0100.png
s627_tx27,627,27,0.02,1074,0.012099132370413553,4.3109244004555,1.4912105528377904,3.574143699999695,kriging_results\s627_tx27\map627_tx27_ratio0_0200.png
s627_tx34,627,34,0.005,269,0.02102269142578232,5.589497274930061,2.8476276225993575,1.6346549000008963,kriging_results\s627_tx34\map627_tx34_ratio0_0050.png
s627_tx34,627,34,0.01,537,0.01949907124906505,5.383138411416617,2.3150592839577215,2.344299000000319,kriging_results\s627_tx34\map627_tx34_ratio0_0100.png
s627_tx34,627,34,0.02,1074,0.015020617883037261,4.724680923093985,1.7658113751686337,3.6021005000002333,kriging_results\s627_tx34\map627_tx34_ratio0_0200.png
s627_tx37,627,37,0.005,269,0.02015817964076378,5.732687796072947,2.6159267463576716,1.672802799999772,kriging_results\s627_tx37\map627_tx37_ratio0_0050.png
s627_tx37,627,37,0.01,537,0.014035517693958818,4.7835118397941025,1.986607794903773,2.4359588000006624,kriging_results\s627_tx37\map627_tx37_ratio0_0100.png
s627_tx37,627,37,0.02,1074,0.012602499167724194,4.532741687234879,1.5726501839693874,3.5661234999988665,kriging_results\s627_tx37\map627_tx37_ratio0_0200.png
s627_tx38,627,38,0.005,269,0.017374377603382396,5.438523343841945,2.401261140750449,1.673937700001261,kriging_results\s627_tx38\map627_tx38_ratio0_0050.png
s627_tx38,627,38,0.01,537,0.014215613387126031,4.9193663929526465,1.89338485181095,2.3807591000004322,kriging_results\s627_tx38\map627_tx38_ratio0_0100.png
s627_tx38,627,38,0.02,1074,0.012934698940115792,4.6925027214220645,1.5228120088155102,3.5380392000006395,kriging_results\s627_tx38\map627_tx38_ratio0_0200.png
s627_tx41,627,41,0.005,269,0.018032975506382765,5.463642961776497,2.5254659906366603,1.6267648000011832,kriging_results\s627_tx41\map627_tx41_ratio0_0050.png
s627_tx41,627,41,0.01,537,0.014731625871624847,4.938259974604659,1.9251614589264194,2.390245100001266,kriging_results\s627_tx41\map627_tx41_ratio0_0100.png
s627_tx41,627,41,0.02,1074,0.013004910714708752,4.639832452800691,1.5077991530034498,3.6166639999992185,kriging_results\s627_tx41\map627_tx41_ratio0_0200.png
s627_tx47,627,47,0.005,269,0.024116529735126988,6.108853473427764,2.6923860358413325,1.58164989999932,kriging_results\s627_tx47\map627_tx47_ratio0_0050.png
s627_tx47,627,47,0.01,537,0.01454300141508516,4.743832264040018,1.7709508232029527,2.3302115999995294,kriging_results\s627_tx47\map627_tx47_ratio0_0100.png
s627_tx47,627,47,0.02,1074,0.01369920458787526,4.604155457672897,1.4800792067753645,3.429099300001326,kriging_results\s627_tx47\map627_tx47_ratio0_0200.png
s627_tx53,627,53,0.005,269,0.01681095957458245,4.85760713815725,2.3546386778191333,1.6584770999998,kriging_results\s627_tx53\map627_tx53_ratio0_0050.png
s627_tx53,627,53,0.01,537,0.014999829311571136,4.588484713348982,1.8417447234788316,2.3441831000000093,kriging_results\s627_tx53\map627_tx53_ratio0_0100.png
s627_tx53,627,53,0.02,1074,0.012479544109118026,4.185289408178549,1.4812238743399817,3.5189601000001858,kriging_results\s627_tx53\map627_tx53_ratio0_0200.png
s627_tx59,627,59,0.005,269,0.019815560929949228,5.4295926173951665,2.484272060410996,1.6374369999994087,kriging_results\s627_tx59\map627_tx59_ratio0_0050.png
s627_tx59,627,59,0.01,537,0.014107325379066935,4.581275452250482,1.7950902400137925,2.4422228999992512,kriging_results\s627_tx59\map627_tx59_ratio0_0100.png
s627_tx59,627,59,0.02,1074,0.013763905310076326,4.525169981686597,1.4825451111020727,3.4758732999998756,kriging_results\s627_tx59\map627_tx59_ratio0_0200.png
s627_tx69,627,69,0.005,269,0.023386511009215658,5.8144697878809986,2.7301238492067075,1.595083500000328,kriging_results\s627_tx69\map627_tx69_ratio0_0050.png
s627_tx69,627,69,0.01,537,0.017254411637811926,4.994332782885805,1.993355017353092,2.3205512999993516,kriging_results\s627_tx69\map627_tx69_ratio0_0100.png
s627_tx69,627,69,0.02,1074,0.01478869556928108,4.623728599153363,1.6062583453355148,3.621442699999534,kriging_results\s627_tx69\map627_tx69_ratio0_0200.png
s627_tx74,627,74,0.005,269,0.017016281672054483,4.478997856897117,2.1616703553985537,1.638741900000241,kriging_results\s627_tx74\map627_tx74_ratio0_0050.png
s627_tx74,627,74,0.01,537,0.014005108503182111,4.063420413129753,1.69008563438561,2.3147966000015003,kriging_results\s627_tx74\map627_tx74_ratio0_0100.png
s627_tx74,627,74,0.02,1074,0.010676621516547859,3.5478515565206896,1.2477111002998547,3.53877139999895,kriging_results\s627_tx74\map627_tx74_ratio0_0200.png
s676_tx03,676,3,0.005,253,0.0232190341884522,5.5313525698174,3.0138111745092915,1.5128143000001728,kriging_results\s676_tx03\map676_tx3_ratio0_0050.png
s676_tx03,676,3,0.01,505,0.022503993934567416,5.445516381696476,2.5650536261872845,2.168749399999797,kriging_results\s676_tx03\map676_tx3_ratio0_0100.png
s676_tx03,676,3,0.02,1010,0.015335983940756767,4.495366363755387,1.7910156880590962,3.298969199999192,kriging_results\s676_tx03\map676_tx3_ratio0_0200.png
s676_tx07,676,7,0.005,253,0.02577941194340634,5.425336888270074,3.0690778957467657,1.4777669999984937,kriging_results\s676_tx07\map676_tx7_ratio0_0050.png
s676_tx07,676,7,0.01,505,0.021267621777358484,4.92776154398132,2.4476987278774294,2.18926189999911,kriging_results\s676_tx07\map676_tx7_ratio0_0100.png
s676_tx07,676,7,0.02,1010,0.015688936902934315,4.232402619313603,1.7278381018902114,3.1927527000007103,kriging_results\s676_tx07\map676_tx7_ratio0_0200.png
s676_tx08,676,8,0.005,253,0.024972553028571043,5.7502598057934176,3.0018261732783293,1.4977840999999898,kriging_results\s676_tx08\map676_tx8_ratio0_0050.png
s676_tx08,676,8,0.01,505,0.022427068349977732,5.449319207688791,2.54677469475381,2.1405192999991414,kriging_results\s676_tx08\map676_tx8_ratio0_0100.png
s676_tx08,676,8,0.02,1010,0.01704986754147869,4.751344283159769,1.799205522802624,3.2297586999993655,kriging_results\s676_tx08\map676_tx8_ratio0_0200.png
s676_tx19,676,19,0.005,253,0.026615898649997867,5.423747322478379,2.7976734335583378,1.4749554999998509,kriging_results\s676_tx19\map676_tx19_ratio0_0050.png
s676_tx19,676,19,0.01,505,0.02313914221635776,5.0571112581325846,2.34349010004491,2.140544100000625,kriging_results\s676_tx19\map676_tx19_ratio0_0100.png
s676_tx19,676,19,0.02,1010,0.019202349615587706,4.60687113972238,1.7717854827890538,3.210843200000454,kriging_results\s676_tx19\map676_tx19_ratio0_0200.png
s676_tx22,676,22,0.005,253,0.02351741146953663,5.730816683818377,2.875892296493701,1.5029907999996794,kriging_results\s676_tx22\map676_tx22_ratio0_0050.png
s676_tx22,676,22,0.01,505,0.02008385278907551,5.295967101081381,2.3808047573543565,2.2298071999994136,kriging_results\s676_tx22\map676_tx22_ratio0_0100.png
s676_tx22,676,22,0.02,1010,0.017091358019082677,4.885511554830449,1.8545847596141525,3.251498300000094,kriging_results\s676_tx22\map676_tx22_ratio0_0200.png
s676_tx23,676,23,0.005,253,0.02475444736337717,5.48144274600706,2.7559916770667097,1.5062412999996013,kriging_results\s676_tx23\map676_tx23_ratio0_0050.png
s676_tx23,676,23,0.01,505,0.021870408919476038,5.1522475345449905,2.338288414027475,2.198560599999837,kriging_results\s676_tx23\map676_tx23_ratio0_0100.png
s676_tx23,676,23,0.02,1010,0.019024094074133576,4.805297246973161,1.8029260661839626,3.136260900000707,kriging_results\s676_tx23\map676_tx23_ratio0_0200.png
s676_tx28,676,28,0.005,253,0.02251822827540867,5.4676854038563585,2.9102651492785494,1.497691999999006,kriging_results\s676_tx28\map676_tx28_ratio0_0050.png
s676_tx28,676,28,0.01,505,0.019455825647028538,5.082311053349832,2.3223190216884677,2.1318202999991627,kriging_results\s676_tx28\map676_tx28_ratio0_0100.png
s676_tx28,676,28,0.02,1010,0.01581114839038439,4.581609960785094,1.7348159740741065,3.2870938000014576,kriging_results\s676_tx28\map676_tx28_ratio0_0200.png
s676_tx32,676,32,0.005,253,0.023937826615052213,5.625873035497288,2.9333480955030296,1.4567996000005223,kriging_results\s676_tx32\map676_tx32_ratio0_0050.png
s676_tx32,676,32,0.01,505,0.02102297583077843,5.272233800289871,2.4594370924319735,2.12735210000028,kriging_results\s676_tx32\map676_tx32_ratio0_0100.png
s676_tx32,676,32,0.02,1010,0.016695044447547026,4.698306628945484,1.7913589150902018,3.20592200000101,kriging_results\s676_tx32\map676_tx32_ratio0_0200.png
s676_tx37,676,37,0.005,253,0.02914559131484427,5.619622094603279,2.789295982579203,1.4826544999996258,kriging_results\s676_tx37\map676_tx37_ratio0_0050.png
s676_tx37,676,37,0.01,505,0.0249239736457758,5.19671997706165,2.3680373876637133,2.1201122000002215,kriging_results\s676_tx37\map676_tx37_ratio0_0100.png
s676_tx37,676,37,0.02,1010,0.02010553366448604,4.667437118959503,1.7663456180287913,3.1915714999995544,kriging_results\s676_tx37\map676_tx37_ratio0_0200.png
s676_tx39,676,39,0.005,253,0.025676240485842158,5.689192402171219,3.0051760085651877,1.4597914000005403,kriging_results\s676_tx39\map676_tx39_ratio0_0050.png
s676_tx39,676,39,0.01,505,0.021905068486967962,5.254812408592978,2.426200997051595,2.117777199999182,kriging_results\s676_tx39\map676_tx39_ratio0_0100.png
s676_tx39,676,39,0.02,1010,0.017610728802004563,4.711655900611417,1.7980918232515462,3.317433700000038,kriging_results\s676_tx39\map676_tx39_ratio0_0200.png
s676_tx41,676,41,0.005,253,0.023735715826353445,5.686038674189268,3.0020472699622562,1.5342682999998942,kriging_results\s676_tx41\map676_tx41_ratio0_0050.png
s676_tx41,676,41,0.01,505,0.021125663325722528,5.364309385302634,2.4262401333110786,2.1635021999991295,kriging_results\s676_tx41\map676_tx41_ratio0_0100.png
s676_tx41,676,41,0.02,1010,0.01670337327559342,4.769915990297151,1.78732156659027,3.1501897999987705,kriging_results\s676_tx41\map676_tx41_ratio0_0200.png
s676_tx42,676,42,0.005,253,0.02211760287334462,5.783178139760981,3.026436631745505,1.543370599998525,kriging_results\s676_tx42\map676_tx42_ratio0_0050.png
s676_tx42,676,42,0.01,505,0.019147601143067485,5.380897509669182,2.4759536359970418,2.1081713999992644,kriging_results\s676_tx42\map676_tx42_ratio0_0100.png
s676_tx42,676,42,0.02,1010,0.014697469460014823,4.7143174136840855,1.8237465710489866,3.3302101000008406,kriging_results\s676_tx42\map676_tx42_ratio0_0200.png
s676_tx43,676,43,0.005,253,0.019758689028595667,4.852653755484726,2.6292108407077657,1.457256800000323,kriging_results\s676_tx43\map676_tx43_ratio0_0050.png
s676_tx43,676,43,0.01,505,0.018506041046484834,4.696312604279803,2.2251577261635385,2.146794599999339,kriging_results\s676_tx43\map676_tx43_ratio0_0100.png
s676_tx43,676,43,0.02,1010,0.013636657602952573,4.03138434964704,1.509835964775403,3.1530882000006386,kriging_results\s676_tx43\map676_tx43_ratio0_0200.png
s676_tx45,676,45,0.005,253,0.022961361033488392,5.786813920255709,2.9264761701617283,1.5339511000001949,kriging_results\s676_tx45\map676_tx45_ratio0_0050.png
s676_tx45,676,45,0.01,505,0.020353580775174254,5.448301359311779,2.4980994051929737,2.1325605000001815,kriging_results\s676_tx45\map676_tx45_ratio0_0100.png
s676_tx45,676,45,0.02,1010,0.016995503923814288,4.978605718369392,1.9197879890460645,3.1819441999996343,kriging_results\s676_tx45\map676_tx45_ratio0_0200.png
s676_tx66,676,66,0.005,253,0.02227915383415851,5.643015896514287,2.8037997002096167,1.4312423000010313,kriging_results\s676_tx66\map676_tx66_ratio0_0050.png
s676_tx66,676,66,0.01,505,0.020497469129755683,5.412676239358064,2.4482621693699986,2.185461500001111,kriging_results\s676_tx66\map676_tx66_ratio0_0100.png
s676_tx66,676,66,0.02,1010,0.017518511264933964,5.003921932895341,1.869708745568237,3.1851831000003585,kriging_results\s676_tx66\map676_tx66_ratio0_0200.png
s676_tx71,676,71,0.005,253,0.02277503274240763,5.71233029988202,3.053587694923439,1.4621296999994229,kriging_results\s676_tx71\map676_tx71_ratio0_0050.png
s676_tx71,676,71,0.01,505,0.02100730247875872,5.486166100735407,2.6442062576331447,2.1156145999993896,kriging_results\s676_tx71\map676_tx71_ratio0_0100.png
s676_tx71,676,71,0.02,1010,0.01705392338446538,4.943060884215989,1.9021127846431347,3.176818000001731,kriging_results\s676_tx71\map676_tx71_ratio0_0200.png
s676_tx72,676,72,0.005,253,0.024107338532552886,5.499983090179143,2.847995767281113,1.471854400000666,kriging_results\s676_tx72\map676_tx72_ratio0_0050.png
s676_tx72,676,72,0.01,505,0.021885203251083448,5.240370700944662,2.435231455518093,2.0787557999992714,kriging_results\s676_tx72\map676_tx72_ratio0_0100.png
s676_tx72,676,72,0.02,1010,0.01708205718251594,4.629742124458696,1.7305520038851225,3.2096884999991744,kriging_results\s676_tx72\map676_tx72_ratio0_0200.png
s676_tx75,676,75,0.005,253,0.028369664018121604,5.658241890463608,2.684188135513503,1.4784163999993325,kriging_results\s676_tx75\map676_tx75_ratio0_0050.png
s676_tx75,676,75,0.01,505,0.023322011318734823,5.130236738745872,2.334210775150501,2.2058973999992304,kriging_results\s676_tx75\map676_tx75_ratio0_0100.png
s676_tx75,676,75,0.02,1010,0.020788071527992714,4.843524655048128,1.7944607050783863,3.175910699999804,kriging_results\s676_tx75\map676_tx75_ratio0_0200.png
s676_tx77,676,77,0.005,253,0.03027352960093719,5.5989558166519755,2.7876109050114697,1.4547712999992655,kriging_results\s676_tx77\map676_tx77_ratio0_0050.png
s676_tx77,676,77,0.01,505,0.025252036133510694,5.11356417178377,2.339070040295204,2.0892466999994213,kriging_results\s676_tx77\map676_tx77_ratio0_0100.png
s676_tx77,676,77,0.02,1010,0.020584871483097702,4.616890659619401,1.7750918157679287,3.270416400000613,kriging_results\s676_tx77\map676_tx77_ratio0_0200.png
s676_tx78,676,78,0.005,253,0.026400405095941742,5.8432976509704195,3.054804313875611,1.4980610000002343,kriging_results\s676_tx78\map676_tx78_ratio0_0050.png
s676_tx78,676,78,0.01,505,0.02342216632456069,5.503845715566984,2.5947851610346278,2.1098110000002634,kriging_results\s676_tx78\map676_tx78_ratio0_0100.png
s676_tx78,676,78,0.02,1010,0.01682926253120175,4.665361034115934,1.7976141639055594,3.245032799999535,kriging_results\s676_tx78\map676_tx78_ratio0_0200.png
s678_tx01,678,1,0.005,206,0.016003545674854198,5.736422498571239,2.2713808960864896,1.1229201999994984,kriging_results\s678_tx01\map678_tx1_ratio0_0050.png
s678_tx01,678,1,0.01,411,0.009433771558729305,4.404288000636397,1.5078844380613354,1.5534349999998085,kriging_results\s678_tx01\map678_tx1_ratio0_0100.png
s678_tx01,678,1,0.02,822,0.00907417529769032,4.319531229747913,1.3200572615163224,2.281738600000608,kriging_results\s678_tx01\map678_tx1_ratio0_0200.png
s678_tx03,678,3,0.005,206,0.01794071953363853,6.150929995725995,2.5533316288033414,1.1000552000004973,kriging_results\s678_tx03\map678_tx3_ratio0_0050.png
s678_tx03,678,3,0.01,411,0.009782947898162062,4.54209003570868,1.5569247106682031,1.5877094000006764,kriging_results\s678_tx03\map678_tx3_ratio0_0100.png
s678_tx03,678,3,0.02,822,0.009560559015719899,4.49016721012484,1.3741870208475588,2.275838900000963,kriging_results\s678_tx03\map678_tx3_ratio0_0200.png
s678_tx04,678,4,0.005,206,0.02605682310938347,6.123118494536944,2.67904044382407,1.1085093000001507,kriging_results\s678_tx04\map678_tx4_ratio0_0050.png
s678_tx04,678,4,0.01,411,0.014749769626225021,4.606855058909846,1.731079836587721,1.5575499999995372,kriging_results\s678_tx04\map678_tx4_ratio0_0100.png
s678_tx04,678,4,0.02,822,0.013085146623483063,4.3391157862606535,1.4868331815512756,2.271164099998714,kriging_results\s678_tx04\map678_tx4_ratio0_0200.png
s678_tx06,678,6,0.005,206,0.023257561591397996,6.492634238379832,2.9032436377540103,1.0935009000004356,kriging_results\s678_tx06\map678_tx6_ratio0_0050.png
s678_tx06,678,6,0.01,411,0.012839519636976332,4.824066043425228,1.816554028725608,1.5626400000001013,kriging_results\s678_tx06\map678_tx6_ratio0_0100.png
s678_tx06,678,6,0.02,822,0.011369149231726982,4.539445852625146,1.5439287854904298,2.1393494000003557,kriging_results\s678_tx06\map678_tx6_ratio0_0200.png
s678_tx07,678,7,0.005,206,0.012751594792680126,4.168929119783289,1.8629120058522266,1.0667890000004263,kriging_results\s678_tx07\map678_tx7_ratio0_0050.png
s678_tx07,678,7,0.01,411,0.00876260251531262,3.4558812039233393,1.2607396941755082,1.5446087000000261,kriging_results\s678_tx07\map678_tx7_ratio0_0100.png
s678_tx07,678,7,0.02,822,0.00632026561989828,2.93501219250181,0.9155669968274327,2.1897480999996333,kriging_results\s678_tx07\map678_tx7_ratio0_0200.png
s678_tx09,678,9,0.005,206,0.02062163320715014,6.612223555566055,2.724971314799794,1.1148062000011123,kriging_results\s678_tx09\map678_tx9_ratio0_0050.png
s678_tx09,678,9,0.01,411,0.011259286708257404,4.885864717631446,1.6696397840285597,1.584774800001469,kriging_results\s678_tx09\map678_tx9_ratio0_0100.png
s678_tx09,678,9,0.02,822,0.011065131244347793,4.843555523657447,1.4843573551202138,2.2835673000008683,kriging_results\s678_tx09\map678_tx9_ratio0_0200.png
s678_tx15,678,15,0.005,206,0.019423121265601372,6.226772888444524,2.52286398630329,1.083751799998936,kriging_results\s678_tx15\map678_tx15_ratio0_0050.png
s678_tx15,678,15,0.01,411,0.010961559945064668,4.677779003172758,1.514161374849336,1.649202399999922,kriging_results\s678_tx15\map678_tx15_ratio0_0100.png
s678_tx15,678,15,0.02,822,0.011173157102326066,4.722712113882778,1.423729800555391,2.2960000000002765,kriging_results\s678_tx15\map678_tx15_ratio0_0200.png
s678_tx23,678,23,0.005,206,0.02052830296217564,6.602092467553747,2.7041719623050136,1.0967074999989563,kriging_results\s678_tx23\map678_tx23_ratio0_0050.png
s678_tx23,678,23,0.01,411,0.011203163193441166,4.877254399152941,1.661522581413988,1.5457325000006676,kriging_results\s678_tx23\map678_tx23_ratio0_0100.png
s678_tx23,678,23,0.02,822,0.010973457356763444,4.826994611708272,1.4770026509436345,2.273264699999345,kriging_results\s678_tx23\map678_tx23_ratio0_0200.png
s678_tx29,678,29,0.005,206,0.014696286760440849,5.645510264941559,2.264881514462186,1.153114299999288,kriging_results\s678_tx29\map678_tx29_ratio0_0050.png
s678_tx29,678,29,0.01,411,0.008693653035179657,4.342107287599901,1.416944607301006,1.5621671999997488,kriging_results\s678_tx29\map678_tx29_ratio0_0100.png
s678_tx29,678,29,0.02,822,0.00787501096094347,4.132615291898615,1.2054641470509082,2.3735775999994075,kriging_results\s678_tx29\map678_tx29_ratio0_0200.png
s678_tx30,678,30,0.005,206,0.018340280853081245,5.695808845779966,2.540691446168467,1.0869589000012638,kriging_results\s678_tx30\map678_tx30_ratio0_0050.png
s678_tx30,678,30,0.01,411,0.010276010776935069,4.263484634277854,1.6077242738541067,1.578135600000678,kriging_results\s678_tx30\map678_tx30_ratio0_0100.png
s678_tx30,678,30,0.02,822,0.009324824252748956,4.061371801070904,1.3126464175815578,2.2808449000003748,kriging_results\s678_tx30\map678_tx30_ratio0_0200.png
s678_tx33,678,33,0.005,206,0.016654273143056217,5.937049479733078,2.3912363081174464,1.151074500001414,kriging_results\s678_tx33\map678_tx33_ratio0_0050.png
s678_tx33,678,33,0.01,411,0.009043364691671923,4.374947662774944,1.4434441597410825,1.5616568000004918,kriging_results\s678_tx33\map678_tx33_ratio0_0100.png
s678_tx33,678,33,0.02,822,0.008520533530639534,4.24659873491779,1.2348849302052314,2.2607349999998405,kriging_results\s678_tx33\map678_tx33_ratio0_0200.png
s678_tx43,678,43,0.005,206,0.014345017456893816,5.546822021406313,2.255704184878492,1.0875593000000663,kriging_results\s678_tx43\map678_tx43_ratio0_0050.png
s678_tx43,678,43,0.01,411,0.008681760926506675,4.315166912857426,1.445902041335163,1.6181467000005796,kriging_results\s678_tx43\map678_tx43_ratio0_0100.png
s678_tx43,678,43,0.02,822,0.007772425498068513,4.082930302916199,1.2065957651191273,2.3135000000002037,kriging_results\s678_tx43\map678_tx43_ratio0_0200.png
s678_tx47,678,47,0.005,206,0.016389707802698376,5.8379654390083555,2.3607205412581362,1.0739771999997174,kriging_results\s678_tx47\map678_tx47_ratio0_0050.png
s678_tx47,678,47,0.01,411,0.009656467101980626,4.48110439234831,1.5567352369632403,1.5433334999997896,kriging_results\s678_tx47\map678_tx47_ratio0_0100.png
s678_tx47,678,47,0.02,822,0.009050402518914782,4.338203096135326,1.3238630282719743,3.2089285000001837,kriging_results\s678_tx47\map678_tx47_ratio0_0200.png
s678_tx49,678,49,0.005,206,0.015165296887833543,5.722106755067152,2.386595992239133,1.2767641000009462,kriging_results\s678_tx49\map678_tx49_ratio0_0050.png
s678_tx49,678,49,0.01,411,0.00885906986732438,4.373454091490035,1.515132706311436,1.9563128999998298,kriging_results\s678_tx49\map678_tx49_ratio0_0100.png
s678_tx49,678,49,0.02,822,0.008255997581810538,4.2219713459901085,1.287814602428601,2.4149202999997215,kriging_results\s678_tx49\map678_tx49_ratio0_0200.png
s678_tx51,678,51,0.005,206,0.017766453719065007,6.135448164744132,2.511597125720504,1.2217219000012847,kriging_results\s678_tx51\map678_tx51_ratio0_0050.png
s678_tx51,678,51,0.01,411,0.00972574952668562,4.539494155897742,1.5547700231679058,1.757840700000088,kriging_results\s678_tx51\map678_tx51_ratio0_0100.png
s678_tx51,678,51,0.02,822,0.009468373965812255,4.479026418560247,1.3436531627037644,2.5675908000011987,kriging_results\s678_tx51\map678_tx51_ratio0_0200.png
s678_tx58,678,58,0.005,206,0.020976835992065034,6.570003063672205,2.6669837169615622,1.2805489000002126,kriging_results\s678_tx58\map678_tx58_ratio0_0050.png
s678_tx58,678,58,0.01,411,0.012100300353004058,4.989920910630922,1.6581565158520248,1.7658159000002343,kriging_results\s678_tx58\map678_tx58_ratio0_0100.png
s678_tx58,678,58,0.02,822,0.01125585258049684,4.812655634450694,1.4460355310217976,2.430741799998941,kriging_results\s678_tx58\map678_tx58_ratio0_0200.png
s678_tx66,678,66,0.005,206,0.016298370042941754,5.883811158663476,2.439826851221921,1.2762942999997904,kriging_results\s678_tx66\map678_tx66_ratio0_0050.png
s678_tx66,678,66,0.01,411,0.008912384865177553,4.350945163368038,1.5381880392866107,1.6163863000001584,kriging_results\s678_tx66\map678_tx66_ratio0_0100.png
s678_tx66,678,66,0.02,822,0.008383262036097986,4.2198125807109435,1.281154312353832,2.241325400000278,kriging_results\s678_tx66\map678_tx66_ratio0_0200.png
s678_tx67,678,67,0.005,206,0.019755558952024153,6.128990441531506,2.500797128068719,1.1240945999998075,kriging_results\s678_tx67\map678_tx67_ratio0_0050.png
s678_tx67,678,67,0.01,411,0.011716688617157571,4.720051420783409,1.5613166238903176,1.6166991999998572,kriging_results\s678_tx67\map678_tx67_ratio0_0100.png
s678_tx67,678,67,0.02,822,0.011533981777661606,4.68310532144706,1.3973763915724218,2.293542699999307,kriging_results\s678_tx67\map678_tx67_ratio0_0200.png
s678_tx69,678,69,0.005,206,0.012996469487752188,4.493412846151025,1.924420492697631,1.19078509999963,kriging_results\s678_tx69\map678_tx69_ratio0_0050.png
s678_tx69,678,69,0.01,411,0.007775430706969526,3.475568441748426,1.205648162241139,1.5845853999999235,kriging_results\s678_tx69\map678_tx69_ratio0_0100.png
s678_tx69,678,69,0.02,822,0.006414391862877361,3.1567585165348464,0.99643989874468,2.2684771999993245,kriging_results\s678_tx69\map678_tx69_ratio0_0200.png
s678_tx72,678,72,0.005,206,0.01936098962871029,6.236192751104949,2.6192799402493594,1.152821200001199,kriging_results\s678_tx72\map678_tx72_ratio0_0050.png
s678_tx72,678,72,0.01,411,0.010509336239048156,4.594554566497591,1.5266722554899408,1.5904529000017646,kriging_results\s678_tx72\map678_tx72_ratio0_0100.png
s678_tx72,678,72,0.02,822,0.010450712871102755,4.581721901591118,1.3868029472784469,2.2826014000002033,kriging_results\s678_tx72\map678_tx72_ratio0_0200.png
s686_tx02,686,2,0.005,191,0.040368658025102394,6.546735077181366,3.0635020960082207,1.003810499998508,kriging_results\s686_tx02\map686_tx2_ratio0_0050.png
s686_tx02,686,2,0.01,381,0.023223110515033684,4.965497897613181,1.9081988880292815,1.4225495000009687,kriging_results\s686_tx02\map686_tx2_ratio0_0100.png
s686_tx02,686,2,0.02,761,0.022593052581467335,4.897676158721635,1.691825756619387,2.1069400000014866,kriging_results\s686_tx02\map686_tx2_ratio0_0200.png
s686_tx11,686,11,0.005,191,0.02701329170269336,5.6029931442378995,2.4757214447703215,0.9413752999989811,kriging_results\s686_tx11\map686_tx11_ratio0_0050.png
s686_tx11,686,11,0.01,381,0.0230555553986392,5.176296397587282,1.8876871870444418,1.4392580000003363,kriging_results\s686_tx11\map686_tx11_ratio0_0100.png
s686_tx11,686,11,0.02,761,0.02396388828669652,5.27727820276352,1.7971946742374856,2.100684099999853,kriging_results\s686_tx11\map686_tx11_ratio0_0200.png
s686_tx16,686,16,0.005,191,0.03511202922222747,5.2205213099165535,2.308288816835501,1.0049199000004592,kriging_results\s686_tx16\map686_tx16_ratio0_0050.png
s686_tx16,686,16,0.01,381,0.029810079530157244,4.810248129431214,1.7662857360438824,1.414556800000355,kriging_results\s686_tx16\map686_tx16_ratio0_0100.png
s686_tx16,686,16,0.02,761,0.036261649233395525,5.305296892556976,1.729581206994677,1.9777469000000565,kriging_results\s686_tx16\map686_tx16_ratio0_0200.png
s686_tx24,686,24,0.005,191,0.041362350504773916,7.148918345393899,3.0586117543685454,1.0244298999987222,kriging_results\s686_tx24\map686_tx24_ratio0_0050.png
s686_tx24,686,24,0.01,381,0.02409691461744886,5.456553820009492,2.0250278868907072,1.4072257000007085,kriging_results\s686_tx24\map686_tx24_ratio0_0100.png
s686_tx24,686,24,0.02,761,0.022460436547741047,5.268012800974955,1.7368648229290715,2.009168900000077,kriging_results\s686_tx24\map686_tx24_ratio0_0200.png
s686_tx26,686,26,0.005,191,0.053348074650161684,7.636969274299911,3.019713186296621,0.9189313999995647,kriging_results\s686_tx26\map686_tx26_ratio0_0050.png
s686_tx26,686,26,0.01,381,0.02416136623469492,5.139518189905708,1.9418817240931827,1.4103632000005746,kriging_results\s686_tx26\map686_tx26_ratio0_0100.png
s686_tx26,686,26,0.02,761,0.022298791306241048,4.93744550799715,1.7009926151070112,2.020970800000214,kriging_results\s686_tx26\map686_tx26_ratio0_0200.png
s686_tx27,686,27,0.005,191,0.029513927751948055,5.073801637234798,2.186383538665972,1.017851900000096,kriging_results\s686_tx27\map686_tx27_ratio0_0050.png
s686_tx27,686,27,0.01,381,0.025174760317293442,4.6860040096178395,1.7406436951245021,1.3677246000006562,kriging_results\s686_tx27\map686_tx27_ratio0_0100.png
s686_tx27,686,27,0.02,761,0.03002950663496462,5.117926919560124,1.6830248889095993,1.9670513999990362,kriging_results\s686_tx27\map686_tx27_ratio0_0200.png
s686_tx34,686,34,0.005,191,0.03037308535163387,6.630496678048195,2.890992735613348,1.0433489000006375,kriging_results\s686_tx34\map686_tx34_ratio0_0050.png
s686_tx34,686,34,0.01,381,0.02221558071963838,5.670618696309127,2.0922468925806914,1.4646230999987893,kriging_results\s686_tx34\map686_tx34_ratio0_0100.png
s686_tx34,686,34,0.02,761,0.021240021977710032,5.5447132453461805,1.857967431849155,2.056360099999438,kriging_results\s686_tx34\map686_tx34_ratio0_0200.png
s686_tx38,686,38,0.005,191,0.02841928555497983,6.583609428347609,2.9873225527148053,1.0247274000012112,kriging_results\s686_tx38\map686_tx38_ratio0_0050.png
s686_tx38,686,38,0.01,381,0.022016845640251706,5.794754383087812,2.148058760012653,1.4392323000010947,kriging_results\s686_tx38\map686_tx38_ratio0_0100.png
s686_tx38,686,38,0.02,761,0.02164385472017156,5.745459715732854,1.9558159704621925,2.0241257999987283,kriging_results\s686_tx38\map686_tx38_ratio0_0200.png
s686_tx39,686,39,0.005,191,0.031251001059672046,5.369745175614223,2.471157361104517,1.0451536000000488,kriging_results\s686_tx39\map686_tx39_ratio0_0050.png
s686_tx39,686,39,0.01,381,0.02462114652400085,4.766239297421167,1.710201597476914,1.4518970000008267,kriging_results\s686_tx39\map686_tx39_ratio0_0100.png
s686_tx39,686,39,0.02,761,0.030806122904651918,5.331387228415356,1.7204549015962498,2.125554000000193,kriging_results\s686_tx39\map686_tx39_ratio0_0200.png
s686_tx41,686,41,0.005,191,0.03132590198737724,6.747902286720781,2.887408581607132,0.9673543000008067,kriging_results\s686_tx41\map686_tx41_ratio0_0050.png
s686_tx41,686,41,0.01,381,0.022285937532114396,5.691574818574175,2.075312801165587,1.3849145000003773,kriging_results\s686_tx41\map686_tx41_ratio0_0100.png
s686_tx41,686,41,0.02,761,0.021143954794293113,5.543832563230268,1.821833574092028,2.1704678000005515,kriging_results\s686_tx41\map686_tx41_ratio0_0200.png
s686_tx42,686,42,0.005,191,0.027920500870302477,5.864881020741021,2.580300331065595,1.04151020000063,kriging_results\s686_tx42\map686_tx42_ratio0_0050.png
s686_tx42,686,42,0.01,381,0.019941369266748256,4.956499810809766,1.7775137527606177,1.3851385999987542,kriging_results\s686_tx42\map686_tx42_ratio0_0100.png
s686_tx42,686,42,0.02,761,0.020325574262301645,5.004019758687827,1.6301431657387613,2.0748985999998695,kriging_results\s686_tx42\map686_tx42_ratio0_0200.png
s686_tx47,686,47,0.005,191,0.02673861100153331,5.707881781383363,2.556463602795394,1.0033395999998902,kriging_results\s686_tx47\map686_tx47_ratio0_0050.png
s686_tx47,686,47,0.01,381,0.023369085237941074,5.336130009239982,1.9579253346346681,1.459108600000036,kriging_results\s686_tx47\map686_tx47_ratio0_0100.png
s686_tx47,686,47,0.02,761,0.025273075193594542,5.549253775113668,1.881845500610191,2.079374100001587,kriging_results\s686_tx47\map686_tx47_ratio0_0200.png
s686_tx49,686,49,0.005,191,0.025894436949513402,5.97463246136248,2.668332840747808,0.9979523999991216,kriging_results\s686_tx49\map686_tx49_ratio0_0050.png
s686_tx49,686,49,0.01,381,0.022171732131058226,5.528505755771522,2.002775907378629,1.4266378000011173,kriging_results\s686_tx49\map686_tx49_ratio0_0100.png
s686_tx49,686,49,0.02,761,0.02456746431569979,5.819532864513813,1.8874660284415807,2.068360899998879,kriging_results\s686_tx49\map686_tx49_ratio0_0200.png
s686_tx52,686,52,0.005,191,0.029074854638612646,5.626278387320642,2.500923814811155,1.0350524000004953,kriging_results\s686_tx52\map686_tx52_ratio0_0050.png
s686_tx52,686,52,0.01,381,0.023014947285756798,5.005730110605835,1.77324236835976,1.399718100001337,kriging_results\s686_tx52\map686_tx52_ratio0_0100.png
s686_tx52,686,52,0.02,761,0.027537579291657437,5.475519364442264,1.7575836368114657,2.0915325000005396,kriging_results\s686_tx52\map686_tx52_ratio0_0200.png
s686_tx53,686,53,0.005,191,0.02804461355379419,5.86520346679973,2.581898612023653,0.9997830000011163,kriging_results\s686_tx53\map686_tx53_ratio0_0050.png
s686_tx53,686,53,0.01,381,0.02043695037569072,5.006870948094953,1.8489679696964059,1.3416591999994125,kriging_results\s686_tx53\map686_tx53_ratio0_0100.png
s686_tx53,686,53,0.02,761,0.021029260913586725,5.078908092835956,1.726160359326236,2.09080670000003,kriging_results\s686_tx53\map686_tx53_ratio0_0200.png
s686_tx65,686,65,0.005,191,0.036596225022148605,6.627816412801275,2.8736162078897522,0.9685492999997223,kriging_results\s686_tx65\map686_tx65_ratio0_0050.png
s686_tx65,686,65,0.01,381,0.019879710965606055,4.884918843960461,1.750844296669678,1.4012645000002522,kriging_results\s686_tx65\map686_tx65_ratio0_0100.png
s686_tx65,686,65,0.02,761,0.02000921970951158,4.9008047096867156,1.605693101319001,2.1050372000008792,kriging_results\s686_tx65\map686_tx65_ratio0_0200.png
s686_tx70,686,70,0.005,191,0.04376556408186178,7.202156395971929,3.0556944351096034,0.9606005000005098,kriging_results\s686_tx70\map686_tx70_ratio0_0050.png
s686_tx70,686,70,0.01,381,0.022494238100235556,5.163354140813775,1.9349486001374374,1.318360199999006,kriging_results\s686_tx70\map686_tx70_ratio0_0100.png
s686_tx70,686,70,0.02,761,0.021207630330727437,5.013515274769542,1.6940104366508013,2.039106399999582,kriging_results\s686_tx70\map686_tx70_ratio0_0200.png
s686_tx73,686,73,0.005,191,0.036468273875898426,6.3326906425302125,2.7671515197352887,1.017941800000699,kriging_results\s686_tx73\map686_tx73_ratio0_0050.png
s686_tx73,686,73,0.01,381,0.020269294082679332,4.7211736853784085,1.7890996749015737,1.318650900000648,kriging_results\s686_tx73\map686_tx73_ratio0_0100.png
s686_tx73,686,73,0.02,761,0.020166172698770312,4.709148798140783,1.6047835806446853,1.7599221000000398,kriging_results\s686_tx73\map686_tx73_ratio0_0200.png
s686_tx74,686,74,0.005,191,0.025982494946314813,5.990198178094448,2.65467342181212,0.9526084999997693,kriging_results\s686_tx74\map686_tx74_ratio0_0050.png
s686_tx74,686,74,0.01,381,0.023742951311312613,5.726221097791074,2.109964779065567,1.253097599999819,kriging_results\s686_tx74\map686_tx74_ratio0_0100.png
s686_tx74,686,74,0.02,761,0.02507461139084312,5.884612481960149,1.9650940474762084,1.7981885999997758,kriging_results\s686_tx74\map686_tx74_ratio0_0200.png
s686_tx79,686,79,0.005,191,0.027079194148272062,5.81486704368496,2.64882370115423,0.9728615999993053,kriging_results\s686_tx79\map686_tx79_ratio0_0050.png
s686_tx79,686,79,0.01,381,0.022820865922058273,5.338115674607048,1.9447170533269214,1.4075147999992623,kriging_results\s686_tx79\map686_tx79_ratio0_0100.png
s686_tx79,686,79,0.02,761,0.025262383514114826,5.616413639279024,1.8995344242692465,2.0808875000002445,kriging_results\s686_tx79\map686_tx79_ratio0_0200.png
s687_tx03,687,3,0.005,255,0.026221342182130958,5.00803406370221,2.5603838291935137,1.480501699999877,kriging_results\s687_tx03\map687_tx3_ratio0_0050.png
s687_tx03,687,3,0.01,510,0.019239498340425886,4.289796405771839,1.844213657348803,2.1422096000005695,kriging_results\s687_tx03\map687_tx3_ratio0_0100.png
s687_tx03,687,3,0.02,1019,0.016336169742252247,3.9528918124518286,1.3760586831333121,3.413488599999255,kriging_results\s687_tx03\map687_tx3_ratio0_0200.png
s687_tx07,687,7,0.005,255,0.029579369578005294,5.570468621422051,2.8560035602310543,1.5072080999998434,kriging_results\s687_tx07\map687_tx7_ratio0_0050.png
s687_tx07,687,7,0.01,510,0.019416807368546403,4.513216604225152,1.9521109854438112,2.1996135999997932,kriging_results\s687_tx07\map687_tx7_ratio0_0100.png
s687_tx07,687,7,0.02,1019,0.01628038741456372,4.132659556965272,1.4727327853752088,3.2234984999995504,kriging_results\s687_tx07\map687_tx7_ratio0_0200.png
s687_tx10,687,10,0.005,255,0.025077071947788472,5.817207724852881,2.9617355145263313,1.5016488999990543,kriging_results\s687_tx10\map687_tx10_ratio0_0050.png
s687_tx10,687,10,0.01,510,0.020740990676705612,5.290429194683835,2.1431185506116956,2.252303400000528,kriging_results\s687_tx10\map687_tx10_ratio0_0100.png
s687_tx10,687,10,0.02,1019,0.01727558770811334,4.828281362728185,1.6458102651138724,3.2067296000004717,kriging_results\s687_tx10\map687_tx10_ratio0_0200.png
s687_tx13,687,13,0.005,255,0.022319557091324244,5.302438274178887,2.7143769134495708,1.457267400001001,kriging_results\s687_tx13\map687_tx13_ratio0_0050.png
s687_tx13,687,13,0.01,510,0.019966483903337565,5.015146542039298,2.0344041143474043,2.202161999999589,kriging_results\s687_tx13\map687_tx13_ratio0_0100.png
s687_tx13,687,13,0.02,1019,0.016122660482672996,4.5066225688131105,1.5105987126513136,3.1901738999986264,kriging_results\s687_tx13\map687_tx13_ratio0_0200.png
s687_tx24,687,24,0.005,255,0.023745792414907225,5.5588586731993095,2.856107847455812,1.5509872999991785,kriging_results\s687_tx24\map687_tx24_ratio0_0050.png
s687_tx24,687,24,0.01,510,0.019465689590708674,5.033003038645953,1.9630646190753085,2.232250400000339,kriging_results\s687_tx24\map687_tx24_ratio0_0100.png
s687_tx24,687,24,0.02,1019,0.015564441353012248,4.500482336690011,1.4587231055907508,3.3081210999989707,kriging_results\s687_tx24\map687_tx24_ratio0_0200.png
s687_tx31,687,31,0.005,255,0.021293513587536634,5.5296077338086285,2.7542977833518854,1.5119835000004969,kriging_results\s687_tx31\map687_tx31_ratio0_0050.png
s687_tx31,687,31,0.01,510,0.019490786701478025,5.2903614533932695,2.1085292428990083,2.1605434000011883,kriging_results\s687_tx31\map687_tx31_ratio0_0100.png
s687_tx31,687,31,0.02,1019,0.016588460717222257,4.88060552697367,1.5893488714645287,3.267158599999675,kriging_results\s687_tx31\map687_tx31_ratio0_0200.png
s687_tx34,687,34,0.005,255,0.024191291096583214,5.510216420047224,2.911387095278731,1.5727071999990585,kriging_results\s687_tx34\map687_tx34_ratio0_0050.png
s687_tx34,687,34,0.01,510,0.019900465195432163,4.997706507174144,2.010806480236421,2.1862216999998054,kriging_results\s687_tx34\map687_tx34_ratio0_0100.png
s687_tx34,687,34,0.02,1019,0.015519034408925702,4.413381584440214,1.461624487046443,3.2770106000007218,kriging_results\s687_tx34\map687_tx34_ratio0_0200.png
s687_tx36,687,36,0.005,255,0.03178732861421897,5.494367842534526,2.78059399675664,1.5408024000007572,kriging_results\s687_tx36\map687_tx36_ratio0_0050.png
s687_tx36,687,36,0.01,510,0.026483109063866788,5.015049236662779,2.0473329031946768,2.096605400000044,kriging_results\s687_tx36\map687_tx36_ratio0_0100.png
s687_tx36,687,36,0.02,1019,0.020670484211625144,4.430635662715126,1.5395078774639746,3.173350000000937,kriging_results\s687_tx36\map687_tx36_ratio0_0200.png
s687_tx38,687,38,0.005,255,0.019921757141750464,5.0385334909360875,2.4912463653515897,1.467801300001156,kriging_results\s687_tx38\map687_tx38_ratio0_0050.png
s687_tx38,687,38,0.01,510,0.0203792991160838,5.096064897744751,2.07931604066729,2.0938972999992984,kriging_results\s687_tx38\map687_tx38_ratio0_0100.png
s687_tx38,687,38,0.02,1019,0.015411535484320716,4.431627819499006,1.5477528334080748,3.060115500000393,kriging_results\s687_tx38\map687_tx38_ratio0_0200.png
s687_tx47,687,47,0.005,255,0.0216218086040348,5.573433929037868,2.8492358191086535,1.3636533000008058,kriging_results\s687_tx47\map687_tx47_ratio0_0050.png
s687_tx47,687,47,0.01,510,0.01965855744687827,5.314380769536604,2.1932567615992715,2.1464169999999285,kriging_results\s687_tx47\map687_tx47_ratio0_0100.png
s687_tx47,687,47,0.02,1019,0.016262102679627178,4.833538640890938,1.6458489087337516,3.202299700000367,kriging_results\s687_tx47\map687_tx47_ratio0_0200.png
s687_tx49,687,49,0.005,255,0.02686037405787692,5.60136694909335,2.6369022878245856,1.4801967999992485,kriging_results\s687_tx49\map687_tx49_ratio0_0050.png
s687_tx49,687,49,0.01,510,0.017848342841186037,4.566010926132481,1.79316728735001,2.229542600000059,kriging_results\s687_tx49\map687_tx49_ratio0_0100.png
s687_tx49,687,49,0.02,1019,0.015247045112798561,4.220178711054647,1.408245635544531,3.265201000000161,kriging_results\s687_tx49\map687_tx49_ratio0_0200.png
s687_tx51,687,51,0.005,255,0.03185893594465766,5.578024454366399,2.903680472254165,1.4850275999997393,kriging_results\s687_tx51\map687_tx51_ratio0_0050.png
s687_tx51,687,51,0.01,510,0.022548833361887198,4.692743473114388,1.894379948686445,2.098558100000446,kriging_results\s687_tx51\map687_tx51_ratio0_0100.png
s687_tx51,687,51,0.02,1019,0.018178579899147323,4.213516992963722,1.4293948692818275,3.2050730000009935,kriging_results\s687_tx51\map687_tx51_ratio0_0200.png
s687_tx53,687,53,0.005,255,0.01892199956244745,4.397474140763956,2.2533149562631056,1.4773315000002185,kriging_results\s687_tx53\map687_tx53_ratio0_0050.png
s687_tx53,687,53,0.01,510,0.019954087133033205,4.515810696132245,1.8210966932267567,2.1708147000008466,kriging_results\s687_tx53\map687_tx53_ratio0_0100.png
s687_tx53,687,53,0.02,1019,0.014285255095292333,3.820883392069451,1.3040005244930368,3.187561299999288,kriging_results\s687_tx53\map687_tx53_ratio0_0200.png
s687_tx54,687,54,0.005,255,0.031014250835801917,6.106684328248541,3.0274411826238725,1.5230596000001242,kriging_results\s687_tx54\map687_tx54_ratio0_0050.png
s687_tx54,687,54,0.01,510,0.02112791840507755,5.040262840258118,2.0415473015878938,2.2389989999992395,kriging_results\s687_tx54\map687_tx54_ratio0_0100.png
s687_tx54,687,54,0.02,1019,0.01725655627104082,4.555141690751835,1.599407444893055,3.2792959999987943,kriging_results\s687_tx54\map687_tx54_ratio0_0200.png
s687_tx55,687,55,0.005,255,0.029206112181360745,6.16319715143845,2.9317917679079684,1.494850499999302,kriging_results\s687_tx55\map687_tx55_ratio0_0050.png
s687_tx55,687,55,0.01,510,0.019178469332404826,4.9943176827941524,1.963910672156465,2.1101372000011906,kriging_results\s687_tx55\map687_tx55_ratio0_0100.png
s687_tx55,687,55,0.02,1019,0.016216426230586257,4.592474588042814,1.5420535644946072,3.2161073999996006,kriging_results\s687_tx55\map687_tx55_ratio0_0200.png
s687_tx60,687,60,0.005,255,0.030568583104433476,6.236486702289534,2.9843664312618374,1.5394983000005595,kriging_results\s687_tx60\map687_tx60_ratio0_0050.png
s687_tx60,687,60,0.01,510,0.019205063261692457,4.94322326008907,1.9796454144080537,2.2090499000005366,kriging_results\s687_tx60\map687_tx60_ratio0_0100.png
s687_tx60,687,60,0.02,1019,0.01623329433663611,4.54470487186989,1.5389936587603001,3.31114929999967,kriging_results\s687_tx60\map687_tx60_ratio0_0200.png
s687_tx64,687,64,0.005,255,0.031825221546787096,5.771508051884903,2.9732350962348737,1.574999000000389,kriging_results\s687_tx64\map687_tx64_ratio0_0050.png
s687_tx64,687,64,0.01,510,0.022999260889389583,4.906372599776142,2.0000777156991463,2.1301522999983717,kriging_results\s687_tx64\map687_tx64_ratio0_0100.png
s687_tx64,687,64,0.02,1019,0.018564639821334685,4.408053416233347,1.508426463269825,3.319289499999286,kriging_results\s687_tx64\map687_tx64_ratio0_0200.png
s687_tx66,687,66,0.005,255,0.02257917876103042,5.748236565343768,2.9945123721902798,1.5024192000000767,kriging_results\s687_tx66\map687_tx66_ratio0_0050.png
s687_tx66,687,66,0.01,510,0.018808432138787377,5.246345071077143,2.1562512646970173,2.159176600000137,kriging_results\s687_tx66\map687_tx66_ratio0_0100.png
s687_tx66,687,66,0.02,1019,0.01678273008814274,4.955778207070869,1.691631100960754,3.234081700000388,kriging_results\s687_tx66\map687_tx66_ratio0_0200.png
s687_tx74,687,74,0.005,255,0.021720756448053324,5.177903383693912,2.653347989417862,1.5186213999986649,kriging_results\s687_tx74\map687_tx74_ratio0_0050.png
s687_tx74,687,74,0.01,510,0.019531529206082896,4.910035078879992,1.967775996716846,2.2360042999989673,kriging_results\s687_tx74\map687_tx74_ratio0_0100.png
s687_tx74,687,74,0.02,1019,0.01750899739143247,4.6488668696577395,1.472556097056154,3.245398099999875,kriging_results\s687_tx74\map687_tx74_ratio0_0200.png
s687_tx76,687,76,0.005,255,0.026784177154038642,5.013766158928909,2.5680683042096923,1.5730892999999924,kriging_results\s687_tx76\map687_tx76_ratio0_0050.png
s687_tx76,687,76,0.01,510,0.019597615012260393,4.2887084837110825,1.8503202881837684,2.224682900001426,kriging_results\s687_tx76\map687_tx76_ratio0_0100.png
s687_tx76,687,76,0.02,1019,0.016706324114538876,3.959728058937581,1.4139999479266736,3.374665699999241,kriging_results\s687_tx76\map687_tx76_ratio0_0200.png
s694_tx00,694,0,0.005,247,0.02137848018728333,4.019744294464746,1.9037222733556747,1.4411817000000156,kriging_results\s694_tx00\map694_tx0_ratio0_0050.png
s694_tx00,694,0,0.01,494,0.019776621626555444,3.866215464837975,1.6458227259769405,2.03804990000026,kriging_results\s694_tx00\map694_tx0_ratio0_0100.png
s694_tx00,694,0,0.02,988,0.015813638411867923,3.457211152784568,1.1617544999490903,3.1052001000007294,kriging_results\s694_tx00\map694_tx0_ratio0_0200.png
s694_tx03,694,3,0.005,247,0.017921701061017592,4.7719435672869635,2.288892783379765,1.5146631999996316,kriging_results\s694_tx03\map694_tx3_ratio0_0050.png
s694_tx03,694,3,0.01,494,0.016680716054780494,4.603763750171194,1.9075669170305132,2.0974594999988767,kriging_results\s694_tx03\map694_tx3_ratio0_0100.png
s694_tx03,694,3,0.02,988,0.013569794560732696,4.1523344286528125,1.4469510208353713,3.1269099000001006,kriging_results\s694_tx03\map694_tx3_ratio0_0200.png
s694_tx04,694,4,0.005,247,0.018576961002638046,5.529299718594679,2.5043251642928497,1.491775599999528,kriging_results\s694_tx04\map694_tx4_ratio0_0050.png
s694_tx04,694,4,0.01,494,0.016128798447417866,5.152094308419509,2.093376193211583,2.040127600001142,kriging_results\s694_tx04\map694_tx4_ratio0_0100.png
s694_tx04,694,4,0.02,988,0.013429697282051936,4.701277707611355,1.625653397448591,3.1806728999999905,kriging_results\s694_tx04\map694_tx4_ratio0_0200.png
s694_tx14,694,14,0.005,247,0.01979389910417709,5.601236864339491,2.57604821468928,1.4086346000003687,kriging_results\s694_tx14\map694_tx14_ratio0_0050.png
s694_tx14,694,14,0.01,494,0.015097734890924893,4.891861609526221,1.9291692016982445,2.047231599999577,kriging_results\s694_tx14\map694_tx14_ratio0_0100.png
s694_tx14,694,14,0.02,988,0.013607611397126022,4.644181823540976,1.577597540427147,3.0723909999996977,kriging_results\s694_tx14\map694_tx14_ratio0_0200.png
s694_tx15,694,15,0.005,247,0.01755881668691883,5.220852480051973,2.4295073955253628,1.4664260999998078,kriging_results\s694_tx15\map694_tx15_ratio0_0050.png
s694_tx15,694,15,0.01,494,0.015027942995191852,4.829960345819477,1.9569106370570526,2.1496646000014152,kriging_results\s694_tx15\map694_tx15_ratio0_0100.png
s694_tx15,694,15,0.02,988,0.012913217060380714,4.477246636751317,1.47560774347695,3.073928399999204,kriging_results\s694_tx15\map694_tx15_ratio0_0200.png
s694_tx16,694,16,0.005,247,0.025140293900274568,6.436810885351486,2.767847197341208,1.4451874999995198,kriging_results\s694_tx16\map694_tx16_ratio0_0050.png
s694_tx16,694,16,0.01,494,0.014436888738532659,4.877781897580078,2.0077241257162766,2.092707199999495,kriging_results\s694_tx16\map694_tx16_ratio0_0100.png
s694_tx16,694,16,0.02,988,0.01259657108974816,4.556294042743025,1.5372465745644723,3.115487999999459,kriging_results\s694_tx16\map694_tx16_ratio0_0200.png
s694_tx21,694,21,0.005,247,0.01648455492968179,5.454733066647889,2.592338529704736,1.434720200000811,kriging_results\s694_tx21\map694_tx21_ratio0_0050.png
s694_tx21,694,21,0.01,494,0.015070797159779412,5.215584645027566,2.1762314286414783,2.185650599998553,kriging_results\s694_tx21\map694_tx21_ratio0_0100.png
s694_tx21,694,21,0.02,988,0.012068805618961008,4.667314094509057,1.6064542459218485,3.1443725999997696,kriging_results\s694_tx21\map694_tx21_ratio0_0200.png
s694_tx23,694,23,0.005,247,0.020972469019335013,6.086184087209619,2.8225650005184453,1.5507871999998315,kriging_results\s694_tx23\map694_tx23_ratio0_0050.png
s694_tx23,694,23,0.01,494,0.01551073596421241,5.23403352362346,2.282661133004178,2.1692272999989655,kriging_results\s694_tx23\map694_tx23_ratio0_0100.png
s694_tx23,694,23,0.02,988,0.013457727425912247,4.875354037668737,1.748792928103178,3.1120806999988417,kriging_results\s694_tx23\map694_tx23_ratio0_0200.png
s694_tx27,694,27,0.005,247,0.018565858856157275,5.693190128050427,2.4481498683636054,1.4317768000000797,kriging_results\s694_tx27\map694_tx27_ratio0_0050.png
s694_tx27,694,27,0.01,494,0.015003464076218269,5.1179252373332,2.017824033698074,2.1158658000003925,kriging_results\s694_tx27\map694_tx27_ratio0_0100.png
s694_tx27,694,27,0.02,988,0.013176418089615338,4.796195237578004,1.528827705571887,3.134794100000363,kriging_results\s694_tx27\map694_tx27_ratio0_0200.png
s694_tx29,694,29,0.005,247,0.024534553699371662,6.212870489560236,2.7525903530354263,1.4119451999995363,kriging_results\s694_tx29\map694_tx29_ratio0_0050.png
s694_tx29,694,29,0.01,494,0.015298658292539888,4.906026525349694,2.0262202278259016,2.113984800000253,kriging_results\s694_tx29\map694_tx29_ratio0_0100.png
s694_tx29,694,29,0.02,988,0.013399878797480037,4.591490163478345,1.5833221181728376,3.121370900000329,kriging_results\s694_tx29\map694_tx29_ratio0_0200.png
s694_tx37,694,37,0.005,247,0.015901562015997454,5.359330297041443,2.480150223242057,1.5042276000003767,kriging_results\s694_tx37\map694_tx37_ratio0_0050.png
s694_tx37,694,37,0.01,494,0.014574799859790575,5.130880828185651,2.0332319556589558,2.0910642000017106,kriging_results\s694_tx37\map694_tx37_ratio0_0100.png
s694_tx37,694,37,0.02,988,0.011974872715622309,4.650782998163934,1.5812439282039583,3.0982352000009996,kriging_results\s694_tx37\map694_tx37_ratio0_0200.png
s694_tx43,694,43,0.005,247,0.018924544218200494,5.274789496884104,2.4367744539475575,1.4861366000004637,kriging_results\s694_tx43\map694_tx43_ratio0_0050.png
s694_tx43,694,43,0.01,494,0.015919374180843028,4.837883553970131,1.937483475673758,2.0912640999995347,kriging_results\s694_tx43\map694_tx43_ratio0_0100.png
s694_tx43,694,43,0.02,988,0.01449784503994106,4.616832761027915,1.4808013033988614,3.100946300000942,kriging_results\s694_tx43\map694_tx43_ratio0_0200.png
s694_tx58,694,58,0.005,247,0.0241659901823118,5.3722480129188765,2.3794386155969156,1.4970279999997729,kriging_results\s694_tx58\map694_tx58_ratio0_0050.png
s694_tx58,694,58,0.01,494,0.017774044899048186,4.607304322185283,1.9619398167303561,2.1540527000015572,kriging_results\s694_tx58\map694_tx58_ratio0_0100.png
s694_tx58,694,58,0.02,988,0.015114477642323538,4.248643925502479,1.5015942415645052,3.049618200000623,kriging_results\s694_tx58\map694_tx58_ratio0_0200.png
s694_tx60,694,60,0.005,247,0.024049208073757895,5.736338125905792,2.5973596975553925,1.448319500001162,kriging_results\s694_tx60\map694_tx60_ratio0_0050.png
s694_tx60,694,60,0.01,494,0.01702842065072595,4.826935930403145,1.9932662488691753,2.164057399999365,kriging_results\s694_tx60\map694_tx60_ratio0_0100.png
s694_tx60,694,60,0.02,988,0.014428183123451462,4.443141782224317,1.5450171952850864,3.1184838000008313,kriging_results\s694_tx60\map694_tx60_ratio0_0200.png
s694_tx66,694,66,0.005,247,0.015369908175695534,5.189013926350432,2.3597736584327724,1.4989955999990343,kriging_results\s694_tx66\map694_tx66_ratio0_0050.png
s694_tx66,694,66,0.01,494,0.01500104435931832,5.126370044476351,2.005741207803877,2.0976183999991918,kriging_results\s694_tx66\map694_tx66_ratio0_0100.png
s694_tx66,694,66,0.02,988,0.012023370424000241,4.589467678728319,1.5251728006541145,3.0986924000008003,kriging_results\s694_tx66\map694_tx66_ratio0_0200.png
s694_tx67,694,67,0.005,247,0.01762128856351886,5.608099439146004,2.416563376913543,1.4671693999989657,kriging_results\s694_tx67\map694_tx67_ratio0_0050.png
s694_tx67,694,67,0.01,494,0.015089099729359805,5.189536164100145,1.9859514306783579,2.114995399999316,kriging_results\s694_tx67\map694_tx67_ratio0_0100.png
s694_tx67,694,67,0.02,988,0.013068816593069124,4.829642767485555,1.5464165515437467,3.1782129000002897,kriging_results\s694_tx67\map694_tx67_ratio0_0200.png
s694_tx70,694,70,0.005,247,0.019479219448384037,5.014357763737013,2.467484206528822,1.5125416999999288,kriging_results\s694_tx70\map694_tx70_ratio0_0050.png
s694_tx70,694,70,0.01,494,0.017277991643426593,4.7225457857168545,2.0137237136411708,2.113533899999311,kriging_results\s694_tx70\map694_tx70_ratio0_0100.png
s694_tx70,694,70,0.02,988,0.013774408274959557,4.216635113598082,1.543291360886173,3.2027064000012615,kriging_results\s694_tx70\map694_tx70_ratio0_0200.png
s694_tx74,694,74,0.005,247,0.017535617428330718,5.454361231207293,2.345124483282422,1.5189054000002216,kriging_results\s694_tx74\map694_tx74_ratio0_0050.png
s694_tx74,694,74,0.01,494,0.014646640754677738,4.984853260121405,1.9184636909713022,2.0311074999990524,kriging_results\s694_tx74\map694_tx74_ratio0_0100.png
s694_tx74,694,74,0.02,988,0.012903258854471685,4.6787848174637805,1.5112551837466373,3.1700870000004215,kriging_results\s694_tx74\map694_tx74_ratio0_0200.png
s694_tx75,694,75,0.005,247,0.016445372041447692,5.513108620613567,2.5295795281766753,1.443019299998923,kriging_results\s694_tx75\map694_tx75_ratio0_0050.png
s694_tx75,694,75,0.01,494,0.014432570567767054,5.164717124026926,2.012684818759074,2.1536059999998542,kriging_results\s694_tx75\map694_tx75_ratio0_0100.png
s694_tx75,694,75,0.02,988,0.012707409235711684,4.846220845567204,1.5930816727061743,3.1439742000002298,kriging_results\s694_tx75\map694_tx75_ratio0_0200.png
s694_tx76,694,76,0.005,247,0.023845324752364675,5.46241422966966,2.5043101897743227,1.4760817000005773,kriging_results\s694_tx76\map694_tx76_ratio0_0050.png
s694_tx76,694,76,0.01,494,0.018055469236254597,4.753214437292214,2.0516096353627495,2.110808100000213,kriging_results\s694_tx76\map694_tx76_ratio0_0100.png
s694_tx76,694,76,0.02,988,0.014909323008695321,4.31928612995306,1.5038003508010322,3.1545831999992515,kriging_results\s694_tx76\map694_tx76_ratio0_0200.png
